simulation,subject,group_id,question_id,source_file,source_exam,source_question,answer,answer_source,difficulty,solution_status,shared_context,pages,question_text
simulacro-1,Lectura Crítica,LEC-reading2026-main-04-05,reading2026:main:04,16-feb-cuadernillo-de-preguntas-lectura-critica-saber-11-2026.pdf,,4,B,official,Media,enhanced_guided,True,assets/pages/16-feb-cuadernillo-de-preguntas-lectura-critica-saber-1/p008.jpg | assets/pages/16-feb-cuadernillo-de-preguntas-lectura-critica-saber-1/p009.jpg,"8 RESPONDE LAS PREGUNTAS 4 Y 5 DE ACUERDO CON LA SIGUIENTE INFORMACIÓN Instinto en lugar de lógica Cuando llega la hora de poner sus huevos, la avispa Sphex construye una pequeña madriguera para este propósito y sale en la búsqueda de un grillo al cual pica de manera tal que lo paraliza, pero no lo mata. La avispa lleva al grillo a su madriguera, deja sus huevos, cierra la madriguera y luego se va para no volver. Pasado un tiempo, los huevos crecen y la cría de la avispa se alimenta del grillo paralizado que no se descompone debido a que ha permanecido congelado. Para la mente humana, tal rutina tan organizada y aparentemente llena de propósitos lleva consigo un sabor de lógica y de pensamiento. O por lo menos esto es así hasta que conocemos más detalles. Por ejemplo, la rutina de la avispa consiste en llevar al grillo hacia la madriguera, dejarlo en la entrada, ir adentro a revisar que todo esté bien, salir y luego dejar el grillo adentro. Si, mientras la avispa está dentro de la madriguera haciendo su inspección preliminar, el grillo es movido algunos centímetros de la entrada, entonces la avispa, al salir de la madriguera, volverá a dejar al grillo de nuevo en la entrada, pero no adentro, y repetirá el procedimiento preparatorio de entrar a la madriguera a revisar que todo esté bien. Si, de nuevo, el grillo es movido unos centímetros de la entrada, la avispa llevará otra vez al grillo hacia la entrada y volverá a entrar a la madriguera para revisarla. La avispa nunca piensa en llevar al grillo directamente a su madriguera. En una ocasión, este procedimiento fue repetido cuarenta veces, siempre con el mismo resultado. Tomado y adaptado de: Woolridge, Dean E. (1963). The Machinery of the Brain, New York: McGraw-Hill, pp. 82-83. Pregunta 4 ¿Cuál de las siguientes citas refuerza la idea de que el comportamiento de la avispa Sphex no resulta de un proceso de pensamiento racional? A. “La avispa lleva al grillo a su madriguera, deja sus huevos, cierra la madriguera y luego se va para no volver”. B. “La avispa nunca piensa en llevar al grillo directamente a su madriguera. En una ocasión, este procedimiento fue repetido cuarenta veces, siempre con el mismo resultado”. C. “Para la mente humana, tal rutina tan organizada y aparentemente llena de propósitos lleva consigo un sabor de lógica y de pensamiento”. D. “Por ejemplo, la rutina de la avispa consiste en llevar al grillo hacia la madriguera, dejarlo en la entrada, ir adentro a revisar que todo esté bien, salir y luego dejar el grillo adentro”."
simulacro-1,Lectura Crítica,LEC-reading2026-main-04-05,reading2026:main:05,16-feb-cuadernillo-de-preguntas-lectura-critica-saber-11-2026.pdf,,5,A,official,Media,enhanced_guided,True,assets/pages/16-feb-cuadernillo-de-preguntas-lectura-critica-saber-1/p008.jpg | assets/pages/16-feb-cuadernillo-de-preguntas-lectura-critica-saber-1/p009.jpg,"9 Pregunta 5 ¿Cuál de los siguientes enunciados sintetiza el tema principal del texto? A. El comportamiento aparentemente inteligente de la avispa Sphex. B. El papel de los grillos en la alimentación de las avispas Sphex. C. La avispa Sphex como un caso que prueba la inteligencia animal. D. Los métodos de crianza y las precauciones de las avispas Sphex. RESPONDE LAS PREGUNTAS 6 A 8 DE ACUERDO CON EL SIGUIENTE CONTEXTO Máxima emergencia LLAMAR A EMERGENCIAS Informar el lugar del accidente, el número de víctimas, qué les pasó y los síntomas 107 Capital Federal 911/107 Provincia POSICIONAR A LA VÍCTIMA Si está boca abajo, girarla boca arriba. CHEQUEAR SI RESPIRA SI NO RESPIRA HACER RESPIRACIÓN BOCA A BOCA TOMAR EL PULSO SI NO TIENE PULSO HACER MASAJE CARDÍACO SI NO RESPIRA NI TIENE PULSO Elevar el mentón con una mano. Con una mano tapar la nariz y extender la cabeza. Con la otra elevar el mentón. Alternar 2 soplos y 15 compresiones. Efectuar 4 series y chequear si respira y tiene pulso. Controlar cada pocos minutos. Con la otra mano extender la cabeza. Ubicarla en posición de recuperación. Sellar una boca con otra y soplar. Apoyar la otra mano encima Soplar durante dos segundos y dejar salir el aire. Repetir la maniobra dos veces. Acercar el oído a la boca de la víctima, mirar el pecho, escuchar y sentir si respira. Comprimir el tórax entre 4 y 5 cm en forma rítmica 15 veces. SI RESPIRA PASAR AL PASO 5 P E D I R A Y U D A R E A N I M A C I Ó N P U L M O N A R R E A N I M A C I Ó N C A R D Í A CA Fue nte: Aso ciac ión Met rop olit ana de M edi cin a d el De po rte / Co nse jo Nac ion al de Res ucit ació n. I nve stig aci ón: St ella Bi n. I nfo gra fía: PA ULA SI MO NET TI p ara Clar ín SI LA VÍCTIMA REACCIONA Buscar el eje del esternón, colocar el talón de la mano sobre el tórax, dos dedos por encima de la unión de las costillas."
simulacro-1,Lectura Crítica,LEC-reading2026-main-09-10,reading2026:main:09,16-feb-cuadernillo-de-preguntas-lectura-critica-saber-11-2026.pdf,,9,A,official,Media,enhanced_guided,True,assets/pages/16-feb-cuadernillo-de-preguntas-lectura-critica-saber-1/p011.jpg | assets/pages/16-feb-cuadernillo-de-preguntas-lectura-critica-saber-1/p012.jpg,"Pregunta 9 En el fragmento del texto: ""Si llego tarde a casa, sobre el pálido desierto de la mesa lucirá, con suerte, el laguito rojo de un tomate cortado al medio"", ¿para qué se utilizan las expresiones ""pálido desierto de la mesa"" y ""laguito rojo de un tomate""? A. Para resaltar el poco esfuerzo de Diego en la cocina. B. Para explicar por qué Diego no se esforzó en la cocina. C. Para justificar el poco esfuerzo de Diego en la cocina. D. Para ilustrar el buen trabajo de Diego en la cocina."
simulacro-1,Lectura Crítica,LEC-reading2026-main-09-10,reading2026:main:10,16-feb-cuadernillo-de-preguntas-lectura-critica-saber-11-2026.pdf,,10,A,official,Fácil,enhanced_guided,True,assets/pages/16-feb-cuadernillo-de-preguntas-lectura-critica-saber-1/p011.jpg | assets/pages/16-feb-cuadernillo-de-preguntas-lectura-critica-saber-1/p012.jpg,"12 Pregunta 10 En el texto, ¿por qué la narradora finge enojarse cuando Diego le dice que es una buena ama de casa? A. Porque no quiere ser catalogada como ama de casa. B. Porque no es cierto que sea una buena ama de casa. C. Porque no le gusta que la comparen con su mamá. D. Porque no siente afecto por las mujeres que son amas de casa."
simulacro-1,Lectura Crítica,LEC-reading2026-main-11-12,reading2026:main:11,16-feb-cuadernillo-de-preguntas-lectura-critica-saber-11-2026.pdf,,11,C,official,Media,enhanced_guided,True,assets/pages/16-feb-cuadernillo-de-preguntas-lectura-critica-saber-1/p013.jpg | assets/pages/16-feb-cuadernillo-de-preguntas-lectura-critica-saber-1/p014.jpg,"13 RESPONDE LAS PREGUNTAS 11 Y 12 DE ACUERDO CON LA SIGUIENTE INFORMACIÓN Tratado contra el método El conocimiento no consiste en una serie de teorías autoconsistentes que tiende a converger en una perspectiva ideal; no consiste en un acercamiento gradual hacia la verdad. Por el contrario, el conocimiento es un océano, siempre en aumento, de alternativas incompatibles entre sí (y tal vez inconmensurables); toda teoría particular, todo cuento de hadas, todo mito, forman parte del conjunto que obliga al resto a una articulación mayor, y todos ellos contribuyen, por medio de este proceso competitivo, al desarrollo de nuestro conocimiento. No hay nada establecido para siempre, ningún punto de vista puede quedar omitido en una explicación comprehensiva (...). Expertos y profanos, profesionales y diletantes, forjadores de utopías y mentirosos, todos ellos están invitados a participar en el debate y a contribuir al enriquecimiento de la cultura. La tarea del científico no ha de ser por más tiempo “la búsqueda de la verdad”, o “la glorificación de dios”, o “la sistematización de las observaciones” o “el perfeccionamiento de predicciones”. Todas estas cosas no son más que efectos marginales de una actividad a la que se dirige ahora su atención y que consiste en “hacer de la causa más débil la causa más fuerte”, como dijo el sofista, “por ello en apoyar el movimiento de conjunto”. Tomado y adaptado de: Paul Feyerabend (1986). Tratado contra el método. Madrid,: Técnos, pp.14-15. Pregunta 11 ¿Cuál de las siguientes opciones describe mejor la relación entre el contenido del texto y el título? A. El texto introduce la propuesta de un nuevo método para la investigación científica, diferente del tradicional. B. El texto ataca diferentes ideas a propósito de qué es aquello en lo que consiste el llamado “método científico”. C. El texto crítica concepciones del conocimiento científico, el cual se ha concebido como resultado de un método. D. El texto argumenta a favor de la pluralidad de métodos disponibles para que cada ciencia alcance sus verdades."
simulacro-1,Lectura Crítica,LEC-reading2026-main-13-13,reading2026:main:13,16-feb-cuadernillo-de-preguntas-lectura-critica-saber-11-2026.pdf,,13,D,official,Fácil,enhanced_guided,False,assets/pages/16-feb-cuadernillo-de-preguntas-lectura-critica-saber-1/p015.jpg,"15 Tomado de: http://www.pinterest.com/pin/256001560040423950/ RESPONDE LA PREGUNTA 13 DE ACUERDO CON LA SIGUIENTE INFORMACIÓN Pregunta 13 En la historieta, el niño intenta justificar el alto precio de la limonada recurriendo a: A. Argumentos absurdos pero consistentes. B. Un modelo económico fiel a la realidad. C. Una ley de mercado que no existe. D. Su propia versión de la economía."
simulacro-1,Lectura Crítica,LEC-reading2026-main-14-14,reading2026:main:14,16-feb-cuadernillo-de-preguntas-lectura-critica-saber-11-2026.pdf,,14,B,official,Fácil,enhanced_guided,False,assets/pages/16-feb-cuadernillo-de-preguntas-lectura-critica-saber-1/p016.jpg,"16 Quino. (2011). Tomado de LITERATURA+TECNOLOGÍA+JÓVENES. Recuperado el 29 de enero de 2014, de http://literatura-tecnologia-jovenes.blogspot.com.co/p/quino-y-la-cultura-mediatica.html - LLEGÓ HABLANDO DE COSAS MUY RARAS,...BONDAD, AMOR, TOLERANCIA, CARIDAD, CUANDO AQUI LO QUE NECESITAMOS ES SEGURIDAD, CASA, PAN Y TRABAJO. PERO LO QUE NOS HIZO SOSPECHAR ENSEGUIDA DE ÉL ES QUE NO RECORDAMOS HABERLO VISTO SIQUIERA UNA VEZ EN TELEVISIÓN. RESPONDE LA PREGUNTA 14 DE ACUERDO CON LA SIGUIENTE INFORMACIÓN Pregunta 14 ¿Cuál de los siguientes enunciados describe mejor la caricatura? A. El pueblo hace justicia por su propia mano. B. El linchamiento de un ángel. C. Entrevista con el asesino. D. Un ángel bajó del cielo."
simulacro-1,Lectura Crítica,LEC-reading2026-main-15-16,reading2026:main:15,16-feb-cuadernillo-de-preguntas-lectura-critica-saber-11-2026.pdf,,15,B,official,Fácil,enhanced_guided,True,assets/pages/16-feb-cuadernillo-de-preguntas-lectura-critica-saber-1/p017.jpg,"RESPONDE LAS PREGUNTAS 15 Y 16 DE ACUERDO CON LA SIGUIENTE INFORMACIÓN Gran Hermano 1984 es una novela futurista que tiene lugar en una sociedad totalitaria. Los ciudadanos de esta sociedad son controlados por una figura omnipresente conocida como el Gran Hermano. En el siguiente apartado, un miembro defensor del orden le explica al protagonista el principal propósito del régimen. No habrá lealtad; no existirá más fidelidad que la que se debe al Partido, ni más amor que el amor al Gran Hermano. No habrá risa, excepto la risa triunfal cuando se derrota a un enemigo. No habrá arte, ni literatura, ni ciencia. No habrá ya distinción entre la belleza y la fealdad. Todos los placeres serán destruidos. Pero siempre, no lo olvides, Winston, siempre habrá el afán de poder, la sed de dominio, que aumentará constantemente y se hará cada vez más sutil. Siempre existirá la emoción de la victoria, la sensación de pisotear a un enemigo indefenso. Si quieres hacerte una idea de cómo será el futuro, figúrate una bota aplastando un rostro humano... incesantemente. Tomado y adaptado de: Orwell, George. 1984. Barcelona: Ediciones Destino. 2008. Pregunta 15 Teniendo en cuenta la información que brinda el texto, ¿cuál de las siguientes afirmaciones es compatible con las políticas del Partido? A. El pueblo debe mantenerse unido. B. La individualidad debe ser eliminada. C. El poder está en ser fiel a uno mismo. D. Un pueblo ignorante es más poderoso."
simulacro-1,Lectura Crítica,LEC-reading2026-main-15-16,reading2026:main:16,16-feb-cuadernillo-de-preguntas-lectura-critica-saber-11-2026.pdf,,16,D,official,Fácil,enhanced_guided,True,assets/pages/16-feb-cuadernillo-de-preguntas-lectura-critica-saber-1/p017.jpg,"17 Pregunta 16 En el texto, la frase “figúrate una bota aplastando un rostro humano…incesantemente” A. explica los planes para el futuro del régimen. B. ejemplifica las ideas transmitidas al pueblo. C. expone el verdadero propósito del sistema de gobierno. D. ilustra las condiciones de los ciudadanos bajo el régimen."
simulacro-1,Lectura Crítica,LEC-reading2026-main-17-18,reading2026:main:17,16-feb-cuadernillo-de-preguntas-lectura-critica-saber-11-2026.pdf,,17,B,official,Media,enhanced_guided,True,assets/pages/16-feb-cuadernillo-de-preguntas-lectura-critica-saber-1/p018.jpg | assets/pages/16-feb-cuadernillo-de-preguntas-lectura-critica-saber-1/p019.jpg,"Pregunta 17 En el fragmento tomado del texto: “Las fotografías son la prueba irrecusable de que se hizo la excursión, se cumplió el programa, se gozó del viaje”, ¿cuál de las siguientes palabras es un sinónimo de la palabra ‘irrecusable’? A. Inminente. B. Concluyente. C. Irremplazable. D. Cuestionable."
simulacro-1,Lectura Crítica,LEC-reading2026-main-17-18,reading2026:main:18,16-feb-cuadernillo-de-preguntas-lectura-critica-saber-11-2026.pdf,,18,B,official,Media,enhanced_guided,True,assets/pages/16-feb-cuadernillo-de-preguntas-lectura-critica-saber-1/p018.jpg | assets/pages/16-feb-cuadernillo-de-preguntas-lectura-critica-saber-1/p019.jpg,"19 Pregunta 18 Considere el siguiente resumen del texto: “La autora analiza la relación entre el turismo y la fotografía, teniendo en cuenta que los cosmopolitas ven en sus viajes al acto de fotografiar como una necesidad. Según ella, ese acto acaba por convertirse en una práctica trivial con la que solo se busca mitigar la desorientación general que causan los viajes. Así, la fotografía se convierte para los cosmopolitas japoneses, estadounidenses y alemanes en una especie de reemplazo del trabajo al que están acostumbrados”. El anterior resumen se puede describir como inadecuado porque A. expone ideas contrarias a las afirmaciones principales del texto. B. se centra en un tipo particular de turistas y no en los turistas en general. C. omite el tono irónico y burlón con que la autora se refiere al arte de la fotografía. D. se detiene en presentar información en extremo detallada y secundaria del texto."
simulacro-1,Lectura Crítica,LEC-reading2026-main-19-20,reading2026:main:19,16-feb-cuadernillo-de-preguntas-lectura-critica-saber-11-2026.pdf,,19,C,official,Media,enhanced_guided,True,assets/pages/16-feb-cuadernillo-de-preguntas-lectura-critica-saber-1/p020.jpg | assets/pages/16-feb-cuadernillo-de-preguntas-lectura-critica-saber-1/p021.jpg,"Pregunta 19 De acuerdo con el texto, se puede afirmar que la descripción de los indios de Ibagué hecha por Aguado corresponde a A. un periodo anterior a la llegada de los españoles al continente americano, pues presenta a los indígenas en una situación de “salvajismo” absoluto. B. el proceso de fundación de la ciudad colonial de Ibagué, pues la dinámica de colonización consistía en fundar las ciudades y luego someter a los indígenas de la zona. C. la etapa de “conquista” de los territorios que se anexarían a la colonia neogranadina, pues la descripción es parte de un relato de una campaña militar. D. un periodo histórico indeterminado, pues el texto no ofrece información cronológica que permita identificar el momento que corresponde a la descripción."
simulacro-1,Lectura Crítica,LEC-reading2026-main-19-20,reading2026:main:20,16-feb-cuadernillo-de-preguntas-lectura-critica-saber-11-2026.pdf,,20,B,official,Fácil,enhanced_guided,True,assets/pages/16-feb-cuadernillo-de-preguntas-lectura-critica-saber-1/p020.jpg | assets/pages/16-feb-cuadernillo-de-preguntas-lectura-critica-saber-1/p021.jpg,"21 Pregunta 20 De acuerdo a su contenido, ¿qué otro título podría ajustarse al texto? A. Civilización y barbarie en la colonización española. B. Fray Pedro de Aguado y la construcción retórica del indígena. C. El canibalismo ritual en la crónica de fray Pedro de Aguado. D. La influencia de los autores clásicos en los cronistas neogranadinos: el caso de Aguado."
simulacro-2,Lectura Crítica,LEC-reading2026-main-23-23,reading2026:main:23,16-feb-cuadernillo-de-preguntas-lectura-critica-saber-11-2026.pdf,,23,C,official,Fácil,enhanced_guided,False,assets/pages/16-feb-cuadernillo-de-preguntas-lectura-critica-saber-1/p024.jpg,"24 RESPONDE LA PREGUNTA 23 DE ACUERDO CON LA SIGUIENTE INFORMACIÓN » Las filosofías comienzan en filosofía y acaban en retórica. (59) » La filosofía es actitud solitaria. » La adhesión de cualquier muchedumbre a una doctrina la convierte en mitología. (110) » Los sistemas filosóficos difieren los unos de los otros menos en la manera de resolver que en la manera de escamotear los problemas. (117) » Los que se ocupan de filosofía no la tomarían tan en serio, si generalmente no vivieran de ella como profesión. (130) » En filosofía lo que no sea fragmento es estafa. (162) Tomado de: Gómez Dávila, N.(1992). Sucesivos escolios a un texto implícito. Bogotá: Instituto Caro y Cuervo. Pregunta 23 De acuerdo con el enunciado “Los sistemas filosóficos difieren los unos de los otros menos en la manera de resolver que en la manera de escamotear los problemas”, ¿cuál es la principal diferencia entre un sistema filosófico y otro? A. La manera de plantear los problemas. B. La manera de resolver los problemas. C. La manera de esquivar los problemas. D. La manera de burlarse de los problemas."
simulacro-2,Lectura Crítica,LEC-reading2026-main-25-25,reading2026:main:25,16-feb-cuadernillo-de-preguntas-lectura-critica-saber-11-2026.pdf,,25,B,official,Fácil,enhanced_guided,False,assets/pages/16-feb-cuadernillo-de-preguntas-lectura-critica-saber-1/p026.jpg,"27 Pregunta 25 Teniendo en cuenta los planteamientos dados en la historieta, ¿cuál de los siguientes enunciados contradice la tesis central del texto? A. No todo se divide entre lo que depende y lo que no depende de nosotros. B. Alejarnos de alguien no depende de nosotros mismos. C. La mente de un filósofo funciona de la misma manera que su cuerpo. D. El juicio y el deseo no dependen de nosotros. RESPONDE LAS PREGUNTAS 26 A 28 DE ACUERDO CON LA SIGUIENTE INFORMACIÓN La historia del arte A mucha gente le gusta ver en los cuadros lo que también le gustaría ver en la realidad. Se trata de una preferencia perfectamente comprensible. A todos nos atrae lo bello en la naturaleza y agradecemos a los artistas que lo recojan en sus obras. Esos mismos artistas no nos censurarían por nuestros gustos. Cuando el gran artista flamenco Rubens dibujó a su hijo, estaba orgulloso de sus agradables acciones y deseaba que también nosotros admiráramos al pequeño. Pero esta inclinación a los temas bonitos y atractivos puede convertirse en nociva si nos conduce a rechazar obras que representan asuntos menos agradables. El gran pintor alemán Alberto Durero seguramente dibujó a su madre con tanta devoción y cariño como Rubens a su hijo. Su verista estudio de la vejez y la decrepitud puede producirnos tan viva impresión que nos haga apartar los ojos de él y, sin embargo, si reaccionamos contra esta primera aversión, quedaremos recompensados con creces, pues el dibujo de Durero, en su tremenda sinceridad, es una gran obra. En efecto, de pronto descubrimos que la hermosura de un cuadro no reside realmente en la belleza de su tema. No sé si los golfillos que el pintor español Murillo se complacía en pintar eran estrictamente bellos o no, pero tal como fueron pintados por él, poseen desde luego gran encanto. Tomado de: Gombrich, E. H. (2003). La historia del arte. Madrid: Random House Mondadori."
simulacro-1,Lectura Crítica,LEC-reading2026-main-29-33,reading2026:main:29,16-feb-cuadernillo-de-preguntas-lectura-critica-saber-11-2026.pdf,,29,A,official,Media,enhanced_guided,True,assets/pages/16-feb-cuadernillo-de-preguntas-lectura-critica-saber-1/p029.jpg | assets/pages/16-feb-cuadernillo-de-preguntas-lectura-critica-saber-1/p030.jpg | assets/pages/16-feb-cuadernillo-de-preguntas-lectura-critica-saber-1/p031.jpg,"Pregunta 29 ¿Cuál de las siguientes afirmaciones contradice las ideas que presenta el autor? A. Algunas personas actúan justamente a pesar de poder actuar de manera injusta. B. La injusticia, contrariamente a la justicia, es natural en el ser humano. C. Actuar con justicia brinda menos ventajas que hacerlo con injusticia. D. La injusticia, contrariamente a la justicia, se comete voluntariamente."
simulacro-1,Lectura Crítica,LEC-reading2026-main-29-33,reading2026:main:30,16-feb-cuadernillo-de-preguntas-lectura-critica-saber-11-2026.pdf,,30,B,official,Difícil,enhanced_guided,True,assets/pages/16-feb-cuadernillo-de-preguntas-lectura-critica-saber-1/p029.jpg | assets/pages/16-feb-cuadernillo-de-preguntas-lectura-critica-saber-1/p030.jpg | assets/pages/16-feb-cuadernillo-de-preguntas-lectura-critica-saber-1/p031.jpg,"Pregunta 30 De los siguientes enunciados, ¿cuál presenta un supuesto subyacente a la afirmación “Todo hombre piensa que la injusticia le brinda más ventajas individuales que la justicia, y está en lo cierto, si habla de acuerdo con esta teoría”? A. La injusticia brinda las mismas ventajas individuales que la justicia. B. La justicia, al igual que la injusticia, brinda ventajas individuales. C. La injusticia, a diferencia de la justicia, brinda pocas ventajas individuales. D. La justicia no brinda ninguna de las ventajas individuales que la injusticia brinda."
simulacro-1,Lectura Crítica,LEC-reading2026-main-29-33,reading2026:main:31,16-feb-cuadernillo-de-preguntas-lectura-critica-saber-11-2026.pdf,,31,D,official,Difícil,enhanced_guided,True,assets/pages/16-feb-cuadernillo-de-preguntas-lectura-critica-saber-1/p029.jpg | assets/pages/16-feb-cuadernillo-de-preguntas-lectura-critica-saber-1/p030.jpg | assets/pages/16-feb-cuadernillo-de-preguntas-lectura-critica-saber-1/p031.jpg,"30 Pregunta 31 ¿Cuál de las siguientes afirmaciones constituye una razón a favor de la tesis principal del texto anterior, a saber, que cuando alguien actúa justamente lo hace por obligación y no voluntariamente? A. La gente se ve obligada a actuar justamente. B. Solo la igualdad garantiza el respeto por la ley. C. La injusticia brinda las mismas ventajas individuales que la justicia. D. Siempre que una persona cuente con la libertad para cometer injusticias lo hará."
simulacro-1,Lectura Crítica,LEC-reading2026-main-29-33,reading2026:main:32,16-feb-cuadernillo-de-preguntas-lectura-critica-saber-11-2026.pdf,,32,B,official,Media,enhanced_guided,True,assets/pages/16-feb-cuadernillo-de-preguntas-lectura-critica-saber-1/p029.jpg | assets/pages/16-feb-cuadernillo-de-preguntas-lectura-critica-saber-1/p030.jpg | assets/pages/16-feb-cuadernillo-de-preguntas-lectura-critica-saber-1/p031.jpg,"Pregunta 32 ¿Cuál de las siguientes afirmaciones sintetiza adecuadamente las ideas contenidas en el primer párrafo del texto? A. El que alguien sea justo es un deber que se deriva de la conciencia moral que tienen todos los hombres. B. El que alguien sea justo resulta de una imposición, pues toda persona sin las restricciones y exigencias de la ley buscará satisfacer sus deseos. C. La justicia es una ilusión, ya que lo natural es que una persona busque cumplir sus deseos y alcanzar sus intereses, sin reparar en la igualdad que exige la ley. D. La justicia es un ideal inalcanzable, ya que toda persona, por más justa que aparente ser, tiene intereses propios que pueden llevarla a cometer injusticias."
simulacro-1,Lectura Crítica,LEC-reading2026-main-29-33,reading2026:main:33,16-feb-cuadernillo-de-preguntas-lectura-critica-saber-11-2026.pdf,,33,B,official,Media,enhanced_guided,True,assets/pages/16-feb-cuadernillo-de-preguntas-lectura-critica-saber-1/p029.jpg | assets/pages/16-feb-cuadernillo-de-preguntas-lectura-critica-saber-1/p030.jpg | assets/pages/16-feb-cuadernillo-de-preguntas-lectura-critica-saber-1/p031.jpg,"31 Pregunta 33 Dada la estructura del texto anterior, ¿qué propósito general tiene el autor al introducir el relato sobre el anillo de Giges, y cómo lo alcanza? A. Promover en la audiencia la idea de que es más ventajoso seguir el camino de la injusticia. El caso de Giges muestra cómo obtuvo beneficios gracias al comportamiento injusto que le posibilitó el anillo. B. Convencer a la audiencia de que todo hombre cometerá injusticias cuando tenga la oportunidad. Así lo hizo Giges una vez descubrió el poder que le otorgaba el anillo. C. Reforzar en la audiencia la idea de que todos cometemos injusticias. El caso de Giges ilustra cómo las personas aparentemente justas en realidad cometen grandes injusticias. D. Persuadir a la audiencia de que actuar justamente requiere mucha fuerza de voluntad. En el caso de Giges, la tentación derivada del poder del anillo doblegó su voluntad."
simulacro-1,Lectura Crítica,LEC-reading2026-main-34-41,reading2026:main:34,16-feb-cuadernillo-de-preguntas-lectura-critica-saber-11-2026.pdf,,34,C,official,Difícil,enhanced_guided,True,assets/pages/16-feb-cuadernillo-de-preguntas-lectura-critica-saber-1/p032.jpg | assets/pages/16-feb-cuadernillo-de-preguntas-lectura-critica-saber-1/p033.jpg | assets/pages/16-feb-cuadernillo-de-preguntas-lectura-critica-saber-1/p034.jpg | assets/pages/16-feb-cuadernillo-de-preguntas-lectura-critica-saber-1/p035.jpg,"Pregunta 34 Para el autor, el amor o el enamoramiento son A. la base fundamental del matrimonio y de la familia. B. una atracción que amenaza al respeto y la solidaridad debida a la familia. C. unas ideas vinculadas recientemente al matrimonio y la familia. D. unos sentimientos irracionales que contradicen el deber ser del matrimonio."
simulacro-1,Lectura Crítica,LEC-reading2026-main-34-41,reading2026:main:35,16-feb-cuadernillo-de-preguntas-lectura-critica-saber-11-2026.pdf,,35,D,official,Difícil,enhanced_guided,True,assets/pages/16-feb-cuadernillo-de-preguntas-lectura-critica-saber-1/p032.jpg | assets/pages/16-feb-cuadernillo-de-preguntas-lectura-critica-saber-1/p033.jpg | assets/pages/16-feb-cuadernillo-de-preguntas-lectura-critica-saber-1/p034.jpg | assets/pages/16-feb-cuadernillo-de-preguntas-lectura-critica-saber-1/p035.jpg,"Pregunta 35 En el Fragmento tomado del texto: ""Que el matrimonio no se basara en el amor no quiere decir que las personas no se enamoraran. Sin embargo, en algunas culturas se trata de algo incompatible con el matrimonio"", ¿qué función cumple el conector ""Sin embargo""? A. Introducir un nuevo tema de reflexión. B. Negar información suministrada previamente. C. Agregar nuevos detalles acerca de lo dicho anteriormente. D. Contrastar la información anterior sin llegar a invalidarla."
simulacro-1,Lectura Crítica,LEC-reading2026-main-34-41,reading2026:main:36,16-feb-cuadernillo-de-preguntas-lectura-critica-saber-11-2026.pdf,,36,C,official,Difícil,enhanced_guided,True,assets/pages/16-feb-cuadernillo-de-preguntas-lectura-critica-saber-1/p032.jpg | assets/pages/16-feb-cuadernillo-de-preguntas-lectura-critica-saber-1/p033.jpg | assets/pages/16-feb-cuadernillo-de-preguntas-lectura-critica-saber-1/p034.jpg | assets/pages/16-feb-cuadernillo-de-preguntas-lectura-critica-saber-1/p035.jpg,"33 Pregunta 36 La palabra “dote” utilizada en el segundo párrafo del texto, puede remplazarse, sin que se modifique el sentido de lo dicho por: A. Ahorros de la futura esposa B. Dinero de los familiares C. Aporte patrimonial D. Ceremonia matrimonial"
simulacro-1,Lectura Crítica,LEC-reading2026-main-34-41,reading2026:main:37,16-feb-cuadernillo-de-preguntas-lectura-critica-saber-11-2026.pdf,,37,D,official,Difícil,enhanced_guided,True,assets/pages/16-feb-cuadernillo-de-preguntas-lectura-critica-saber-1/p032.jpg | assets/pages/16-feb-cuadernillo-de-preguntas-lectura-critica-saber-1/p033.jpg | assets/pages/16-feb-cuadernillo-de-preguntas-lectura-critica-saber-1/p034.jpg | assets/pages/16-feb-cuadernillo-de-preguntas-lectura-critica-saber-1/p035.jpg,"Pregunta 37 En el texto, ¿qué función cumple el tercer párrafo? A. Presentar un paralelo entre las concepciones del amor y el matrimonio en la China tradicional y en Occidente. B. Demuestrar que en China el enamoramiento entre esposos era una amenaza al respeto y la solidaridad de la familia. C. Sintetizar las razones por las cuales en algunas culturas el enamoramiento y el matrimonio se consideran incompatibles. D. Proveer un ejemplo de como la asociación entre el amor y el matrimonio no es algo propio de todos los tiempos y culturas."
simulacro-1,Lectura Crítica,LEC-reading2026-main-34-41,reading2026:main:38,16-feb-cuadernillo-de-preguntas-lectura-critica-saber-11-2026.pdf,,38,B,official,Difícil,enhanced_guided,True,assets/pages/16-feb-cuadernillo-de-preguntas-lectura-critica-saber-1/p032.jpg | assets/pages/16-feb-cuadernillo-de-preguntas-lectura-critica-saber-1/p033.jpg | assets/pages/16-feb-cuadernillo-de-preguntas-lectura-critica-saber-1/p034.jpg | assets/pages/16-feb-cuadernillo-de-preguntas-lectura-critica-saber-1/p035.jpg,"34 Pregunta 38 De acuerdo con el texto, ¿cuál de los siguientes enunciados apoya la idea de que el amor maduro y sincero no siempre ha sido considerado como la base de la familia? A. En los años 50 se produjo una marcada distinción entre los roles masculino y femenino en la familia. B. La idea del amor como la razón que ha de llevar al matrimonio surgió con el movimiento romántico en el siglo XVIII. C. Ambos miembros de la pareja deben poner mucho empeño para que el matrimonio se sostenga. D. El matrimonio se consolidó en el siglo XIX como la principal forma de institucionalización del amor conyugal."
simulacro-1,Lectura Crítica,LEC-reading2026-main-34-41,reading2026:main:39,16-feb-cuadernillo-de-preguntas-lectura-critica-saber-11-2026.pdf,,39,A,official,Difícil,enhanced_guided,True,assets/pages/16-feb-cuadernillo-de-preguntas-lectura-critica-saber-1/p032.jpg | assets/pages/16-feb-cuadernillo-de-preguntas-lectura-critica-saber-1/p033.jpg | assets/pages/16-feb-cuadernillo-de-preguntas-lectura-critica-saber-1/p034.jpg | assets/pages/16-feb-cuadernillo-de-preguntas-lectura-critica-saber-1/p035.jpg,"Pregunta 39 De acuerdo con el texto, ¿cuál de los siguientes ejemplos ilustra la idea de la familia como una institución política y económica? A. En la Edad Media la mujer aportaba una dote en el momento de casarse. B. Entre los fulbes africanos es común que las mujeres nieguen amar a sus maridos. C. En los siglos XVIII y XIX cambió la idea sobre cuál es la base que sostiene la familia. D. En la sociedad china solo hasta la década de 1920 se acuñó un término para designar el cariño entre esposos."
simulacro-1,Lectura Crítica,LEC-reading2026-main-34-41,reading2026:main:40,16-feb-cuadernillo-de-preguntas-lectura-critica-saber-11-2026.pdf,,40,B,official,Difícil,enhanced_guided,True,assets/pages/16-feb-cuadernillo-de-preguntas-lectura-critica-saber-1/p032.jpg | assets/pages/16-feb-cuadernillo-de-preguntas-lectura-critica-saber-1/p033.jpg | assets/pages/16-feb-cuadernillo-de-preguntas-lectura-critica-saber-1/p034.jpg | assets/pages/16-feb-cuadernillo-de-preguntas-lectura-critica-saber-1/p035.jpg,"Pregunta 40 De acuerdo con el texto, ¿qué implicación sobre el matrimonio entre los fulbes africanos puede derivarse a partir de lo dicho por el autor? A. Que en esa comunidad no sucede que haya amor entre esposos. B. Que en esa comunidad el amor no es una condición necesaria para el matrimonio. C. Que las mujeres de esa comunidad sienten temor a enamorarse de sus esposos. D. Que las mujeres de esa comunidad no ven su amor correspondido por sus esposos."
simulacro-1,Lectura Crítica,LEC-reading2026-main-34-41,reading2026:main:41,16-feb-cuadernillo-de-preguntas-lectura-critica-saber-11-2026.pdf,,41,C,official,Difícil,enhanced_guided,True,assets/pages/16-feb-cuadernillo-de-preguntas-lectura-critica-saber-1/p032.jpg | assets/pages/16-feb-cuadernillo-de-preguntas-lectura-critica-saber-1/p033.jpg | assets/pages/16-feb-cuadernillo-de-preguntas-lectura-critica-saber-1/p034.jpg | assets/pages/16-feb-cuadernillo-de-preguntas-lectura-critica-saber-1/p035.jpg,"35 Pregunta 41 De acuerdo con el texto, ¿qué se puede concluir acerca del matrimonio? A. Que es una institución que tiene únicamente propósitos económicos y políticos. B. Que es la base de la familia en culturas tan diversas y complejas como las nuestras. C. Que es una institución que varía dependiendo del contexto histórico y social. D. Que es un pacto entre dos individuos que debe basarse en el amor y la confianza."
simulacro-1,Lectura Crítica,EXT-reading2026-42-49,reading2026:42,16-feb-cuadernillo-de-preguntas-lectura-critica-saber-11-2026.pdf,,42,A,official,Media,enhanced_guided,True,assets/pages/expanded/reading2026/p036.jpg | assets/pages/expanded/reading2026/p037.jpg | assets/pages/expanded/reading2026/p038.jpg | assets/pages/expanded/reading2026/p039.jpg,"Pregunta 42 Según la infografía, “los países de ingresos medios solo tienen la mitad de los vehículos existentes en el mundo y, a pesar de eso, sufren el 80 % de las muertes por accidente de tránsito”. En este enunciado, ¿qué función cumple la conjunción ‘a pesar de’? A. Resaltar que el índice de muertes por accidente de tránsito en países de ingresos medios es bastante elevado dadas sus condiciones particulares. B. Oponer el alto número de vehículos en países de ingresos medios frente al bajo porcentaje de muertes por accidente de tránsito. C. Aclarar que el alto índice de muertes por accidente de tránsito en países de ingresos medios está estrechamente relacionado con el número de autos. D. Señalar que el índice de muertes por accidente de tránsito en países de ingresos medios puede ser aún más alto de lo dicen las cifras oficiales."
simulacro-1,Lectura Crítica,EXT-reading2026-42-49,reading2026:43,16-feb-cuadernillo-de-preguntas-lectura-critica-saber-11-2026.pdf,,43,C,official,Media,enhanced_guided,True,assets/pages/expanded/reading2026/p036.jpg | assets/pages/expanded/reading2026/p037.jpg | assets/pages/expanded/reading2026/p038.jpg | assets/pages/expanded/reading2026/p039.jpg,"37 Pregunta 43 Si alguien lee la infografía y hace la siguiente descripción: «La infografía muestra datos sobre la frecuencia de los accidentes de tránsito en el mundo, y ejemplos relacionados. Además, informa sobre la mortalidad por género, por ingresos, por número de vehículos, por tipo de vehículo y por ubicación regional.» Usted diría que la descripción es insatisfactoria porque: A. Pasa por alto información esencial contenida en la infografía. B. El orden de su contenido no corresponde con el de la infografía. C. Expone información que no está presente en la infografía. D. Omite evidencias que sustentan la información de la infografía."
simulacro-1,Lectura Crítica,EXT-reading2026-42-49,reading2026:44,16-feb-cuadernillo-de-preguntas-lectura-critica-saber-11-2026.pdf,,44,D,official,Fácil,enhanced_guided,True,assets/pages/expanded/reading2026/p036.jpg | assets/pages/expanded/reading2026/p037.jpg | assets/pages/expanded/reading2026/p038.jpg | assets/pages/expanded/reading2026/p039.jpg,"Pregunta 44 De acuerdo con la información presentada sobre el porcentaje de muertes por tipo de vehículo, se puede afirmar que es más probable que alguien que haya muerto por accidente de tránsito hubiera estado desplazándose A. a pie. B. en moto. C. en bicicleta. D. en otro tipo de vehículo."
simulacro-1,Lectura Crítica,EXT-reading2026-42-49,reading2026:45,16-feb-cuadernillo-de-preguntas-lectura-critica-saber-11-2026.pdf,,45,C,official,Media,enhanced_guided,True,assets/pages/expanded/reading2026/p036.jpg | assets/pages/expanded/reading2026/p037.jpg | assets/pages/expanded/reading2026/p038.jpg | assets/pages/expanded/reading2026/p039.jpg,"Pregunta 45 ¿Qué se puede inferir de la información que presenta la infografía en el cuadro inferior izquierdo, sobre la cantidad relativa de muertes por accidentes de tránsito en función de la región? A. Cuáles son los países donde menos se utilizan vehículos motorizados. B. Cuáles zonas tienen el mismo número de muertes por accidente. C. Cuál es el riesgo de morir en un accidente de tránsito según la zona geográfica. D. Cuáles son las zonas geográficas en donde se requiere un mejoramiento de las vías."
simulacro-1,Lectura Crítica,EXT-reading2026-42-49,reading2026:46,16-feb-cuadernillo-de-preguntas-lectura-critica-saber-11-2026.pdf,,46,C,official,Media,enhanced_guided,True,assets/pages/expanded/reading2026/p036.jpg | assets/pages/expanded/reading2026/p037.jpg | assets/pages/expanded/reading2026/p038.jpg | assets/pages/expanded/reading2026/p039.jpg,"38 Pregunta 46 A partir de las gráficas sobre la relación entre el número de vehículos y el número de muertes en accidentes de tránsito se puede inferir que, comparada con la población de los países de ingresos medios, la de los países de ingresos altos A. tiene más vehículos por persona. B. usa menos el vehículo particular. C. es más educada en materia vial. D. está más expuesta a multas de tránsito."
simulacro-1,Lectura Crítica,EXT-reading2026-42-49,reading2026:47,16-feb-cuadernillo-de-preguntas-lectura-critica-saber-11-2026.pdf,,47,A,official,Fácil,enhanced_guided,True,assets/pages/expanded/reading2026/p036.jpg | assets/pages/expanded/reading2026/p037.jpg | assets/pages/expanded/reading2026/p038.jpg | assets/pages/expanded/reading2026/p039.jpg,"Pregunta 47 A propósito del cuadro que presenta la información según la cual 3 de 4 de los fallecidos en accidentes de tránsito son del sexo masculino, se puede afirmar que las figuras que acompañan el texto A. ilustran la información presentada. B. profundizan la información dada. C. proporcionan información adicional. D. ejemplifican la información descrita."
simulacro-1,Lectura Crítica,EXT-reading2026-42-49,reading2026:48,16-feb-cuadernillo-de-preguntas-lectura-critica-saber-11-2026.pdf,,48,A,official,Fácil,enhanced_guided,True,assets/pages/expanded/reading2026/p036.jpg | assets/pages/expanded/reading2026/p037.jpg | assets/pages/expanded/reading2026/p038.jpg | assets/pages/expanded/reading2026/p039.jpg,"Pregunta 48 A partir de la información presentada, se puede afirmar que el autor de la infografía tiene como propósito A. sensibilizar al espectador sobre los riesgos de morir en un accidente de tránsito. B. incentivar al espectador a que use formas de movilidad alternas al automóvil. C. conmover al espectador presentando datos sobre el número de accidentes de tránsito. D. sensibilizar al espectador acerca de la necesidad de manejar sobrio y despacio."
simulacro-1,Lectura Crítica,EXT-eva2020-reading1-01-04,eva2020-reading1:01,guia-lecturacritica-11-1.pdf,Evaluar para Avanzar 2020 - Cuadernillo 1,1,D,official,Media,official_explained,True,assets/pages/expanded/eva2020-reading1/eva2020-reading1-01-04-01.jpg | assets/pages/expanded/eva2020-reading1/eva2020-reading1-01-04-02.jpg,"¿Cuál es la relación argumentativa entre los dos enunciados del texto que se presentan a continuación? “Debido a la inmensidad y profundidad de los océanos, hasta hace poco se creía que podrían ser utilizados para verter basura y sustancias químicas en cantidades ilimitadas sin que esto tuviera consecuencias importantes”. “Estudios recientes demuestran que la degradación, especialmente en las zonas costeras, se ha acelerado notablemente en los últimos tres siglos”. A. Premisa/evidencia. B. Introducción/descripción. C. Antecedente/fundamento. D. Conjetura/contraevidencia."
simulacro-1,Lectura Crítica,EXT-eva2020-reading1-01-04,eva2020-reading1:02,guia-lecturacritica-11-1.pdf,Evaluar para Avanzar 2020 - Cuadernillo 1,2,A,official,Fácil,official_explained,True,assets/pages/expanded/eva2020-reading1/eva2020-reading1-01-04-01.jpg | assets/pages/expanded/eva2020-reading1/eva2020-reading1-01-04-02.jpg,¿Cuál de los siguientes enunciados puede considerarse la antítesis del argumento central del texto? A. La respuesta al problema de la contaminación es la dilución. B. Las iniciativas dirigidas a la protección marítima son casi inexistentes. C. Los océanos han sido contaminados por los humanos durante miles de años. D. Los humanos han comenzado a advertir la insostenibilidad de la filosofía de la dilución.
simulacro-1,Lectura Crítica,EXT-eva2020-reading1-01-04,eva2020-reading1:03,guia-lecturacritica-11-1.pdf,Evaluar para Avanzar 2020 - Cuadernillo 1,3,C,official,Fácil,official_explained,True,assets/pages/expanded/eva2020-reading1/eva2020-reading1-01-04-01.jpg | assets/pages/expanded/eva2020-reading1/eva2020-reading1-01-04-02.jpg,El enunciado “Los científicos han descubierto 400 zonas muertas con estas características por todo el planeta” A. refuerza la postura de aquellos que promueven la ideología de la “dilución”. B. controvierte la tesis sobre el incremento alarmante de la contaminación marítima. C. apoya el argumento de la contaminación marítima a causa de la actividad humana. D. refuta la creencia popular de que la contaminación marítima es un fenómeno reciente.
simulacro-1,Lectura Crítica,EXT-eva2020-reading1-01-04,eva2020-reading1:04,guia-lecturacritica-11-1.pdf,Evaluar para Avanzar 2020 - Cuadernillo 1,4,A,official,Fácil,official_explained,True,assets/pages/expanded/eva2020-reading1/eva2020-reading1-01-04-01.jpg | assets/pages/expanded/eva2020-reading1/eva2020-reading1-01-04-02.jpg,"¿Qué recurso emplean los autores del texto para reforzar su tesis principal? A. Evidencia científica. B. Un estudio de caso. C. Datos gubernamentales. D. Investigaciones propias. RESPONDA LAS PREGUNTAS 5 A 8 DE ACUERDO CON LA SIGUIENTE INFORMACIÓN Por qué nuestra mente es más conocida que el cuerpo. Por otra parte, para saber que conocemos nuestra mente no sólo antes y más ciertamente, sino también más evidentemente que el cuerpo, hay que observar que es evidente por luz natural que no hay afecciones o cualidades de la nada; y por tanto donde quiera que observemos algunas, debe hallarse necesariamente una cosa o una sustancia a la que pertenezcan. Y cuantas más observemos en esa cosa o sustancia, tanto más claramente la conoceremos. Y es evidente que observamos más en nuestra mente que en ninguna otra cosa, porque todo lo que nos permite conocer algo nos lleva también con mucha mayor certeza al conocimiento de nuestra mente. Como cuando juzgo que existe la tierra, porque la toco o la veo: con más razón debo juzgar, por eso mismo, que existe mi mente, pues es posible, quizá, que juzgue que toco la tierra aunque no haya tierra, pero no es posible que yo juzgue esto y que mi mente, que lo juzga, no sea nada; y así en lo demás. Tomado de: Descartes, R. Sobre los principios de la ﬁlosofía."
simulacro-1,Lectura Crítica,EXT-eva2020-reading1-05-08,eva2020-reading1:05,guia-lecturacritica-11-1.pdf,Evaluar para Avanzar 2020 - Cuadernillo 1,5,D,official,Fácil,official_explained,True,assets/pages/expanded/eva2020-reading1/eva2020-reading1-05-08-01.jpg,"Cuando el autor afirma “es posible, quizá, que juzgue que toco la tierra aunque no haya tierra, pero no es posible que yo juzgue esto y que mi mente, que lo juzga, no sea nada”, pretende A. probar que no hay certeza sobre la existencia de la mente. B. señalar que no hay certeza de la existencia de la tierra. C. mostrar que es posible equivocarse en un juicio. D. demostrar la existencia de quien juzga."
simulacro-1,Lectura Crítica,EXT-eva2020-reading1-05-08,eva2020-reading1:06,guia-lecturacritica-11-1.pdf,Evaluar para Avanzar 2020 - Cuadernillo 1,6,A,official,Fácil,official_explained,True,assets/pages/expanded/eva2020-reading1/eva2020-reading1-05-08-01.jpg,"La afirmación “no hay afecciones o cualidades de la nada” permite A. sostener que si observamos algunas cualidades, entonces existe algo a lo que pertenecen. B. afirmar que aunque existe una sustancia no podemos conocer sus cualidades. C. sostener que si existe una sustancia, entonces podemos observar sus cualidades. D. demostrar que si conocemos algo, entonces existen sus cualidades."
simulacro-1,Lectura Crítica,EXT-eva2020-reading1-05-08,eva2020-reading1:07,guia-lecturacritica-11-1.pdf,Evaluar para Avanzar 2020 - Cuadernillo 1,7,B,official,Fácil,official_explained,True,assets/pages/expanded/eva2020-reading1/eva2020-reading1-05-08-01.jpg,"De acuerdo con los argumentos expuestos por Descartes, nuestra mente existe porque A. cuanto más observemos una cosa, más claramente la conoceremos. B. no es posible que yo juzgue algo y que mi mente, que lo juzga, no sea nada. C. no existen los cuerpos, aunque los toque y los vea. D. conocemos nuestra mente más ciertamente que el cuerpo."
simulacro-1,Lectura Crítica,EXT-eva2020-reading1-05-08,eva2020-reading1:08,guia-lecturacritica-11-1.pdf,Evaluar para Avanzar 2020 - Cuadernillo 1,8,C,official,Fácil,official_explained,True,assets/pages/expanded/eva2020-reading1/eva2020-reading1-05-08-01.jpg,"Con la expresión “luz natural”, el autor se refiere a una A. facultad de la nada. B. cualidad del cuerpo. C. facultad de la mente. D. cualidad divina."
simulacro-2,Lectura Crítica,EXT-eva2020-reading1-09-12,eva2020-reading1:09,guia-lecturacritica-11-1.pdf,Evaluar para Avanzar 2020 - Cuadernillo 1,9,A,official,Fácil,official_explained,True,assets/pages/expanded/eva2020-reading1/eva2020-reading1-09-12-01.jpg,"Cuando Mafalda pregunta de quién es el discurso que hay que masticar “pero no hay que tragárselo”, quiere decir que el discurso debe A. analizarse pero no hay que creerlo. B. aprobarse pero no hay que admitirlo. C. criticarse pero hay que creerlo. D. aprobarse pero hay que reformularlo."
simulacro-2,Lectura Crítica,EXT-eva2020-reading1-09-12,eva2020-reading1:10,guia-lecturacritica-11-1.pdf,Evaluar para Avanzar 2020 - Cuadernillo 1,10,D,official,Fácil,official_explained,True,assets/pages/expanded/eva2020-reading1/eva2020-reading1-09-12-01.jpg,La expresión en la cara del padre al oír la pregunta de Mafalda se debe a que A. no está de acuerdo con lo que dice Mafalda. B. no entendió lo que Mafalda quería decir. C. le disgustó que Mafalda lo interrumpiera tan súbitamente. D. no esperaba la interpretación que hizo Mafalda de sus palabras.
simulacro-2,Lectura Crítica,EXT-eva2020-reading1-09-12,eva2020-reading1:11,guia-lecturacritica-11-1.pdf,Evaluar para Avanzar 2020 - Cuadernillo 1,11,A,official,Fácil,official_explained,True,assets/pages/expanded/eva2020-reading1/eva2020-reading1-09-12-01.jpg,¿Cuál de las siguientes afirmaciones describe un supuesto implícito en el cómic? A. Los discursos de los políticos son engañosos. B. Los chicles son malos para la salud de los niños. C. Los padres no entienden a sus hijos. D. Los discursos de los políticos son difíciles.
simulacro-2,Lectura Crítica,EXT-eva2020-reading1-09-12,eva2020-reading1:12,guia-lecturacritica-11-1.pdf,Evaluar para Avanzar 2020 - Cuadernillo 1,12,A,official,Fácil,official_explained,True,assets/pages/expanded/eva2020-reading1/eva2020-reading1-09-12-01.jpg,Con este cómic el autor pretende A. criticar la manera como los políticos hacen sus discursos. B. llamar la atención sobre cómo debemos tomar los discursos políticos. C. mostrar la relación entre comer chicle y los discursos de los políticos. D. disuadir a las personas de escuchar los discursos de los políticos.
simulacro-2,Lectura Crítica,EXT-eva2020-reading1-13-16,eva2020-reading1:13,guia-lecturacritica-11-1.pdf,Evaluar para Avanzar 2020 - Cuadernillo 1,13,C,official,Fácil,official_explained,True,assets/pages/expanded/eva2020-reading1/eva2020-reading1-13-16-01.jpg,"De las siguientes razones, ¿cuál NO explica el desasosiego del personaje? A. La insatisfacción con su vida en general. B. El terreno agreste en el que se encuentra. C. Los negocios pendientes con Abdul Bashur. D. La creencia de haber tomado malas decisiones."
simulacro-2,Lectura Crítica,EXT-eva2020-reading1-13-16,eva2020-reading1:14,guia-lecturacritica-11-1.pdf,Evaluar para Avanzar 2020 - Cuadernillo 1,14,D,official,Fácil,official_explained,True,assets/pages/expanded/eva2020-reading1/eva2020-reading1-13-16-01.jpg,"La narración ocurre en A. una cueva de iguanas. B. un navío en el río Bósforo. C. un lugar desértico lejos del mar. D. una embarcación, en algún río."
simulacro-2,Lectura Crítica,EXT-eva2020-reading1-13-16,eva2020-reading1:15,guia-lecturacritica-11-1.pdf,Evaluar para Avanzar 2020 - Cuadernillo 1,15,B,official,Fácil,official_explained,True,assets/pages/expanded/eva2020-reading1/eva2020-reading1-13-16-01.jpg,"El autor utiliza A. eufemismos, para expresar el disgusto del narrador sin ofender al lector. B. reflexiones, para presentar la experiencia y el estado de ánimo del narrador. C. juegos de palabras, para asociar conceptos y recalcar el hastío del narrador. D. redundancias, para generar un tono triste y sombrío en el discurso del narrador."
simulacro-2,Lectura Crítica,EXT-eva2020-reading1-13-16,eva2020-reading1:16,guia-lecturacritica-11-1.pdf,Evaluar para Avanzar 2020 - Cuadernillo 1,16,B,official,Fácil,official_explained,True,assets/pages/expanded/eva2020-reading1/eva2020-reading1-13-16-01.jpg,La narración ocurre durante A. una temporada de artera mudanza. B. un periodo de monotonía de la selva. C. un viaje hacia una zona selvática. D. una época lejana en Valencia y Toulon.
simulacro-2,Lectura Crítica,EXT-eva2020-reading1-17-20,eva2020-reading1:17,guia-lecturacritica-11-1.pdf,Evaluar para Avanzar 2020 - Cuadernillo 1,17,A,official,Fácil,official_explained,True,assets/pages/expanded/eva2020-reading1/eva2020-reading1-17-20-01.jpg | assets/pages/expanded/eva2020-reading1/eva2020-reading1-17-20-02.jpg,"¿Cuál de los siguientes fragmentos sería la continuación más coherente del texto en términos de estilo y contenido? A. “Pero los indios no solo persistieron sino que se hicieron tan hábiles en la manipulación de los diferentes ingredientes que los chamanes desarrollaron individualmente docenas de recetas”. B. “Ingeridos oralmente, sin embargo, estos potentes compuestos no producen ningún efecto, pues una enzima propia del intestino humano, la monoamina oxidaza (MAO), los neutraliza”. C. “En el caso del curare, Schultes descubrió que la corteza raspada se coloca debajo de una hoja en forma de embudo, colgada entre dos lanzas”. D. “Los indios tenían, como es natural, sus propias explicaciones, ricos relatos cosmológicos que desde su punto de vista eran perfectamente lógicos”."
simulacro-2,Lectura Crítica,EXT-eva2020-reading1-17-20,eva2020-reading1:18,guia-lecturacritica-11-1.pdf,Evaluar para Avanzar 2020 - Cuadernillo 1,18,B,official,Fácil,official_explained,True,assets/pages/expanded/eva2020-reading1/eva2020-reading1-17-20-01.jpg | assets/pages/expanded/eva2020-reading1/eva2020-reading1-17-20-02.jpg,"El autor concluye que A. la ciencia tradicional es infalible, pero no es suficiente para explicar las prácticas indígenas que giran en torno al yagé. B. el tanteo no es una explicación adecuada para dar cuenta del origen de las complejas preparaciones del yagé. C. el vómito y la diarrea que produce el yagé prueban que el tanteo no explica el origen del uso de esta planta. D. las teorías de Schultes sobre el origen de las complejas preparaciones del yagé eran acertadas, pero insuficientes."
simulacro-2,Lectura Crítica,EXT-eva2020-reading1-17-20,eva2020-reading1:19,guia-lecturacritica-11-1.pdf,Evaluar para Avanzar 2020 - Cuadernillo 1,19,B,official,Fácil,official_explained,True,assets/pages/expanded/eva2020-reading1/eva2020-reading1-17-20-01.jpg | assets/pages/expanded/eva2020-reading1/eva2020-reading1-17-20-02.jpg,"Considere el siguiente enunciado: Cuando el yagé se combina con alguna de las dos plantas agregadas, el resultado es un potente efecto sinérgico, una versión bioquímica de una totalidad mayor que la suma de sus partes. La palabra “alguna” indica que del yagé resulta un potente efecto sinérgico cuando se le agregan A. la Psychotria virids y la Dyplopterys cabrerana. B. la Psychotria virids o la Dyplopterys cabrerana. C. solo la Psychotria virids. D. solo la Dyplopterys cabrerana."
simulacro-2,Lectura Crítica,EXT-eva2020-reading1-17-20,eva2020-reading1:20,guia-lecturacritica-11-1.pdf,Evaluar para Avanzar 2020 - Cuadernillo 1,20,D,official,Fácil,official_explained,True,assets/pages/expanded/eva2020-reading1/eva2020-reading1-17-20-01.jpg | assets/pages/expanded/eva2020-reading1/eva2020-reading1-17-20-02.jpg,"De lo expresado en los dos primeros párrafos, es acertado afirmar que A. el primero presenta la tesis del autor y el segundo la complementa con ejemplos. B. el primero introduce el tema y el segundo presenta la tesis con ejemplos. C. el primero presenta la estructura del texto y el segundo la desarrolla con ejemplos. D. el primero introduce el tema y el segundo lo desarrolla con ejemplos. FIN"
simulacro-2,Lectura Crítica,EXT-reading2019-01-01,reading2019:01,cuadernillo-de-preguntas-saber-11-lectura-critica-2019.pdf,,1,B,official,Fácil,enhanced_guided,False,assets/pages/expanded/reading2019/p005.jpg,"5 Prueba de lectura crítica A juzgar por su estilo, tema y estructura, ¿en cuál de los siguientes contextos estaría inscrito más apropiadamente el pasaje anterior? A. En una revista académica, como parte de un artículo sobre los orígenes y la importancia de la filosofía cartesiana. B. En un discurso ofrecido a un grupo conformado por aficionados al estudio de asesinatos en la historia de la filosofía. C. En una crónica periodística, con motivo de un especial acerca de las muertes más curiosas de la historia. D. En un seminario dirigido a historiadores especialistas en la vida de los personajes insignes del siglo XX. 1."
simulacro-2,Lectura Crítica,EXT-reading2019-02-03,reading2019:02,cuadernillo-de-preguntas-saber-11-lectura-critica-2019.pdf,,2,B,official,Fácil,enhanced_guided,True,assets/pages/expanded/reading2019/p006.jpg,"El autor introduce la cita de López Michelsen con el fin de presentar la opinión de un conocedor del vallenato y A. reforzar la tesis principal del texto, según la cual las colitas fueron divulgadoras del género. B. señalar una posición discutible sobre el papel que desempeñaron las colitas en el origen del género. C. legitimar la tesis principal del texto, según la cual las colitas originaron el vallenato moderno. D. convencer al lector de que las colitas fueron las únicas divulgadoras del vallenato moderno. 2."
simulacro-2,Lectura Crítica,EXT-reading2019-02-03,reading2019:03,cuadernillo-de-preguntas-saber-11-lectura-critica-2019.pdf,,3,C,official,Fácil,enhanced_guided,True,assets/pages/expanded/reading2019/p006.jpg,"El autor cita el verso de La gota fría para apoyar la idea de que los acordeoneros viajaban para asistir a diferentes piquerias, porque en este se hace referencia a A. un acordeonero que cantaba colitas, llamado Lorenzo Morales. B. Urumita, un pueblo famoso por la realización de colitas. C. un acordeonero que se encontraba de paso por un pueblo. D. Urumita, un pueblo al cual iban los acordeoneros. 3."
simulacro-2,Lectura Crítica,EXT-reading2019-05-06,reading2019:05,cuadernillo-de-preguntas-saber-11-lectura-critica-2019.pdf,,5,B,official,Fácil,enhanced_guided,True,assets/pages/expanded/reading2019/p008.jpg | assets/pages/expanded/reading2019/p009.jpg,"¿Cuál de los siguientes enunciados sintetiza mejor el contenido del primer párrafo? A. Una profunda tradición intelectual ha configurado el concepto de límite como el espacio de defensa que crean los seres a su alrededor. B. Internet ha generado cambios en el concepto tradicional de límite, tal como lo define la etología y la antropología. C. Por naturaleza los seres vivos exigen el respeto del propio espacio, y esto aplica incluso para las relaciones que se dan en Internet. D. Los estudios de la etología y la antropología nos permiten comprender por qué Internet vulnera la intimidad de las personas. 5."
simulacro-2,Lectura Crítica,EXT-reading2019-05-06,reading2019:06,cuadernillo-de-preguntas-saber-11-lectura-critica-2019.pdf,,6,A,official,Media,enhanced_guided,True,assets/pages/expanded/reading2019/p008.jpg | assets/pages/expanded/reading2019/p009.jpg,"9 Prueba de lectura crítica ¿SERÁ QUE GOOGLE NOS ESTÁ VOLVIENDO ESTOOPIDOS? Durante los últimos años he tenido la incómoda sensación de que alguien (o algo) ha estado cacharrean- do con mi cerebro, rehaciendo la cartografía de mis circuitos neuronales, reprogramando mi memoria. No es que ya no pueda pensar (por lo menos hasta donde me doy cuenta), pero algo está cambiando. Ya no pienso como antes. Lo siento de manera muy acentuada cuando leo. Sumirme en un libro o un ar- tículo largo solía ser una cosa fácil. La mera narrativa o los giros de los acontecimientos cautivaban mi mente y pasaba horas paseando por largos pasajes de prosa. Sin embargo, eso ya no me ocurre. Resulta que ahora, por el contrario, mi concentración se pierde tras leer apenas dos o tres páginas. Me pongo in- quieto, pierdo el hilo, comienzo a buscar otra cosa que hacer. Es como si tuviera que forzar mi mente divaga- dora a volver sobre el texto. En dos palabras, la lectura profunda, que solía ser fácil, se ha vuelto una lucha. Y creo saber qué es lo que está ocurriendo. A estas alturas, llevo ya más de una década pasando mu- cho tiempo en línea, haciendo búsquedas y navegando, incluso, algunas veces, agregando material a las enormes bases de datos de internet. Como escritor, la red me ha caído del cielo. El trabajo de in- vestigación, que antes me tomaba días inmerso en las secciones de publicaciones periódicas de las bibliotecas, ahora se puede hacer en cuestión de minutos. Las ventajas de un acceso tan instantáneo a esa increíble y rica reserva de información son muchísimas, y ya han sido debidamente descritas y aplaudidas. Pero tal ayuda tiene su precio. Como subrayó en la década del 60 el teórico de los medios de comunicación Marshall McLuhan, los medios no son meros canales pasivos por donde fluye información. Cierto, se encargan de suministrar los insumos del pensamiento, pero también con- figuran el proceso de pensamiento. Y lo que la red parece estar haciendo, por lo menos en mi caso, es soca- var poco a poco mi capacidad de concentración y contemplación. Mi mente ahora espera asimilar información de la misma manera como la red la distribuye: en un vertiginoso flujo de partículas. Alguna vez fui buzo y me sumergía en océanos de palabras. Hoy en día sobrevuelo a ras sus aguas como en una moto acuática. Gracias a la omnipresencia del texto en internet, por no hablar de la popularidad de los mensajes es- critos en los teléfonos celulares, es probable que hoy estemos leyendo cuantitativamente más de lo que leíamos en las décadas del 70 y 80 del siglo pasado, cuando la televisión era nuestro medio pre- dilecto. Pero, sea lo que sea, se trata de otra forma de leer, y detrás subyace otra forma de pensar… Quizás incluso, una nueva manera de ser. La idea de que nuestra mente debiera operar como una má- quina-procesadora-de-datos-de-alta-velocidad no solo está incorporada al funcionamiento de internet, si- no que al mismo tiempo se trata del modelo empresarial imperante de la red. A mayor velocidad con la que navegamos en la red, a mayor número de enlaces sobre los que hacemos clic y el número de pá- ginas que visitamos, mayores las oportunidades que Google y otras compañías tienen para recoger información sobre nosotros y nutrirnos con anuncios publicitarios. Para bien de sus intereses econó- micos, les conviene distraernos a como dé lugar. Tomado y adaptado de: Carr, Nicholas. “Será que Google nos está volviendo estoopidos?”, Pombo, Juan Manuel (Traductor), en Revista Arcadia, 2010. RESPONDA LAS PREGUNTAS 7 Y 8 DE ACUERDO CON LA SIGUIENTE INFORMACIÓN En el tercer párrafo, cuando el autor menciona a las naciones que se forman fuera de las fronteras físicas, hace referencia a A. los individuos de una misma cultura que viven en territorios diferentes. B. la fluencia migratoria que genera el amplio número de turistas. C. el encuentro virtual de personas de pensamientos diferentes. D. las comunidades virtuales que se crean en el ciberespacio. 6."
simulacro-2,Lectura Crítica,EXT-reading2019-07-08,reading2019:07,cuadernillo-de-preguntas-saber-11-lectura-critica-2019.pdf,,7,C,official,Fácil,enhanced_guided,True,assets/pages/expanded/reading2019/p009.jpg | assets/pages/expanded/reading2019/p010.jpg,"En el último párrafo del texto se A. legitiman las prácticas del manejo de información en Internet que buscan distraernos a como dé lugar. B. desestima la efectividad de las estrategias publicitarias utilizadas en la web para obtener información. C. denuncian las motivaciones de varias compañías al respecto de cómo se maneja la información en Internet. D. rescatan estrategias para procesar datos a alta velocidad, sin caer en las manos de las empresas imperantes. 7."
simulacro-2,Lectura Crítica,EXT-reading2019-07-08,reading2019:08,cuadernillo-de-preguntas-saber-11-lectura-critica-2019.pdf,,8,B,official,Media,enhanced_guided,True,assets/pages/expanded/reading2019/p009.jpg | assets/pages/expanded/reading2019/p010.jpg,"(i). “El argumento más poderoso contra la democracia es una conversación de cinco minutos con el votante medio”. Winston Churchill Adaptado de: Ovejero, Félix, 2008, Incluso un pueblo de demonios: democracia, liberalismo, republicanismo. Katz editores, Madrid. (ii). “La democracia sustituye el nombramiento hecho por una minoría corrompida, por la elección debida a una mayoría incompetente”. George Bernard Shaw Epígrafe de: Ovejero, Félix, 2008, Incluso un pueblo de demonios: democracia, liberalismo, republicanismo. Katz editores: Madrid. (iii). “Aunque la tradición política democrática se remonta a la antigua Grecia, los pensadores políticos no se ocuparon de la causa democrática hasta el siglo XIX. Hasta entonces venía desechándose la democracia como el gobierno de las masas ignorantes y sin luces. Hoy parece que todos nos hemos vuelto demócratas sin contar con argumentos sólidos a favor. Los liberales, los conservadores, los socialistas, los comunistas, los anarquistas y hasta los fascistas se han apresurado a proclamar las virtudes de la democracia y a mostrar sus credenciales demócratas”. Adaptado de: Heywood, Andrew (2010). Introducción a la teoría política. Tirant Lo Blanch: Valencia. p. 55. RESPONDA LAS PREGUNTAS 9 Y 10 DE ACUERDO CON LA SIGUIENTE INFORMACIÓN Considere el siguiente enunciado: “Pero, sea lo que sea, se trata de otra forma de leer, y detrás subyace otra forma de pensar... Quizás incluso, una nueva manera de ser”. Esta frase, dentro de la globalidad del texto, es A. una idea introductoria. B. una conclusión del texto. C. una idea de importancia secundaria. D. una evidencia que apoya la tesis principal. 8."
simulacro-2,Lectura Crítica,EXT-reading2019-09-10,reading2019:09,cuadernillo-de-preguntas-saber-11-lectura-critica-2019.pdf,,9,C,official,Fácil,enhanced_guided,True,assets/pages/expanded/reading2019/p010.jpg | assets/pages/expanded/reading2019/p011.jpg,"Según el texto (iii), ¿qué posiciones políticas se identifican como democráticas? A. Solo las posiciones políticas que no son extremistas. B. Las posiciones políticas más recientes históricamente. C. La mayoría de posiciones políticas existentes. D. La totalidad de corrientes políticas posibles. 9."
simulacro-2,Lectura Crítica,EXT-reading2019-09-10,reading2019:10,cuadernillo-de-preguntas-saber-11-lectura-critica-2019.pdf,,10,C,official,Fácil,enhanced_guided,True,assets/pages/expanded/reading2019/p010.jpg | assets/pages/expanded/reading2019/p011.jpg,"¿Cuál de las siguientes afirmaciones se infiere del texto (i)? A. El votante medio no podría explicar en cinco minutos qué es la democracia. B. La mayoría de los votantes en los sistemas democráticos son ignorantes o incompetentes. C. Con una conversación corta con el votante medio, cualquier persona se da cuenta de que la democracia no funciona. D. Cinco minutos toma exponer el argumento básico contra la conveniencia del sistema político democrático. El conocimiento no consiste en una serie de teorías autoconsistentes que tiende a converger en una perspectiva ideal; no consiste en un acercamiento gradual hacia la verdad. Por el contrario, el conocimiento es un océano, siempre en aumento, de alternativas incompatibles entre sí (y tal vez inconmensurables); toda teoría particular, todo cuento de hadas, todo mito, forman parte del con- junto que obliga al resto a una articulación mayor, y todos ellos contribuyen, por medio de este proceso competitivo, al desarrollo de nuestro conocimiento. No hay nada establecido para siem- pre, ningún punto de vista puede quedar omitido en una explicación comprehensiva (...). Expertos y profanos, profesionales y diletantes, forjadores de utopías y mentirosos, todos ellos están invi- tados a participar en el debate y a contribuir al enriquecimiento de la cultura. La tarea del científico no ha de ser por más tiempo “la búsqueda de la verdad”, o “la glorificación de dios”, o “la sistematización de las observaciones” o “el perfeccionamiento de predicciones”. Todas estas cosas no son más que efectos marginales de una actividad a la que se dirige ahora su atención y que consiste en “hacer de la causa más débil la causa más fuerte”, como dijo el sofista, “por ello en apoyar el movimiento de conjunto”. Adaptado de: Paul Feyerabend (1986). Tratado contra el método. Madrid,: Técnos, pp.14-15. RESPONDA LAS PREGUNTAS 11 Y 12 DE ACUERDO CON LA SIGUIENTE INFORMACIÓN 10."
simulacro-2,Lectura Crítica,EXT-reading2019-11-12,reading2019:11,cuadernillo-de-preguntas-saber-11-lectura-critica-2019.pdf,,11,C,official,Fácil,enhanced_guided,True,assets/pages/expanded/reading2019/p011.jpg,"¿Cuál de las siguientes opciones describe mejor la relación entre el contenido del texto y el título de la obra de la que se extrajo? A. El texto introduce la propuesta de un nuevo método para la investigación científica, diferente del tradicional. B. El texto ataca diferentes ideas a propósito de qué es aquello en lo que consiste el llamado “método científico”. C. El texto crítica concepciones del conocimiento científico, el cual se ha concebido como resultado de un método. D. El texto argumenta a favor de la pluralidad de métodos disponibles para que cada ciencia alcance sus verdades. 11."
simulacro-2,Lectura Crítica,EXT-reading2019-11-12,reading2019:12,cuadernillo-de-preguntas-saber-11-lectura-critica-2019.pdf,,12,B,official,Fácil,enhanced_guided,True,assets/pages/expanded/reading2019/p011.jpg,"11 Prueba de lectura crítica El autor del texto aplica a la filosofía de la ciencia el principio del liberalismo, según el cual “todos los ciudadanos son iguales ante la ley y ante el Estado”. De acuerdo con esto, ¿cuál de las siguientes afirmaciones refleja de manera más directa la influencia de las ideas liberales? A. La tarea del científico no ha de ser por más tiempo la glorificación de dios. B. Toda teoría particular, todo cuento de hadas, todo mito, forman parte del conocimiento. C. Hacer de la causa más débil la causa más fuerte, por ello en apoyar el movimiento de conjunto. D. El conocimiento no consiste en una serie de teorías autoconsistentes que tiende a converger en una perspectiva ideal. 12."
simulacro-2,Lectura Crítica,EXT-reading2019-15-16,reading2019:15,cuadernillo-de-preguntas-saber-11-lectura-critica-2019.pdf,,15,B,official,Fácil,enhanced_guided,True,assets/pages/expanded/reading2019/p013.jpg | assets/pages/expanded/reading2019/p014.jpg,¿Cuál de las siguientes afirmaciones es incompatible con las políticas del Partido? A. El pueblo debe mantenerse unido. B. La individualidad debe ser eliminada. C. El poder está en ser fiel a uno mismo. D. Un pueblo ignorante es más poderoso. 15.
simulacro-2,Lectura Crítica,EXT-reading2019-15-16,reading2019:16,cuadernillo-de-preguntas-saber-11-lectura-critica-2019.pdf,,16,D,official,Media,enhanced_guided,True,assets/pages/expanded/reading2019/p013.jpg | assets/pages/expanded/reading2019/p014.jpg,"Si las fotografías permiten la posesión imaginaria de un pasado irreal, también ayudan a tomar posesión de un espacio donde la gente está insegura. Así, la fotografía se desarrolla en conjun- ción con una de las actividades modernas más características: el turismo. Por primera vez en la historia, grupos numerosos de gente abandonan sus entornos habituales por breves periodos. Pa- rece decididamente anormal viajar por placer sin llevar una cámara. Las fotografías son la prueba irrecusable de que se hizo la excursión, se cumplió el programa, se gozó del viaje. Las fotografías documentan secuencias de consumo realizadas en ausencia de la familia, los amigos, los vecinos. Pero la dependencia de la cámara, en cuanto aparato que da realidad a las experiencias, no dis- minuye cuando la gente viaja más. El acto de fotografiar satisface las mismas necesidades para los cosmopolitas que acumulan trofeos fotográficos de su excursión en barco por el Nilo o sus ca- torce días en China, que para los turistas de clase media que hacen instantáneas de la Torre Eiffel o las cataratas del Niágara. El acto fotográfico, un modo de certificar la experiencia, es también un modo de rechazarla: cuando se confina a la búsqueda de lo fotogénico, cuando se convierte la experiencia en una imagen, un re- cuerdo. El viaje se transforma en una estrategia para acumular fotos. La propia actividad fotográfica es tranquilizadora, y mitiga esa desorientación general que se suele agudizar con los viajes. La ma- yoría de los turistas se sienten obligados a poner la cámara entre ellos y toda cosa destacable que les sale al paso. Al no saber cómo reaccionar, hacen una foto. Así, la experiencia cobra forma: alto, una fotografía, adelante. El método seduce sobre todo a gente subyugada a una ética de trabajo impla- cable: alemanes, japoneses y estadounidenses. El empleo de una cámara atenúa su ansiedad provo- cada por la inactividad laboral cuando están en vacaciones y presuntamente divirtiéndose. Cuentan con una tarea que parece una simpática imitación del trabajo: pueden hacer fotos. Tomado de: Sontag, S. (2009). Sobre la fotografía. Barcelona: Debolsillo. RESPONDA LAS PREGUNTAS 17 Y 18 DE ACUERDO CON LA SIGUIENTE INFORMACIÓN La frase “figúrate una bota aplastando un rostro humano…incesantemente” A. explica los planes para el futuro del régimen. B. ejemplifica las ideas transmitidas al pueblo. C. expone el verdadero propósito del sistema de gobierno. D. ilustra las condiciones de los ciudadanos bajo el régimen. 16."
simulacro-2,Lectura Crítica,EXT-reading2019-17-18,reading2019:18,cuadernillo-de-preguntas-saber-11-lectura-critica-2019.pdf,,18,B,official,Media,enhanced_guided,True,assets/pages/expanded/reading2019/p014.jpg | assets/pages/expanded/reading2019/p015.jpg,"15 Prueba de lectura crítica Fray Pedro de Aguado fue un misionero español que vivió en el Nuevo Reino de Granada entre 1560 y 1590, aproximadamente. Se le atribuye la autoría de la Recopilación historial,*un extenso compen- dio de crónicas donde se refieren los hechos de la temprana colonización española en los actuales territorios de Colombia y Venezuela. Las narraciones de la Recopilación giran alrededor de la entrada de los colonizadores españoles en territorios del “Nuevo Mundo”, del sometimiento de sus pobladores ancestrales y la subsiguiente fundación de ciudades coloniales, ofreciendo por lo general descripcio- nes de las sociedades indígenas y su entorno natural. En el relato de las campañas del capitán Galarza y sus soldados en los actuales territorios del Tolima, Aguado se refiere de esta manera a los indios de la región: Son estos indios de Ibagué grandes carniceros de carne humana y de cualquier otra carne; tienen algodón, aunque poco, de que hacen algunas mantas para su vestir; las indias son muy feas, y traen en la cabeza unos bonetes de venado con que aprietan y axen los cabellos; no hay entre ellos caciques, como entre otros indios, mas son mandados de algunos indios principales que entre ellos hay, a los cuales obedecen cuando les parece y les da gusto. Es tierra muy áspera y fragosa, en la que estos indios habitan, y todas sierras peladas. En su estudio Los indios medievales de fray Pedro de Aguado**, el historiador Jaime Humberto Borja sostuvo que la Recopilación historial no puede ser tomada como una fuente fiable para el conoci- miento de los eventos históricos; ante todo, debe asumirse como un texto que respondía ideológica y culturalmente a una tradición europea que poco tenía que ver con el mundo que pretendía repre- sentar: el del indígena y su entorno natural. Frente a descripciones como la que acabamos de citar, afirma Borja que el de Aguado “es un indio retórico, que surge de una realidad textual y no de una realidad aprehendida por la experiencia”. Además, la construcción narrativa del indio de la crónica de Aguado reúne imágenes conocidas por la tradición cristiana y los imaginarios bíblicos: “El canibalismo, las exacerbadas costumbres, la fiereza de sus armas, su alianza con traidores, el engaño. En el indio recae la descripción de los vicios físicos y morales de toda la extensión natural. (…) Para reafirmar sus posiciones, Aguado presenta una naturaleza tan salvaje como sus habitantes”. * Biblioteca de la Presidencia: Bogotá, 1956, 4 volúmenes. ** Editorial Ceja: Bogotá, 2002. RESPONDA LAS PREGUNTAS 19 Y 20 DE ACUERDO CON LA SIGUIENTE INFORMACIÓN Considere el siguiente resumen del texto anterior: “La autora analiza la relación entre el turismo y la fotografía, teniendo en cuenta que los cos- mopolitas ven en sus viajes al acto de fotografiar como una necesidad. Según ella, ese acto acaba por convertirse en una práctica trivial con la que solo se busca mitigar la desorienta- ción general que causan los viajes. Así, la fotografía se convierte para los cosmopolitas japo- neses, estadounidenses y alemanes en una especie de reemplazo del trabajo al que están acostumbrados”. El anterior resumen se puede describir como inadecuado porque A. expone ideas contrarias a las afirmaciones principales del texto. B. se centra en un tipo particular de turistas y no en los turistas en general. C. omite el tono irónico y burlón con que la autora se refiere al arte de la fotografía. D. se detiene en presentar información en extremo detallada y secundaria del texto. 18."
simulacro-2,Lectura Crítica,EXT-reading2019-19-20,reading2019:20,cuadernillo-de-preguntas-saber-11-lectura-critica-2019.pdf,,20,B,official,Fácil,enhanced_guided,True,assets/pages/expanded/reading2019/p015.jpg | assets/pages/expanded/reading2019/p016.jpg,¿Cuál de los siguientes títulos se ajusta mejor al contenido del texto? A. Civilización y barbarie en la colonización española. B. Fray Pedro de Aguado y la construcción retórica del indígena. C. El canibalismo ritual en la crónica de fray Pedro de Aguado. D. La influencia de los autores clásicos en los cronistas neogranadinos: el caso de Aguado. Tomado de: Quino (1972). Caricatura. A mí no me grite. Buenos Aires: Lumen. RESPONDA LA PREGUNTA 21 DE ACUERDO CON LA SIGUIENTE INFORMACIÓN 20.
simulacro-2,Lectura Crítica,EXT-reading2019-21-21,reading2019:21,cuadernillo-de-preguntas-saber-11-lectura-critica-2019.pdf,,21,C,official,Media,enhanced_guided,False,assets/pages/expanded/reading2019/p016.jpg | assets/pages/expanded/reading2019/p017.jpg,"DEL DEBER DE LA DESOBEDIENCIA CIVIL (1849) Creo de todo corazón en el lema “El mejor gobierno es el que tiene que gobernar menos”, y me gustaría verlo hacerse efectivo más rápida y sistemáticamente. Bien llevado, finalmente resulta en algo en lo que también creo: “El mejor gobierno es el que no tiene que gobernar en absoluto”. Y cuando los pueblos estén preparados para ello, ése será el tipo de gobierno que tengan. En el me - jor de los casos, el gobierno no es más que una conveniencia, pero en su mayoría los gobiernos son inconvenientes y todos han resultado serlo en algún momento. Las objeciones que se han hecho a la existencia de un ejército permanente, que son varias y de peso, y que merecen mantenerse, pue - den también por fin esgrimirse en contra del gobierno. El ejército permanente es sólo el brazo del gobierno establecido. El gobierno en sí, que es únicamente el modo escogido por el pueblo para ejecutar su voluntad, está igualmente sujeto al abuso y la corrupción antes de que el pueblo pueda actuar a través suyo. Somos testigos de la actual guerra con México, obra de unos pocos individuos comparativamente, que utilizan como herramienta al gobierno actual; en principio, el pueblo no habría aprobado esta medida. Pero, para hablar en forma práctica y como ciudadano, a diferencia de aquellos que se llaman “anti - gobiernistas”, yo pido, no como “antigobiernista” sino como ciudadano, y de inmediato, un mejor go - bierno. Permítasele a cada individuo dar a conocer el tipo de gobierno que lo impulsaría a respetarlo y eso ya sería un paso ganado para obtener ese respeto. Después de todo, la razón práctica por la cual, una vez que el poder está en manos del pueblo, se le permite a una mayoría, y por un período largo de tiempo, regir, no es porque esa mayoría esté tal vez en lo correcto, ni porque le parezca justo a la minoría, sino porque físicamente son los más fuertes. Pero un gobierno en el que la mayoría rige en todos los casos no se puede basar en la justicia. No es deseable cultivar respeto por la ley más de por lo que es correcto. La única obligación a la que debo someterme es a la de hacer siempre lo que creo correcto. La ley nunca hizo al hombre un ápice más justo, y a causa del respeto por ella, aún el hombre bien dispuesto se convierte a diario en un agente de la injusticia. Henry David Thoreau Tomado y adaptado de: http://thoreau.eserver.org/spanishcivil.html. Consultado el 25 de enero de 2015. RESPONDA LA PREGUNTA 22 DE ACUERDO CON LA SIGUIENTE INFORMACIÓN ¿En cuál de los siguientes contextos se inscribe mejor la caricatura? A. Anuncio publicitario. B. Reportaje gráfico. C. Humor gráfico. D. Sátira política. 21."
simulacro-2,Lectura Crítica,EXT-reading2019-23-23,reading2019:23,cuadernillo-de-preguntas-saber-11-lectura-critica-2019.pdf,,23,C,official,Fácil,enhanced_guided,False,assets/pages/expanded/reading2019/p018.jpg,"De acuerdo con el aforismo “Los sistemas filosóficos difieren los unos de los otros menos en la manera de resolver que en la manera de escamotear los problemas”, la principal diferencia entre un sistema filosófico y otro consiste en la manera de A. plantear los problemas. B. resolver los problemas. C. esquivar los problemas. D. burlarse de los problemas. 23. Cuando inicié mi estudio sobre chimpancés salvajes en 1960, en el Centro de Investigaciones Gombe Stream, no era permitido, al menos no en los círculos de etología, hablar sobre la mente de los animales. Solo los humanos tienen mentes. Ni tampoco era del todo correcto hablar acerca de la personalidad de los animales. Por supuesto que todos sabían que ellos tienen sus caracteres únicos –todos los que alguna vez hubieran tenido un perro u otra mascota eran conscientes de ello. Pero los etólogos, luchando por hacer de la suya una ciencia ‘dura’, se mantuvieron alejados de la tarea de tratar de explicar esas cosas objetivamente. Un respetado etólogo, al mismo tiempo que reconocía que había una “variabilidad entre animales individuales”, escribió que era mejor que este hecho se “escondiera debajo de la alfombra”. Qué ingenua era. Como no había tenido una educación científica de pregrado, no me di cuenta de que en teoría los animales no debían tener personalidades, pensar o sentir emociones o dolor. No tenía idea de que hubiera sido más apropiado –una vez que llegara a conocerla o conocerlo– asignarle a cada uno de los chimpancés un número en lugar de un nombre. No me di cuenta de que no era cien- tífico discutir sobre el comportamiento en términos de motivación o propósito. No era respetable, en círculos científicos, hablar sobre la personalidad de los animales. Eso era algo que estaba reservado para los humanos. Tampoco tenían mente, así que no eran capaces de pensamiento racional. Y hablar acerca de sus emociones era sentirse culpable del peor tipo de antropomorfismo (atribuirles caracte- rísticas humanas a los animales). En los comentarios editoriales al primer artículo que escribí con fines de publicación, se exigía que todo “él” o “ella” fuera reemplazado por “ello” y que todo “quien” fuera reemplazado por “que”. En- furecida, taché uno a uno los “ello” y “que” y reescribí los pronombres originales. Dado que no me interesaba forjarme un nicho personal en el mundo de la ciencia, sino que simplemente quería vivir entre chimpancés y aprender sobre ellos, la posible reacción del editor de la muy ilustrada revista me era indiferente. El artículo, cuando finalmente fue publicado, les confirió a los chimpancés la dignidad de sus géneros correspondientes y correctamente los promovió del estatus de meras “cosas” a su existencia esencial. Tomado de: Goodall, Jane. “Aprendiendo de los chimpancés: un mensaje que los humanos pueden entender”. En: Science, diciembre, 1998: Vol. 282 no. 5397 pp. 2184-2185. RESPONDA LA PREGUNTA 24 DE ACUERDO CON LA SIGUIENTE INFORMACIÓN"
simulacro-2,Lectura Crítica,EXT-reading2019-24-24,reading2019:24,cuadernillo-de-preguntas-saber-11-lectura-critica-2019.pdf,,24,C,official,Fácil,enhanced_guided,False,assets/pages/expanded/reading2019/p018.jpg | assets/pages/expanded/reading2019/p019.jpg,"19 Prueba de lectura crítica Considere el siguiente enunciado: No me di cuenta de que no era científico discutir sobre el comportamiento en términos de motivación o propósito. ¿Qué prejuicio cuestiona la autora por medio del enunciado anterior? A. Los animales tienen mente y, por tanto, deben tratarse como seres con personalidades o emociones. B. La etología es una ciencia “dura” que se esfuerza por mantener a raya las explicaciones subjetivas. C. Las explicaciones científicas sobre el comportamiento no deben tener en cuenta la intención al explicar la conducta. D. La variabilidad entre animales individuales es un hecho contingente que la etología no debe considerar. 24. Tomado de: Barrero, Tomás y Henao, Alejandro (2014). Historia de un olvido. Bogotá: Editorial Dendros. RESPONDA LA PREGUNTA 25 DE ACUERDO CON LA SIGUIENTE INFORMACIÓN"
simulacro-2,Lectura Crítica,EXT-reading2019-25-25,reading2019:25,cuadernillo-de-preguntas-saber-11-lectura-critica-2019.pdf,,25,B,official,Fácil,enhanced_guided,False,assets/pages/expanded/reading2019/p019.jpg | assets/pages/expanded/reading2019/p020.jpg,"¿Cuál de los siguientes enunciados se contradice con la tesis central del texto? A. No todo se divide entre lo que depende y lo que no depende de nosotros. B. Alejarnos de alguien no depende de nosotros mismos. C. La mente de un filósofo funciona de la misma manera que su cuerpo. D. El juicio y el deseo no dependen de nosotros. 25. A mucha gente le gusta ver en los cuadros lo que también le gustaría ver en la realidad. Se trata de una preferencia perfectamente comprensible. A todos nos atrae lo bello en la naturaleza y agradece- mos a los artistas que lo recojan en sus obras. Esos mismos artistas no nos censurarían por nuestros gustos. Cuando el gran artista flamenco Rubens dibujó a su hijo, estaba orgulloso de sus agradables acciones y deseaba que también nosotros admiráramos al pequeño. Pero esta inclinación a los temas bonitos y atractivos puede convertirse en nociva si nos conduce a rechazar obras que representan asuntos menos agradables. El gran pintor alemán Alberto Durero seguramente dibujó a su madre con tanta devoción y cariño como Rubens a su hijo. Su verista estudio de la vejez y la decrepitud puede producirnos tan viva impresión que nos haga apartar los ojos de él y, sin embargo, si reaccionamos contra esta primera aversión, quedaremos recompensados con creces, pues el dibujo de Durero, en su tremenda sinceridad, es una gran obra. En efecto, de pronto descubrimos que la hermosura de un cuadro no reside realmente en la belleza de su tema. No sé si los golfillos que el pintor español Murillo se complacía en pintar eran estrictamente bellos o no, pero tal como fueron pintados por él, poseen desde luego gran encanto. RESPONDA LAS PREGUNTAS 26 A 28 DE ACUERDO CON LA SIGUIENTE INFORMACIÓN Tomado de: Gombrich, E. H. (2003). La historia del arte. Madrid: Random House Mondadori."
simulacro-2,Lectura Crítica,EXT-reading2019-26-28,reading2019:26,cuadernillo-de-preguntas-saber-11-lectura-critica-2019.pdf,,26,C,official,Fácil,enhanced_guided,True,assets/pages/expanded/reading2019/p020.jpg,"En el texto, el autor hace referencia a Rubens para mostrar que A. a todos nos atrae lo bello y por fortuna el arte lo recoge en la pintura. B. el público siempre exige que el artista refleje la realidad en los cuadros. C. algunos artistas plasman en sus obras lo que nos gusta ver en la realidad. D. la inclinación en el arte por los temas bonitos y atractivos es bastante nociva. 26."
simulacro-2,Lectura Crítica,EXT-reading2019-29-33,reading2019:29,cuadernillo-de-preguntas-saber-11-lectura-critica-2019.pdf,,29,A,official,Fácil,enhanced_guided,True,assets/pages/expanded/reading2019/p021.jpg | assets/pages/expanded/reading2019/p022.jpg,"21 Prueba de lectura crítica ¿Cuál de las siguientes afirmaciones contradice las ideas que presenta el autor? A. Algunas personas actúan justamente a pesar de poder actuar de manera injusta. B. La injusticia, contrariamente a la justicia, es natural en el ser humano. C. Actuar con justicia brinda menos ventajas que hacerlo con injusticia. D. La injusticia, contrariamente a la justicia, se comete voluntariamente. 29."
simulacro-2,Lectura Crítica,EXT-reading2019-34-41,reading2019:35,cuadernillo-de-preguntas-saber-11-lectura-critica-2019.pdf,,35,D,official,Media,enhanced_guided,True,assets/pages/expanded/reading2019/p023.jpg | assets/pages/expanded/reading2019/p024.jpg | assets/pages/expanded/reading2019/p025.jpg,23 Prueba de lectura crítica La función del conector “sin embargo” del penúltimo párrafo es A. introducir un nuevo tema de reflexión. B. negar información suministrada previamente. C. agregar nuevos detalles acerca de lo dicho anteriormente. D. contrastar la información anterior sin llegar a invalidarla. 35.
simulacro-2,Lectura Crítica,EXT-reading2019-34-41,reading2019:36,cuadernillo-de-preguntas-saber-11-lectura-critica-2019.pdf,,36,C,official,Fácil,enhanced_guided,True,assets/pages/expanded/reading2019/p023.jpg | assets/pages/expanded/reading2019/p024.jpg | assets/pages/expanded/reading2019/p025.jpg,"La palabra “dote” del segundo párrafo puede remplazarse, sin que la frase pierda su significado, por A. ahorros de la futura esposa B. dinero de los familiares C. aporte patrimonial D. ceremonia matrimonial 36."
simulacro-2,Lectura Crítica,EXT-reading2019-34-41,reading2019:37,cuadernillo-de-preguntas-saber-11-lectura-critica-2019.pdf,,37,D,official,Fácil,enhanced_guided,True,assets/pages/expanded/reading2019/p023.jpg | assets/pages/expanded/reading2019/p024.jpg | assets/pages/expanded/reading2019/p025.jpg,El tercer párrafo del texto A. presenta un paralelo entre las concepciones del amor y el matrimonio en la China tradicional y en Occidente. B. demuestra que en China el enamoramiento entre esposos era una amenaza al respeto y la solidaridad de la familia. C. sintetiza las razones por las cuales en algunas culturas el enamoramiento y el matrimonio se consideran incompatibles. D. provee un ejemplo de que la asociación entre el amor y el matrimonio no es algo propio de todos los tiempos y culturas. 37.
simulacro-2,Lectura Crítica,EXT-reading2019-34-41,reading2019:41,cuadernillo-de-preguntas-saber-11-lectura-critica-2019.pdf,,41,C,official,Fácil,enhanced_guided,True,assets/pages/expanded/reading2019/p023.jpg | assets/pages/expanded/reading2019/p024.jpg | assets/pages/expanded/reading2019/p025.jpg,"25 Prueba de lectura crítica De acuerdo con el texto, ¿qué se puede concluir acerca del matrimonio? A. Que es una institución que tiene únicamente propósitos económicos y políticos. B. Que es la base de la familia en culturas tan diversas y complejas como las nuestras. C. Que es una institución que varía dependiendo del contexto histórico y social. D. Que es un pacto entre dos individuos que debe basarse en el amor y la confianza. RESPONDA LAS PREGUNTAS 42 A 49 DE ACUERDO CON LA SIGUIENTE INFORMACIÓN 41."
simulacro-2,Lectura Crítica,EXT-reading2019-42-49,reading2019:45,cuadernillo-de-preguntas-saber-11-lectura-critica-2019.pdf,,45,C,official,Media,enhanced_guided,True,assets/pages/expanded/reading2019/p025.jpg | assets/pages/expanded/reading2019/p026.jpg | assets/pages/expanded/reading2019/p027.jpg,"De la información del cuadro inferior izquierdo, donde se presentan estadísticas sobre la cantidad relativa de muertes por accidentes de tránsito en función de la región, se puede inferir A. cuáles son los países donde menos se utilizan vehículos motorizados. B. que en el Pacifico y en Asia hay el mismo número de muertes por accidentes de tránsito. C. cuál es el riesgo de morir en un accidente de tránsito según la zona geográfica. D. cuáles son las zonas geográficas en donde se requiere un mejoramiento de las vías. 45."
simulacro-2,Lectura Crítica,EXT-reading2019-42-49,reading2019:49,cuadernillo-de-preguntas-saber-11-lectura-critica-2019.pdf,,49,C,official,Fácil,enhanced_guided,True,assets/pages/expanded/reading2019/p025.jpg | assets/pages/expanded/reading2019/p026.jpg | assets/pages/expanded/reading2019/p027.jpg,"27 Prueba de lectura crítica De acuerdo con el contenido de la información presentada, ¿a cuál de los siguientes contextos se adecuaría mejor la infografía? A. Una protesta ecológica en contra del uso de vehículos motorizados. B. Una exposición sobre el transporte público como alternativa de movilidad. C. Una campaña diseñada para promover la adquisición de seguros de vida. D. Un estudio sobre asesinatos según el género y la condición socioeconómica. 49."
simulacro-1,Matemáticas,MAT-math2026-main-01-01,math2026:main:01,09-Marzo_Cuadernillo-de-Preguntas-Matematicas-Saber-11-2026.pdf,,1,B,official,Media,enhanced_guided,False,assets/pages/09-marzo-cuadernillo-de-preguntas-matematicas-saber-11-/p006.jpg,"Pregunta 1 Cuatro cursos, cada uno con igual número de estudiantes, presentan anualmente una prueba de matemáticas. La tabla muestra el puntaje promedio obtenido por cada curso. Promedios de los puntajes en el examen por cursos Curso I II III IV Promedio año anterior 63 61 50 53 Promedio año actual 65 45 53 54 Al revisar los puntajes de la tabla, una persona afirma que hubo un aumento en el puntaje respecto al año anterior. Esta afirmación es A. Correcta, ya que el promedio de la mayoría de los cursos aumentó respecto al año anterior. B. Incorrecta, ya que el promedio total en el año anterior es superior al promedio total en el año actual. C. Correcta, ya que al observar todos los promedios, el mayor corresponde al curso I en el año actual. D. Incorrecta, ya que se necesita el puntaje de cada estudiante para realizar la comparación."
simulacro-1,Matemáticas,MAT-math2026-main-03-03,math2026:main:03,09-Marzo_Cuadernillo-de-Preguntas-Matematicas-Saber-11-2026.pdf,,3,B,official,Difícil,enhanced_guided,False,assets/pages/09-marzo-cuadernillo-de-preguntas-matematicas-saber-11-/p007.jpg,"7 Pregunta 3 Las directivas de un colegio tienen que organizar un viaje a un museo con 140 estudiantes, quienes deben dividirse en 3 grupos. Cada grupo irá en una franja diferente, pero el costo total de las entradas se asumirá equitativamente por los estudiantes. En la tabla se muestran los horarios disponibles, la máxima cantidad de estudiantes y los precios respectivos de cada horario. Franja Horario Cantidad máxima de estudiantes Precio entrada por estudiante 1 8:00 - 10:00 50 $ 35.000 2 10:00 - 12:00 40 $ 40.000 3 12:00 - 14:00 30 $ 50.000 4 14:00 - 16:00 60 $ 45.000 Con el fin de que todos los estudiantes asistan y paguen el menor precio, las directivas eligieron las franjas 1, 3 y 4. ¿Esta elección garantiza que asistan todos los estudiantes al menor precio posible? A. Sí, porque esas franjas suman exactamente 140 estudiantes. B. No, porque es posible obtener un precio menor eligiendo la franja 2 en lugar de la franja 3. C. Sí, porque se incluyó la franja 1 que es la de menor precio por estudiante. D. No, porque en la franja 3 la cantidad máxima de estudiantes es 30. RESPONDE LAS PREGUNTAS 4 A 6 DE ACUERDO CON LA SIGUIENTE INFORMACIÓN Para capacitar en informática básica a los trabajadores de algunas dependencias de una empresa, se contrata una institución que ofrece un plan educativo de 4 módulos (ver Tabla). Capacitación en informática básica Módulo Nombre del módulo Intensidad horaria Valor por hora I Fundamentación 40 h $ 35.000 II Procesador de texto 30 h $ 30.000 III Hoja de cálculo 40 h $ 40.000 IV Presentación con diapositivas 10 h $ 45.000 La capacitación de cada módulo se hace con cursos de mínimo 20 y máximo 30 personas, de la misma dependencia."
simulacro-1,Matemáticas,MAT-math2026-main-04-06,math2026:main:04,09-Marzo_Cuadernillo-de-Preguntas-Matematicas-Saber-11-2026.pdf,,4,C,official,Difícil,enhanced_guided,True,assets/pages/09-marzo-cuadernillo-de-preguntas-matematicas-saber-11-/p007.jpg | assets/pages/09-marzo-cuadernillo-de-preguntas-matematicas-saber-11-/p008.jpg,"Pregunta 4 La empresa pagará $4.200.000 por capacitar a los trabajadores de la dependencia “Insumos” en el módulo I, ¿cuántos empleados tiene esta dependencia? A. Entre 20 y 30 trabajadores. B. Entre 41 y 60 trabajadores. C. Entre 61 y 90 trabajadores. D. Entre 80 y 120 trabajadores."
simulacro-1,Matemáticas,MAT-math2026-main-04-06,math2026:main:05,09-Marzo_Cuadernillo-de-Preguntas-Matematicas-Saber-11-2026.pdf,,5,B,official,Difícil,enhanced_guided,True,assets/pages/09-marzo-cuadernillo-de-preguntas-matematicas-saber-11-/p007.jpg | assets/pages/09-marzo-cuadernillo-de-preguntas-matematicas-saber-11-/p008.jpg,"Pregunta 5 Si se les cobrara a los 50 trabajadores de la dependencia “Recursos Humanos” la capacitación del módulo II, y todos pagaran el mismo valor, ¿cuánto debería pagar cada uno por esa capacitación? A. $ 18.000 B. $ 36.000 C. $ 450.000 D. $ 900.000"
simulacro-1,Matemáticas,MAT-math2026-main-04-06,math2026:main:06,09-Marzo_Cuadernillo-de-Preguntas-Matematicas-Saber-11-2026.pdf,,6,D,official,Difícil,enhanced_guided,True,assets/pages/09-marzo-cuadernillo-de-preguntas-matematicas-saber-11-/p007.jpg | assets/pages/09-marzo-cuadernillo-de-preguntas-matematicas-saber-11-/p008.jpg,"8 Pregunta 6 La empresa paga $ 900.000 por la capacitación de los 40 funcionarios de la dependencia “Importaciones”. De acuerdo con el valor pagado, ¿cuál de los siguientes módulos corresponde al tomado por la dependencia ""Importaciones""? A. I. B. II. C. III. D. IV."
simulacro-1,Matemáticas,MAT-math2026-main-07-07,math2026:main:07,09-Marzo_Cuadernillo-de-Preguntas-Matematicas-Saber-11-2026.pdf,,7,C,official,Media,enhanced_guided,False,assets/pages/09-marzo-cuadernillo-de-preguntas-matematicas-saber-11-/p009.jpg,"Pregunta 7 La figura muestra el portalápices de Eliécer. Él sabe que es posible colocar un caucho de 18 cm de perímetro alrededor de la base sin estirarlo, pero a medida que sube el caucho por el portalápices, este se estira hasta que, en la boca del portalápices, su perímetro es 24 cm. El portalápices tiene base y boca cuadrada, por lo cual Eliécer afirma: “Como los perímetros de la base y la boca del portalápices están en relación = , el área de la base debe ser también tres cuartas partes del área de la boca del portalápices”. ¿Es verdadera esta afirmación? A. No, porque la medición se realiza con el mismo caucho y, por tanto, las áreas de la base y la boca deben ser iguales. B. Sí, porque el caucho se estira dependiendo del área que encierre, por lo que las relaciones de las áreas y los perímetros son iguales. C. No, porque la relación obtenida se cumple para las longitudes de los lados, pero al calcular las áreas, la razón obtenida se eleva al cuadrado. D. Sí, porque como las figuras son semejantes, todas sus medidas deben tener la misma razón que los perímetros. Caucho estirado, en la boca del portalápices. Caucho sin estirar, en la base del portalápices. 18 24 3 4"
simulacro-1,Matemáticas,MAT-math2026-main-08-08,math2026:main:08,09-Marzo_Cuadernillo-de-Preguntas-Matematicas-Saber-11-2026.pdf,,8,C,official,Media,enhanced_guided,False,assets/pages/09-marzo-cuadernillo-de-preguntas-matematicas-saber-11-/p009.jpg,"9 Pregunta 8 Un grupo de montañistas sabe que cada vez que aumenta la altitud en 100 m, la temperatura disminuye en 1 °C. Si el grupo se encuentra a una altitud de 1.000 m, donde la temperatura es de 20 °C, ¿cuál de las siguientes expresiones les permite determinar la temperatura que habrá cuando se encuentren a 4.000 m de altitud? A. Temperatura = + 10 B. Temperatura = − Altitud × 100 + 30 C. Temperatura = − + 30 D. Temperatura = Altitud × 100 + 10 Altitud 100 Altitud 100"
simulacro-1,Matemáticas,MAT-math2026-main-09-13,math2026:main:09,09-Marzo_Cuadernillo-de-Preguntas-Matematicas-Saber-11-2026.pdf,,9,C,official,Difícil,enhanced_guided,True,assets/pages/09-marzo-cuadernillo-de-preguntas-matematicas-saber-11-/p010.jpg | assets/pages/09-marzo-cuadernillo-de-preguntas-matematicas-saber-11-/p011.jpg | assets/pages/09-marzo-cuadernillo-de-preguntas-matematicas-saber-11-/p012.jpg,"10 RESPONDE LAS PREGUNTAS 9 A 13 DE ACUERDO CON LA SIGUIENTE INFORMACIÓN Para transportar mango y banano desde un pueblo cercano a dos ciudades, W y Z, un comerciante utiliza tres (3) camiones con capacidad de 5 toneladas cada uno; por cada camión contrata dos trabajadores en cada viaje. El comerciante compra a $ 400.000 la tonelada de banano y a $ 500.000, la de mango. En la tabla se muestra el precio de venta por tonelada de cada producto y los gastos de transporte y de trabajadores para cada ciudad. Ciudad Precio de venta tonelada de banano Precio de venta tonelada de mango Costo transporte por camión Pago por trabajador por viaje W $ 1.000.000 $ 1.300.000 $ 150.000 $ 180.000 Z $ 1.200.000 $ 1.350.000 $ 180.000 $ 200.000 Pregunta 9 Una persona afirma que para el comerciante es más rentable vender 6 toneladas de mango en la ciudad Z que en la ciudad W. ¿Por qué la afirmación de esta persona es correcta? A. Porque el dinero recibido en la venta del producto en la ciudad Z es mayor que el recibido en la ciudad W. B. Porque la diferencia entre el precio de venta por tonelada es mayor que la diferencia entre el costo de transporte por camión. C. Porque la diferencia entre las ventas totales en cada ciudad es mayor que la diferencia entre los gastos totales. D. Porque el dinero total gastado en empleados y transporte es mayor en la ciudad W que en la ciudad Z."
simulacro-1,Matemáticas,MAT-math2026-main-09-13,math2026:main:10,09-Marzo_Cuadernillo-de-Preguntas-Matematicas-Saber-11-2026.pdf,,10,C,official,Difícil,enhanced_guided,True,assets/pages/09-marzo-cuadernillo-de-preguntas-matematicas-saber-11-/p010.jpg | assets/pages/09-marzo-cuadernillo-de-preguntas-matematicas-saber-11-/p011.jpg | assets/pages/09-marzo-cuadernillo-de-preguntas-matematicas-saber-11-/p012.jpg,"Pregunta 10 Los tres (3) camiones se cargan con 5 toneladas de banano cada uno para venderse en la ciudad W. El comerciante necesita conocer la ganancia al hacer este negocio, ejecutando el siguiente procedimiento: Paso 1. Halla el número de toneladas de banano que hay en los 3 camiones. Paso 2. Halla la diferencia entre el precio de venta de una tonelada de banano en la ciudad W y el precio de compra. Paso 3. Multiplica los valores hallados en los pasos 1 y 2. Paso 4. Encuentra los costos totales de transporte y le suma el pago total de los trabajadores en los tres viajes. Paso 5. Halla la diferencia entre el valor obtenido en el paso 3 y el paso 4. ¿Cuál es la ganancia que obtiene el comerciante? A. $ 5.670.000 B. $ 5.970.000 C. $ 7.470.000 D. $ 8.010.000"
simulacro-1,Matemáticas,MAT-math2026-main-09-13,math2026:main:11,09-Marzo_Cuadernillo-de-Preguntas-Matematicas-Saber-11-2026.pdf,,11,B,official,Difícil,enhanced_guided,True,assets/pages/09-marzo-cuadernillo-de-preguntas-matematicas-saber-11-/p010.jpg | assets/pages/09-marzo-cuadernillo-de-preguntas-matematicas-saber-11-/p011.jpg | assets/pages/09-marzo-cuadernillo-de-preguntas-matematicas-saber-11-/p012.jpg,"11 Pregunta 11 Para diciembre, el comerciante decidió que por cada 5 toneladas del producto transportado en camión y vendido en alguna de las ciudades, cada uno de los dos empleados necesarios por camión recibirá un bono de 0,3 % del dinero recibido en la venta de esas 5 toneladas. En ese mes, dos empleados transportaron y vendieron 47 toneladas de mango a la ciudad W. Para hallar el bono recibido por cada uno de ellos, se ejecutó el siguiente procedimiento: Paso 1. Se dividió el número de toneladas vendidas entre 5 y se halló su residuo. Paso 2. Se restó del número de toneladas vendidas, el valor obtenido en el paso 1. Paso 3. Se multiplicó el valor obtenido en el paso 2 por el valor de venta de la tonelada del producto. Paso 4. Al valor obtenido en el paso 3, se le sacó el 0,3 %. ¿De que valor fue, aproximadamente, el bono recibido por cada empleado? A. 526.000 pesos. B. 175.000 pesos. C. 148.000 pesos. D. 87.000 pesos."
simulacro-1,Matemáticas,MAT-math2026-main-09-13,math2026:main:13,09-Marzo_Cuadernillo-de-Preguntas-Matematicas-Saber-11-2026.pdf,,13,D,official,Difícil,enhanced_guided,True,assets/pages/09-marzo-cuadernillo-de-preguntas-matematicas-saber-11-/p010.jpg | assets/pages/09-marzo-cuadernillo-de-preguntas-matematicas-saber-11-/p011.jpg | assets/pages/09-marzo-cuadernillo-de-preguntas-matematicas-saber-11-/p012.jpg,"12 Pregunta 13 Durante enero, el comerciante vendió 100 toneladas de mango y 50 de banano, y contrató 10 trabajadores. ¿Qué se puede determinar con esta información? A. La ganancia de los productores. B. El pago que recibirá cada trabajador en enero. C. Los costos totales del comerciante. D. El número mínimo de viajes que se realizaron desde el pueblo."
simulacro-1,Matemáticas,MAT-math2026-main-14-14,math2026:main:14,09-Marzo_Cuadernillo-de-Preguntas-Matematicas-Saber-11-2026.pdf,,14,B,official,Fácil,enhanced_guided,False,assets/pages/09-marzo-cuadernillo-de-preguntas-matematicas-saber-11-/p013.jpg,"Pregunta 14 Si en un rectángulo se aumenta la longitud de uno de sus lados en 100 %, ¿Qué se puede concluir de su área? A. Aumenta en un 50 %. B. Se duplica. C. No cambia. D. Aumenta en 100 unidades."
simulacro-1,Matemáticas,MAT-math2026-main-15-15,math2026:main:15,09-Marzo_Cuadernillo-de-Preguntas-Matematicas-Saber-11-2026.pdf,,15,C,official,Media,enhanced_guided,False,assets/pages/09-marzo-cuadernillo-de-preguntas-matematicas-saber-11-/p013.jpg,"13 Pregunta 15 Las sombras proyectadas por dos postes paralelos de 10 metros y 5 metros se muestran en la figura. El ángulo entre la acera horizontal y la sombra del poste 1 es α = 30º. De acuerdo con esto, se puede afirmar que el ángulo entre la acera horizontal y la sombra del poste 2 es A. β = 5°. B. β = 15°. C. β = 30°. D. β = 60°. Figura 10 metros 5 metros Poste 1 Poste 2 = 30¼ °"
simulacro-1,Matemáticas,MAT-math2026-main-16-16,math2026:main:16,09-Marzo_Cuadernillo-de-Preguntas-Matematicas-Saber-11-2026.pdf,,16,D,official,Media,enhanced_guided,False,assets/pages/09-marzo-cuadernillo-de-preguntas-matematicas-saber-11-/p014.jpg,"Pregunta 16 Una escuela de natación cuenta con un total de 16 estudiantes. Para las clases se usan 2 piscinas con distinta profundidad. Por seguridad, las personas con una estatura inferior a 1,80 m se envían a la piscina menos profunda, y las demás, a la más profunda. Un día, el director de la escuela escucha que el promedio de estatura de las 16 personas es 1,70 m e insiste en aumentar la cantidad de alumnos para que el promedio sea 1,80 m, afirmando que de esta manera se logrará igualar la cantidad de personas en las dos piscinas. ¿Por qué es errónea la afirmación del director? A. Porque las 16 personas se encuentran actualmente en la piscina menos profunda. El director de la escuela debe aceptar otros 16 alumnos con una estatura superior a 1,80 m. B. Porque con el promedio es imposible determinar la cantidad de personas en las piscinas. Es necesario utilizar otras medidas, como la estatura máxima o mínima de las personas, en lugar de esta. C. Porque incrementar el promedio a 1,80 m es insuficiente. El director de la escuela debe aceptar más estudiantes con una altura de 1,80 m hasta que la cantidad de alumnos sea igual en ambas piscinas. D. Porque aunque el promedio de estatura de las 16 personas sea inferior a 1,80 m, no significa que la cantidad de personas en las piscinas sea diferente."
simulacro-1,Matemáticas,MAT-math2026-main-17-17,math2026:main:17,09-Marzo_Cuadernillo-de-Preguntas-Matematicas-Saber-11-2026.pdf,,17,D,official,Media,enhanced_guided,False,assets/pages/09-marzo-cuadernillo-de-preguntas-matematicas-saber-11-/p014.jpg,"14 Pregunta 17 La longitud de las aristas de la caja de la figura son l, a y h. ¿Cuál de las siguientes expresiones determina la longitud total de las aristas de la caja? A. lah B. 4lah C. l + a + h D. 4l + 4a + 4h Figura l a h"
simulacro-1,Matemáticas,MAT-math2026-main-18-18,math2026:main:18,09-Marzo_Cuadernillo-de-Preguntas-Matematicas-Saber-11-2026.pdf,,18,C,official,Media,enhanced_guided,False,assets/pages/09-marzo-cuadernillo-de-preguntas-matematicas-saber-11-/p015.jpg,"Pregunta 18 Un barco navega entre dos faros, ubicados en la parte inferior de la figura. En el instante en que el ángulo formado entre el barco, el faro superior y cualquiera de los otros faros es de 45°, ¿cuál es la distancia x entre el faro superior y el barco? A. x = B. x = C. x = D. x = 1 x Faro superior 2 45º 75º 60º 30º 45º 2 sen(30º) sen(45º) 2 sen(60º) sen(45º) sen(60º) sen(75º) sen(30º) sen(60º)"
simulacro-1,Matemáticas,MAT-math2026-main-19-19,math2026:main:19,09-Marzo_Cuadernillo-de-Preguntas-Matematicas-Saber-11-2026.pdf,,19,B,official,Fácil,enhanced_guided,False,assets/pages/09-marzo-cuadernillo-de-preguntas-matematicas-saber-11-/p015.jpg,"15 Pregunta 19 En una feria robótica, el robot P y el robot Q disputan un juego de tenis de mesa. En el momento que el marcador se encuentra 7 a 2 a favor del robot P, estos se reprograman de tal forma que por cada 2 puntos que anota el robot P, el robot Q anota 3. ¿Cuál de las siguientes ecuaciones permite determinar cuándo igualará en puntos el robot Q al robot P? A. x = 0. Donde x es la cantidad de puntos que anotará P. B. 7 + x = x + 2. Donde x es la cantidad de puntos que anotará P. C. 7 + 3x = 2 + 2y. Donde x es la cantidad de puntos que anotará P, y y es la cantidad de puntos que anotará Q. D. x + y = 7 + 2. Donde x es la cantidad de puntos que anotará P, y y es la cantidad de puntos que anotará Q. 3 2 3 2"
simulacro-1,Matemáticas,MAT-math2026-main-20-20,math2026:main:20,09-Marzo_Cuadernillo-de-Preguntas-Matematicas-Saber-11-2026.pdf,,20,A,official,Fácil,enhanced_guided,False,assets/pages/09-marzo-cuadernillo-de-preguntas-matematicas-saber-11-/p016.jpg,"Pregunta 20 La tabla presenta la información sobre el gasto en publicidad y las ganancias de una empresa durante los años 2020 a 2022. Año Gasto en publicidad* Ganancia obtenida* 2020 200 8.000 2021 280 10.400 2022 250 9.500 *Datos en millones de pesos. ¿Cuál es la función que representa la ganancia obtenida G, en millones de pesos, en función del gasto en publicidad p? A. G(p) = 30p + 2.000 B. G(p) = 10p C. G(p) = 40p D. G(p) = 40p − 800"
simulacro-1,Matemáticas,MAT-math2026-main-21-21,math2026:main:21,09-Marzo_Cuadernillo-de-Preguntas-Matematicas-Saber-11-2026.pdf,,21,A,official,Media,enhanced_guided,False,assets/pages/09-marzo-cuadernillo-de-preguntas-matematicas-saber-11-/p016.jpg,"16 Pregunta 21 En una tienda se venden mesas a $ 40.000 y sillas a $ 20.000. El dueño de la tienda olvidó registrar la cantidad total de mesas y sillas que se vendieron, pero sabe que los ingresos por ventas del mes fueron de $ 1.400.000 y que se vendieron 3 veces más sillas que mesas. Para determinar la cantidad vendida de cada artículo, siendo M la cantidad de mesas y S la de sillas vendidas, representó la información con las siguientes ecuaciones: Ecuación 1. 40.000M + 20.000S = 1.400.000 Ecuación 2. M = 3S ¿Las ecuaciones representan correctamente la situación? A. No, porque aunque la ecuación 1 relaciona cada precio con la variable adecuada de forma correcta, la ecuación 2 significa que se venden 3 veces más mesas que sillas. B. Sí, porque la ecuación 1 relaciona cada precio con la variable adecuada y la ecuación 2 tiene en cuenta que la cantidad de sillas es 3 veces mayor que la de mesas. C. No, porque aunque la ecuación 2 tiene en cuenta que la cantidad de sillas es 3 veces mayor que la de mesas, en la ecuación 1 los precios deberían estar dividiendo y no multiplicando. D. Sí, porque al solucionar las dos ecuaciones se obtiene un número entero, lo cual es consistente con las condiciones iniciales del problema."
simulacro-1,Matemáticas,MAT-math2026-main-23-23,math2026:main:23,09-Marzo_Cuadernillo-de-Preguntas-Matematicas-Saber-11-2026.pdf,,23,B,official,Media,enhanced_guided,False,assets/pages/09-marzo-cuadernillo-de-preguntas-matematicas-saber-11-/p017.jpg,"17 Pregunta 23 Un cartabón es una plantilla que se utiliza en dibujo técnico y que tiene forma de triángulo rectángulo escaleno, de modo que su hipotenusa mide el doble del cateto de menor longitud. Si el cateto más largo de un cartabón mide 32 centímetros, como muestra la figura, ¿cuál de las siguientes medidas corresponde a su cateto menor? A. 16 cm. B. cm. C. 27 cm. D. cm. 32 √3 64 √3"
simulacro-1,Matemáticas,MAT-math2026-main-24-24,math2026:main:24,09-Marzo_Cuadernillo-de-Preguntas-Matematicas-Saber-11-2026.pdf,,24,D,official,Fácil,enhanced_guided,False,assets/pages/09-marzo-cuadernillo-de-preguntas-matematicas-saber-11-/p018.jpg,"18 Pregunta 24 Una profesora de Matemáticas le entrega a sus estudiantes un cuadrado cuya área es 1 dm2. En el cuadrado se encuentra la construcción de la Figura 1. P, Q, R y S son los puntos medios de cada lado. La profesora le pide a sus estudiantes que calculen el área del paralelogramo sombreado, para lo cual Eloísa razona de la siguiente manera: “Si se mueven los triángulos de las esquinas es posible obtener una figura con cuatro paralelogramos congruentes al sombreado”. En la Figura 2 se muestra la construcción hecha por Eloísa. Eloísa concluye: “Como el área de esta figura es igual al área del cuadrado inicial, cada paralelogramo tiene un área de dm2”. Al ver la solución de Eloísa, la profesora le dice: “Excelente idea; usa una estrategia similar para hallar fácilmente el área del cuadrado sombreado en la Figura 3. Recuerda que el cuadrado grande tiene 1 dm2 de área”. ¿Cuál es el área del cuadrado sombreado en la Figura 3? Figura 1 Q S R P Figura 2 S R P Q Figura 3 S R P Q A. B. C. D. 1 9 1 8 1 6 1 5 dm2 dm2 dm2 dm2 1 4"
simulacro-1,Matemáticas,MAT-math2026-main-25-25,math2026:main:25,09-Marzo_Cuadernillo-de-Preguntas-Matematicas-Saber-11-2026.pdf,,25,A,official,Fácil,enhanced_guided,False,assets/pages/09-marzo-cuadernillo-de-preguntas-matematicas-saber-11-/p019.jpg,"Pregunta 25 El sistema de comunicaciones de un hotel utiliza los dígitos 2, 3, 4 y 5 para asignar un número de extensión telefónica de 4 dígitos diferentes a cada habitación. ¿Cuántas habitaciones del hotel pueden tener extensión telefónica? A. 24 B. 56 C. 120 D. 256"
simulacro-1,Matemáticas,MAT-math2026-main-26-26,math2026:main:26,09-Marzo_Cuadernillo-de-Preguntas-Matematicas-Saber-11-2026.pdf,,26,C,official,Fácil,enhanced_guided,False,assets/pages/09-marzo-cuadernillo-de-preguntas-matematicas-saber-11-/p019.jpg,"19 Pregunta 26 A continuación, se muestran los resultados de una encuesta que indagó sobre el parque automotor del transporte intermunicipal en Colombia. Según la información anterior, ¿cuál de las siguientes afirmaciones es verdadera? A. La mayor parte del parque automotor son automóviles, camionetas y camperos. B. La mitad del parque automotor corresponde a automóviles, camionetas y camperos. C. La mayor parte del parque automotor son buses, microbuses y busetas. D. La mitad del parque automotor corresponde a buses, microbuses y busetas."
simulacro-1,Matemáticas,MAT-math2026-main-27-27,math2026:main:27,09-Marzo_Cuadernillo-de-Preguntas-Matematicas-Saber-11-2026.pdf,,27,A,official,Difícil,enhanced_guided,False,assets/pages/09-marzo-cuadernillo-de-preguntas-matematicas-saber-11-/p020.jpg,"Pregunta 27 Una prueba atlética tiene un récord mundial de 10,49 segundos y un récord olímpico de 10,50 segundos. ¿Es posible que un atleta registre un tiempo, en el mismo tipo de prueba, que rompa el récord olímpico pero no el mundial? A. Sí, porque puede registrar, por ejemplo, un tiempo de 10,497 segundos, que está entre los dos tiempos récord. B. Sí, porque puede registrar un tiempo menor que 10,4 y marcaría un nuevo récord. C. No, porque no existe un registro posible entre los dos tiempos récord. D. No, porque cualquier registro menor que el récord olímpico va a ser menor que el récord mundial."
simulacro-1,Matemáticas,MAT-math2026-main-28-28,math2026:main:28,09-Marzo_Cuadernillo-de-Preguntas-Matematicas-Saber-11-2026.pdf,,28,A,official,Fácil,enhanced_guided,False,assets/pages/09-marzo-cuadernillo-de-preguntas-matematicas-saber-11-/p020.jpg,"20 Pregunta 28 En una institución educativa hay dos cursos en grado undécimo. El número de hombres y mujeres de cada curso se relaciona en la tabla: Curso 11A Curso 11B Total Número de mujeres 22 23 45 Número de hombres 18 12 30 Total 40 35 75 La probabilidad de escoger un estudiante de grado undécimo, de esta institución, que sea mujer es de . Si se sabe que uno de los valores de esta razón es el número total de mujeres, ¿Cuál es el otro valor? A. El número total de estudiantes de grado undécimo. B. El número total de hombres de grado undécimo. C. El número total de mujeres del curso 11 B. D. El número total de hombres del curso 11 A. 3 5"
simulacro-1,Matemáticas,MAT-math2026-main-29-29,math2026:main:29,09-Marzo_Cuadernillo-de-Preguntas-Matematicas-Saber-11-2026.pdf,,29,C,official,Media,manual_verified,False,assets/pages/09-marzo-cuadernillo-de-preguntas-matematicas-saber-11-/p021.jpg,Pregunta 29 Para fijar un aviso publicitario se coloca sobre un muro una escalera a 12 metros del suelo como se muestra en las siguientes figuras. Observa. ¿Cuál es el coseno del ángulo θ que forman el suelo y la escalera? A. B. C. D. 12 13 12 5 13 5 5 13
simulacro-1,Matemáticas,MAT-math2026-main-31-31,math2026:main:31,09-Marzo_Cuadernillo-de-Preguntas-Matematicas-Saber-11-2026.pdf,,31,B,official,Fácil,enhanced_guided,False,assets/pages/09-marzo-cuadernillo-de-preguntas-matematicas-saber-11-/p022.jpg,"Pregunta 31 Un profesor de Matemáticas les pide a sus estudiantes solucionar la siguiente ecuación: (x + 2)(x + 3) = 5(x + 3). María, Nelson y Óscar realizan, cada uno, los siguientes procedimientos: María x2 + 5x + 6 = 5x + 15 x2 + 6 = 15 x2 = 15 − 6 x2 = 9 x = ±3 Nelson (x + 2)(x + 3) − 5(x + 3) = 0 (x + 3)[(x + 2) − 5] = 0 (x + 3)(x − 3) = 0 x2 − 9 = 0 x2 = 9 x = ±3 Óscar x + 2 + x + 3 = 5 + x + 3 2x + 5 = x + 8 2x − x = 8 − 5 x = 3 ¿Cuál(es) estudiante(s) desarrolló(aron) un procedimiento correcto para solucionar la ecuación? A. Solo Nelson y Óscar. B. Solo María y Nelson. C. Solamente Óscar. D. Solamente María."
simulacro-1,Matemáticas,MAT-math2026-main-32-32,math2026:main:32,09-Marzo_Cuadernillo-de-Preguntas-Matematicas-Saber-11-2026.pdf,,32,B,official,Media,enhanced_guided,False,assets/pages/09-marzo-cuadernillo-de-preguntas-matematicas-saber-11-/p022.jpg,"22 Pregunta 32 Un trapecio isósceles es un trapecio cuyos lados no paralelos son congruentes. En un plano cartesiano se dibuja un trapecio isósceles de modo que el eje y divide al trapecio en dos figuras iguales. Si las coordenadas de dos de los vértices del trapecio son (−4, 2) y (−2, 8), ¿cuáles son las coordenadas de los otros dos vértices? A. (8, 2) y (2, 4). B. (2, 8) y (4, 2). C. (−2, –4) y (−8, −2). D. (−4, −2) y (−2, −8)."
simulacro-1,Matemáticas,MAT-math2026-main-34-34,math2026:main:34,09-Marzo_Cuadernillo-de-Preguntas-Matematicas-Saber-11-2026.pdf,,34,C,official,Difícil,enhanced_guided,False,assets/pages/09-marzo-cuadernillo-de-preguntas-matematicas-saber-11-/p024.jpg,"Pregunta 34 Una regla usada en física indica que, para aumentar el nivel de intensidad del sonido en 10 dB (dB es decibelios, la unidad de medida del nivel de intensidad del sonido), es necesario que la intensidad medida se multiplique por 10. Ramiro es el encargado de aumentar en 20 dB la medida del nivel de intensidad del sistema de sonido de un evento y, según su interpretación de la regla, multiplica por 20 la intensidad actual del sistema. ¿Es correcta su interpretación? A. No, porque la regla no considera aumentos de 20 dB, solamente de 10 dB; no hay consideraciones para aumentos mayores. B. Sí, porque la regla presentada indica que para aumentar en x unidades el nivel de la medida de intensidad se agrega x a la intensidad. C. No, porque aumentar 20 dB equivale a aumentar 10 dB dos veces, es decir, multiplicar por 10 la intensidad dos veces; en total, multiplicar por 100. D. Sí, porque el resultado de multiplicar dos veces por 10 la intensidad es multiplicarla por 20; así, se ahorra un paso y obtiene el resultado correcto."
simulacro-1,Matemáticas,MAT-math2026-main-35-35,math2026:main:35,09-Marzo_Cuadernillo-de-Preguntas-Matematicas-Saber-11-2026.pdf,,35,B,official,Media,enhanced_guided,False,assets/pages/09-marzo-cuadernillo-de-preguntas-matematicas-saber-11-/p024.jpg,"24 Pregunta 35 En una librería se ofrece un descuento del 10 % sobre el precio original de todos los libros impresos. Juan tiene un cupón de descuento adicional del 10 % sobre el precio de venta, el cual incluye el descuento inicial. Para saber cuánto debe pagar por un libro cuyo precio original es de $ 50, Juan efectúa el siguiente procedimiento: Paso 1. Multiplica el precio original del libro por 9. Paso 2. Divide el resultado del paso 1 entre 10. Paso 3. Multiplica el resultado del paso 2 por 10. Paso 4. Divide el resultado del paso 3 entre 100. ¿En cuál paso del procedimiento hay un error? A. En el paso 1, porque el precio de venta es el 90 % del precio original, por tanto, debe multiplicarse por 90 y no por 9. B. En el paso 3, porque el precio final es el 90 % del precio de venta, por tanto, debe multiplicarse por 90 y no por 10. C. En el paso 2, porque para calcular el precio al aplicar un porcentaje de descuento es necesario dividir entre 100 y no entre 10. D. En el paso 4, porque solo es necesario dividir una vez para calcular el precio final; es suficiente con la división del paso 2."
simulacro-1,Matemáticas,MAT-math2026-main-38-38,math2026:main:38,09-Marzo_Cuadernillo-de-Preguntas-Matematicas-Saber-11-2026.pdf,,38,C,official,Fácil,enhanced_guided,False,assets/pages/09-marzo-cuadernillo-de-preguntas-matematicas-saber-11-/p025.jpg,"25 Pregunta 38 Carolina administra una pizzería y, registró en una tabla la información correspondiente a los pedidos realizados por los 110 clientes que entraron a la pizzería el domingo. Clientes que eligieron bebida caliente 20 Clientes que eligieron bebida fría 40 Clientes que eligieron pizza 100 Clientes que eligieron bebida caliente y bebida fría 0 Con la información de la tabla, ¿cuáles de los siguientes datos se pueden calcular? A. El total de clientes que eligieron pizza y también bebida caliente. B. El total de clientes que eligieron pizza o bebida caliente. C. El total de clientes que solo eligieron pizza. D. El total de clientes que solo eligieron bebida fría."
simulacro-1,Matemáticas,MAT-math2026-main-39-39,math2026:main:39,09-Marzo_Cuadernillo-de-Preguntas-Matematicas-Saber-11-2026.pdf,,39,C,official,Fácil,enhanced_guided,False,assets/pages/09-marzo-cuadernillo-de-preguntas-matematicas-saber-11-/p026.jpg,"Pregunta 39 Un sistema de información requiere que los usuarios ingresen una contraseña de solo tres caracteres de entre las 26 letras posibles, en minúscula o mayúscula y los 10 dígitos del 0 al 9. Un ingeniero propone las siguientes posibles restricciones para la contraseña: Restricción R1: utilizar tres dígitos cualesquiera. Restricción R2: utilizar tres dígitos distintos. Restricción R3: utilizar una letra mayúscula, luego una minúscula y al final un dígito. Restricción R4: utilizar una letra cualquiera, mayúscula o minúscula, y luego dos dígitos. Si se calcula el número de posibles contraseñas de acuerdo con cada una de las restricciones, ¿cuál es el orden de las restricciones, de menor a mayor, según el número de posibles contraseñas? A. R1, R2, R4 y R3. B. R1, R2, R3 y R4. C. R2, R1, R4 y R3. D. R2, R3, R1 y R4."
simulacro-1,Matemáticas,MAT-math2026-main-41-41,math2026:main:41,09-Marzo_Cuadernillo-de-Preguntas-Matematicas-Saber-11-2026.pdf,,41,B,official,Media,enhanced_guided,False,assets/pages/09-marzo-cuadernillo-de-preguntas-matematicas-saber-11-/p027.jpg,"Pregunta 41 Un terreno con forma triangular se debe encerrar, cumpliendo con los siguientes requerimientos: Requerimiento 1. Uno de sus ángulos interiores debe ser de 90°. Requerimiento 2. Dos lados deben medir 7 metros y el otro debe medir 18 metros. Requerimiento 3. Uno de sus ángulos interiores debe ser menor que 45°. Requerimiento 4. La suma de sus ángulos interiores debe ser de 180°. ¿Cuál de los requerimientos es imposible de cumplir? A. Requerimiento 1. B. Requerimiento 2. C. Requerimiento 3. D. Requerimiento 4."
simulacro-1,Matemáticas,MAT-math2026-main-42-42,math2026:main:42,09-Marzo_Cuadernillo-de-Preguntas-Matematicas-Saber-11-2026.pdf,,42,D,official,Difícil,manual_verified,False,assets/pages/09-marzo-cuadernillo-de-preguntas-matematicas-saber-11-/p027.jpg,"27 Pregunta 42 En la figura se representa una cancha de fútbol con las medidas de sus lados. Un arquitecto realiza una maqueta del diseño de la cancha, con medida de los lados cien veces menor que las medidas originales. ¿Cuál de los siguientes diseños representa correctamente las medidas de la maqueta? Figura 60 metros 100 metros 6 x 10-2 metros 1 x 10-2 metros 6 x 10-2 centímetros 1 x 10-2 centímetros 6 x 101 metros 1 x 102 metros 6 x 101 centímetros 1 x 102 centímetros A. B. C. D."
simulacro-1,Matemáticas,MAT-math2026-main-43-43,math2026:main:43,09-Marzo_Cuadernillo-de-Preguntas-Matematicas-Saber-11-2026.pdf,,43,B,official,Media,manual_verified,False,assets/pages/09-marzo-cuadernillo-de-preguntas-matematicas-saber-11-/p028.jpg,"28 Pregunta 43 El área de los rectángulos que se pueden construir a partir del origen, los ejes y un punto que pertenece a la gráfica de la función f(x) = , donde x > 0, se describe con la expresión Ax = xf(x). ¿Cuál de las siguientes gráficas corresponde a Ax? 5 x 1 2 2 3 3 4 4 5 5 6 6 7 7 8 1 10 11 12 13 f x y 8 9 -2 -2 x y 2 4 6 8 10 2 4 6 8 10 12 14 16 -1 1 -1 2 3 4 5 6 7 x y 1 2 3 4 5 6 7 8 9 2 -2 4 6 8 10 -2 x y 2 4 6 8 10 12 14 16 18 1 -1 2 3 4 5 -1 x y 1 2 3 4 5 6 7 A. B. C. D."
simulacro-1,Matemáticas,MAT-math2026-main-44-44,math2026:main:44,09-Marzo_Cuadernillo-de-Preguntas-Matematicas-Saber-11-2026.pdf,,44,B,official,Media,enhanced_guided,False,assets/pages/09-marzo-cuadernillo-de-preguntas-matematicas-saber-11-/p029.jpg,"Pregunta 44 En un parque hay una rueda giratoria de 3 m de radio. La rueda está diseñada para 10 personas, cada una en un sector circular de igual área, como muestra la figura. Para determinar el área que le corresponde a cada persona, se divide 2π entre 10 lo que determina el ángulo θ de cada sector y se usa la fórmula del área de un sector circular S: S = r2 donde r es el radio de la circunferencia. Utilizando una aproximación de π = 3, ¿cuál es el área aproximada que le corresponde a cada persona? A. 3,6 m2 B. 2,7 m2 C. 9,0 m2 D. 1,8 m2 θ 2"
simulacro-1,Matemáticas,MAT-math2026-main-45-45,math2026:main:45,09-Marzo_Cuadernillo-de-Preguntas-Matematicas-Saber-11-2026.pdf,,45,D,official,Media,enhanced_guided,False,assets/pages/09-marzo-cuadernillo-de-preguntas-matematicas-saber-11-/p029.jpg,29 Pregunta 45 Un colegio necesita enviar 5 estudiantes como representantes a un foro sobre la contaminación del medio ambiente. Se decidió que 2 estudiantes sean de grado décimo y 3 de grado undécimo. En décimo hay 5 estudiantes preparados para el foro y en undécimo hay 4. ¿Cuántos grupos diferentes pueden formarse para enviar al foro? A. 9 B. 14 C. 20 D. 40
simulacro-1,Matemáticas,MAT-math2026-main-46-46,math2026:main:46,09-Marzo_Cuadernillo-de-Preguntas-Matematicas-Saber-11-2026.pdf,,46,C,official,Media,enhanced_guided,False,assets/pages/09-marzo-cuadernillo-de-preguntas-matematicas-saber-11-/p030.jpg,"Pregunta 46 En una feria, un niño recibe como premio una consola de videojuegos si gana en cada uno de los siguientes juegos: Juego 1. Gana si al lanzar un dado obtiene un número par (la probabilidad de ganar es de ). Juego 2. Gana si logra sacar la única pelota amarilla que hay en una bolsa que contiene 6 pelotas en total (la probabilidad de ganar es de ). Para hallar la probabilidad de ganar la consola de videojuegos se proponen los siguientes procedimientos: Procedimiento 1. Sumar las probabilidades de ganar en los dos juegos. Procedimiento 2. Multiplicar las probabilidades de ganar en los dos juegos. Procedimiento 3. Restarle a 1 la probabilidad de perder en al menos uno de los dos juegos. Procedimiento 4. Restarle a 1 la probabilidad de perder exactamente en un juego. ¿Cuáles de los anteriores procedimientos permiten hallar la probabilidad de ganar la consola de videojuegos? A. 1 y 3. B. 1 y 4. C. 2 y 3. D. 2 y 4. 1 2 1 6"
simulacro-1,Matemáticas,MAT-math2026-main-48-48,math2026:main:48,09-Marzo_Cuadernillo-de-Preguntas-Matematicas-Saber-11-2026.pdf,,48,B,official,Media,enhanced_guided,False,assets/pages/09-marzo-cuadernillo-de-preguntas-matematicas-saber-11-/p031.jpg,"Pregunta 48 Entre los 16 estudiantes de un salón de clases se va a rifar una boleta para ingresar a un parque de diversiones. Cada estudiante debe escoger un número del 3 al 18. El sorteo se efectúa de la siguiente manera: se depositan 6 balotas en una urna, cada una numerada del 1 al 6; se extrae una balota, se mira el número y se vuelve a depositar en la urna. El experimento se repite dos veces más. La suma de los tres puntajes obtenidos determina el número ganador de la rifa. Si en la primera extracción del sorteo se obtuvo 2, ¿por qué es más probable que el estudiante que escogió el número 10 gane la rifa a que la gane el estudiante con el número 7? A. Porque al ser mayor el número escogido, es mayor la probabilidad de ganar. B. Porque el primer estudiante tiene una posibilidad más de ganar que el segundo. C. Porque es más probable seguir obteniendo números pares. D. Porque es mayor la diferencia entre 10 y 18 que entre 2 y 7."
simulacro-1,Matemáticas,MAT-math2026-main-49-49,math2026:main:49,09-Marzo_Cuadernillo-de-Preguntas-Matematicas-Saber-11-2026.pdf,,49,D,official,Fácil,enhanced_guided,False,assets/pages/09-marzo-cuadernillo-de-preguntas-matematicas-saber-11-/p031.jpg,"31 Pregunta 49 En determinada zona de una ciudad se construyen edificios de apartamentos en los que cada metro cuadrado tiene un costo de $ 800.000, y se asegura a los compradores que en esta zona anualmente, el metro cuadrado se valoriza un 5 % respecto al costo del año anterior. ¿Con cuál de las siguientes expresiones se representa el costo de un metro cuadrado en esa zona, transcurridos n años? A. 800.000 + 5n B. 800.000 (5n) C. 800.000 D. 800.000 1 + 5 100 5 100 n n"
simulacro-1,Matemáticas,MAT-math2026-main-50-50,math2026:main:50,09-Marzo_Cuadernillo-de-Preguntas-Matematicas-Saber-11-2026.pdf,,50,A,official,Media,enhanced_guided,False,assets/pages/09-marzo-cuadernillo-de-preguntas-matematicas-saber-11-/p032.jpg,"32 Pregunta 50 Alfonso tiene tres empaques para almacenar dulces. Los empaques y las medidas de estos se muestran en la figura. ¿Cuál de las siguientes afirmaciones es verdadera respecto al volumen de los tres empaques? A. El volumen del cilindro es mayor que el volumen de la caja; además, el volumen de la esfera es igual que el volumen del cilindro. B. El volumen del cilindro es igual que el volumen de la caja; además, el volumen de la esfera es mayor que el volumen del cilindro. C. El volumen del cilindro es menor que el volumen de la caja; además, el volumen de la esfera es igual que el volumen del cilindro. D. El volumen del cilindro es mayor que el volumen de la caja; además, el volumen de la esfera es mayor que el volumen del cilindro. 1. Un cilindro cuya altura es h = 2, y el radio de la base mide r = . 3. Una esfera con radio r = . 2. Una caja de base cuadrada, cuya altura es h = 2 y el lado de la base mide L = . h h r L L r 3 2 3 2 3 2"
simulacro-1,Matemáticas,EXT-eva2020-math1-01-01,eva2020-math1:01,guia-matematicas-11-1.pdf,Evaluar para Avanzar 2020 - Cuadernillo 1,1,C,official,Media,official_explained,False,assets/pages/expanded/eva2020-math1/eva2020-math1-01-01-01.jpg,"En una bolsa hay 3 bolas rojas, 3 negras y 12 blancas. Una persona afirma que al sacar una bola al azar, los tres colores tienen la misma probabilidad de salir. Esta afirmación es A. verdadera, pues el número de bolas de cada color no importa. B. falsa, pues no se sabe el número total de bolas en la bolsa. C. falsa, pues hay más bolas de un color que de los otros dos. D. verdadera, pues las bolas están repartidas de igual manera. RESPONDA LAS PREGUNTAS 2 A 6 DE ACUERDO CON LA SIGUIENTE INFORMACIÓN La torre de Pisa en Toscana es uno de los sitios turísticos más representativos de Italia. En la tabla se relaciona la cantidad de personas que ingresó cada día durante una semana, según el tipo de entrada que pagó. Se pagan 17 euros de entrada y 5,5 más si se realiza reserva. Cantidad de personas que ingresaron Tipo de Lunes Martes Miércoles Jueves Viernes Sábado Domingo entrada Sin reserva 300 300 500 700 300 300 700 Con reserva 700 800 200 600 500 500 600"
simulacro-1,Matemáticas,EXT-eva2020-math1-02-06,eva2020-math1:02,guia-matematicas-11-1.pdf,Evaluar para Avanzar 2020 - Cuadernillo 1,2,C,official,Fácil,official_explained,True,assets/pages/expanded/eva2020-math1/eva2020-math1-02-06-01.jpg | assets/pages/expanded/eva2020-math1/eva2020-math1-02-06-02.jpg,"Con respecto a la vertical, la torre se ha inclinado 4° como se muestra en la gráfica. 4° ? ¿Cuánto mide el otro ángulo? A. 4º B. 14º C. 86º D. 90º"
simulacro-1,Matemáticas,EXT-eva2020-math1-02-06,eva2020-math1:03,guia-matematicas-11-1.pdf,Evaluar para Avanzar 2020 - Cuadernillo 1,3,C,official,Fácil,official_explained,True,assets/pages/expanded/eva2020-math1/eva2020-math1-02-06-01.jpg | assets/pages/expanded/eva2020-math1/eva2020-math1-02-06-02.jpg,"Aproximadamente, ¿qué porcentaje del total de personas que visitaron la torre esa semana entraron sin hacer reserva? A. 56 %. B. 50 %. C. 44 %. D. 40 %."
simulacro-1,Matemáticas,EXT-eva2020-math1-02-06,eva2020-math1:04,guia-matematicas-11-1.pdf,Evaluar para Avanzar 2020 - Cuadernillo 1,4,C,official,Media,official_explained,True,assets/pages/expanded/eva2020-math1/eva2020-math1-02-06-01.jpg | assets/pages/expanded/eva2020-math1/eva2020-math1-02-06-02.jpg,"El proceso que muestra cómo se obtiene el dinero recaudado en la semana, de cada forma de venta, es: 1 2 3 Sumar la cantidad de Multiplicar la personas que entraron con cantidad obtenida en reserva durante la semana. el paso 1 por 22,5. Comparar los resultados Sumar la cantidad de Multiplicar la personas que entraron sin cantidad obtenida en reserva durante la semana. el paso 1 por 17. ¿Cuál de las siguientes preguntas NO se puede resolver empleando una parte del proceso anterior? A. ¿Con cuál tipo de entrada se recaudó más dinero? B. ¿Cuántas personas ingresaron en la semana? C. ¿Cuál es la ganancia total del sitio turístico? D. ¿Cuánto dinero se recaudó por tipo de entrada?"
simulacro-1,Matemáticas,EXT-eva2020-math1-02-06,eva2020-math1:05,guia-matematicas-11-1.pdf,Evaluar para Avanzar 2020 - Cuadernillo 1,5,B,official,Fácil,official_explained,True,assets/pages/expanded/eva2020-math1/eva2020-math1-02-06-01.jpg | assets/pages/expanded/eva2020-math1/eva2020-math1-02-06-02.jpg,"El recaudo total de la semana, registrada en la tabla, fue aproximadamente de A. 14 mil euros. B. 140 mil euros. C. 120 euros. D. 120.000 euros."
simulacro-1,Matemáticas,EXT-eva2020-math1-02-06,eva2020-math1:06,guia-matematicas-11-1.pdf,Evaluar para Avanzar 2020 - Cuadernillo 1,6,A,official,Fácil,official_explained,True,assets/pages/expanded/eva2020-math1/eva2020-math1-02-06-01.jpg | assets/pages/expanded/eva2020-math1/eva2020-math1-02-06-02.jpg,"La mediana de la cantidad de turistas sin reserva que ingresan a la torre es 300; la de los que ingresan con reserva es 600. Solamente teniendo esto en cuenta, ¿es correcto afirmar que entran el doble de turistas con reserva que sin ella? A. No, la mediana es una medida de localización central. B. No, la mediana muestra la dispersión de los datos. C. Sí, la mediana me da el promedio de los datos. D. Sí, la mediana me da la mitad de los datos."
simulacro-1,Matemáticas,EXT-eva2020-math1-07-07,eva2020-math1:07,guia-matematicas-11-1.pdf,Evaluar para Avanzar 2020 - Cuadernillo 1,7,A,official,Media,official_explained,False,assets/pages/expanded/eva2020-math1/eva2020-math1-07-07-01.jpg,"El dueño de un parque recreativo planea construir tres piscinas y decorar sus bordes con baldosas blancas y azules, tal como se muestra en las figuras 1, 2 y 3. Figura 1 Piscina de niños. Figura 2 Piscina de recreación. Figura 3 Piscina de entrenamiento. Según la observación de las figuras 1, 2 y 3, puede afirmarse correctamente que el número de baldosas A. azules se incrementa en seis de una piscina a la del siguiente tamaño. B. blancas aumenta en ocho a medida que crece el tamaño de las piscinas. C. azules es el doble de la cantidad de baldosas blancas en cada piscina. D. blancas es la tercera parte de la cantidad de las baldosas azules."
simulacro-1,Matemáticas,EXT-eva2020-math1-08-08,eva2020-math1:08,guia-matematicas-11-1.pdf,Evaluar para Avanzar 2020 - Cuadernillo 1,8,D,official,Fácil,official_explained,False,assets/pages/expanded/eva2020-math1/eva2020-math1-08-08-01.jpg,"Se lanzan cuatro fichas que tienen dos caras cada una. Una de las fichas es azul por sus dos caras, otra es blanca por sus dos caras y las otras fichas tienen una cara azul y una cara blanca. ¿Cuál de los siguientes eventos es imposible que ocurra? A. Obtener una cara azul y tres caras blancas. B. Obtener dos caras azules y dos caras blancas. C. Obtener tres caras azules y una cara blanca. D. Obtener cuatro caras azules y cero blancas."
simulacro-1,Matemáticas,EXT-eva2020-math1-09-09,eva2020-math1:09,guia-matematicas-11-1.pdf,Evaluar para Avanzar 2020 - Cuadernillo 1,9,A,official,Media,official_explained,False,assets/pages/expanded/eva2020-math1/eva2020-math1-09-09-01.jpg,"El costo de la boleta en un cinema depende de la edad de la persona, como lo muestra la tabla. Edad en años (X) Costo en pesos (Y) Desde 0 y hasta 8 5.000 Más de 8 y hasta 16 7.000 Más de 16 y hasta 56 10.000 Más de 56 6.000 La gráfica que representa esta función es A. B. Y Y 10.000 10.000 9.000 9.000 8.000 8.000 7.000 7.000 6.000 6.000 5.000 5.000 4.000 4.000 3.000 3.000 2.000 2.000 1.000 1.000 0 X 0 X 0 8 16 24 32 40 48 56 0 8 16 24 32 40 48 56 C. D. Y Y 10.000 10.000 9.000 9.000 8.000 8.000 7.000 7.000 6.000 6.000 5.000 5.000 4.000 4.000 3.000 3.000 2.000 2.000 1.000 1.000 0 X 0 X 0 8 16 24 32 40 48 56 0 8 16 24 32 40 48 56"
simulacro-2,Matemáticas,EXT-eva2020-math1-10-10,eva2020-math1:10,guia-matematicas-11-1.pdf,Evaluar para Avanzar 2020 - Cuadernillo 1,10,B,official,Media,official_explained,False,assets/pages/expanded/eva2020-math1/eva2020-math1-10-10-01.jpg,"En la figura se muestra la construcción de una cometa triangular, en la que se conoce únicamente la medida del ángulo M = 150º. El ángulo O debe ser menor que 150º para que la cometa vuele. M N P O Se realiza el siguiente análisis para saber si la cometa volará o no volará: I. Tomando en cuenta que M = 150º, N = 180º - 150º. II. N = 30º. III. La suma de los ángulos de un triángulo debe ser 160º. IV. Si N = 30º, O + P = 160º - 30º. V. O + P = 130º. VI. Así que O debe ser menor que 130º. VII. Finalmente, si O < 130º entonces O < 150º. VIII. La cometa volará. Del anterior análisis, el paso en el que se comete un error es el A. I, porque si M = 150º, N debe ser la resta entre 160º y 150º, es decir, N = 10º. B. III, porque la suma de los ángulos internos de un triángulo debe ser 180º. C. VII, porque O < 130º no quiere decir O < 150º. D. VIII, porque si O < 150º la cometa no volará."
simulacro-2,Matemáticas,EXT-eva2020-math1-11-11,eva2020-math1:11,guia-matematicas-11-1.pdf,Evaluar para Avanzar 2020 - Cuadernillo 1,11,D,official,Media,official_explained,False,assets/pages/expanded/eva2020-math1/eva2020-math1-11-11-01.jpg,Se realizó una encuesta a 200 clientes de una empresa de telecomunicaciones para saber cómo califican la calidad del servicio que reciben. La siguiente gráfica muestra los porcentajes de las calificaciones dadas por los clientes: Porcentajes Calificación del servicio 15 % 10 % Malo Clientes insatisfechos con el servicio Regular Bueno Clientes satisfechos 35 % 40 % Excelente con el servicio La afirmación verdadera acerca de los resultados de la encuesta es: A. Más de 30 clientes consideran que la calidad del servicio que ofrece la empresa es excelente. B. Menos de 50 clientes consideran que la calidad del servicio que ofrece la empresa es regular. C. Menos de 55 clientes están satisfechos con el servicio que ofrece la empresa. D. Más de 60 clientes consideran que la calidad del servicio que ofrece la empresa es bueno.
simulacro-2,Matemáticas,EXT-eva2020-math1-12-12,eva2020-math1:12,guia-matematicas-11-1.pdf,Evaluar para Avanzar 2020 - Cuadernillo 1,12,D,official,Media,official_explained,False,assets/pages/expanded/eva2020-math1/eva2020-math1-12-12-01.jpg,"En una clase de Matemáticas se plantea la siguiente actividad: “Quisiéramos dividir el segmento MN en dos partes congruentes”. M N Para su construcción, un estudiante efectuó de manera correcta el siguiente procedimiento: Se construyen dos triángulos equiláteros MNP y MNQ. Luego se traza el segmento PQ, intersecando a MN en R, los ángulos ∠ MPR y ∠RPN son congruentes entre sí. Como los triángulos MRP y PRN que se forman son congruentes, entonces MR es congruente con RN. Por tanto, MN se ha dividido en dos partes congruentes en el punto R. De acuerdo con la información anterior, la construcción geométrica que debió hacer el estu- diante para realizar la actividad fue A. B. M P M P R R Q N Q N C. D. P P M M R Q N N R Q RESPONDA LAS PREGUNTAS 13 Y 14 DE ACUERDO CON LA SIGUIENTE INFORMACIÓN La gráfica y la tabla muestran parte de la información que recibe la familia Ramírez en su factura telefónica del mes de enero. Diagrama de barras de los últimos Estado de cuenta mes de enero consumos de voz Saldo anterior $49.610,00 Su plan local actual es de 220 minutos Gracias por su pago $-49.610,00 Saldo $0 400 389 Cargos del mes $35.416,83 350 331 IVA $6.378,70 321 300 Subtotal $41.795,53 250 consumidos 214 Crédito por ajuste a 205 la decena $-5,53 200 171 Total a pagar $41.790,00 148 Minutos 150 Cargos del mes 100 Plan local $20.086,21 50 Consumo adicional $14.065,92 0 Llamada en espera $1.264,70 Jul. Ago. Sep. Oct. Nov. Dic. Ene. Últimos consumos de voz Total cargos del mes $35.416,83 Gráfica Tabla"
simulacro-2,Matemáticas,EXT-eva2020-math1-13-14,eva2020-math1:13,guia-matematicas-11-1.pdf,Evaluar para Avanzar 2020 - Cuadernillo 1,13,B,official,Fácil,official_explained,True,assets/pages/expanded/eva2020-math1/eva2020-math1-13-14-01.jpg,El tiempo adicional consumido por la familia Ramírez en enero fue: A. 1 hora y 11 minutos. B. 1 hora y 51 minutos. C. 3 horas y 40 minutos. D. 5 horas y 31 minutos.
simulacro-2,Matemáticas,EXT-eva2020-math1-13-14,eva2020-math1:14,guia-matematicas-11-1.pdf,Evaluar para Avanzar 2020 - Cuadernillo 1,14,C,official,Fácil,official_explained,True,assets/pages/expanded/eva2020-math1/eva2020-math1-13-14-01.jpg,"El señor Ramírez considera que el valor del minuto adicional del mes de enero fue excesivo. Su hija asegura que la diferencia entre el valor del minuto del plan y el valor del minuto adicional es de $35,42. ¿Cuál de los siguientes datos NO se necesita para hallar esta diferencia? A. La cantidad de minutos del plan. B. El valor del consumo adicional. C. El total de cargos del mes. D. El valor del plan local. RESPONDA LAS PREGUNTA 15 DE ACUERDO CON LA SIGUIENTE INFORMACIÓN En el servicio de urgencias de un hospital se sigue este procedimiento para clasificar a un paciente: en el momento de su llegada recibe un número de turno con la hora de llegada; cuando el tablero digital muestra ese número, el paciente pasa a valoración y se clasifica; luego regresa a la sala a esperar el llamado para ser atendido. La tabla muestra los niveles de clasificación, el tiempo de espera en sala desde que el paciente recibe el turno y el porcentaje de personas clasificadas diariamente en cada nivel. Distribución diaria Tiempo en sala de los pacientes Nivel de espera por niveles (%) I Atención inmediata 1 % II Entre 5 minutos y 2 horas 5 % III Entre 4 y 6 horas 74 % Debe solicitar atención IV por consulta externa 20 %"
simulacro-2,Matemáticas,EXT-eva2020-math1-15-15,eva2020-math1:15,guia-matematicas-11-1.pdf,Evaluar para Avanzar 2020 - Cuadernillo 1,15,D,official,Media,official_explained,False,assets/pages/expanded/eva2020-math1/eva2020-math1-15-15-01.jpg,Isabel llegó a este hospital y recibió el turno 180. Fue clasificada en Nivel III y al cabo del máximo tiempo indicado para ese nivel es llamada para ser atendida; en ese momento observa que el tablero digital va en el número 240. ¿Aproximadamente cuántas personas por hora llegaron a la sala de espera mientras Isabel estuvo allí? A. 60 personas por hora. B. 40 personas por hora. C. 15 personas por hora. D. 10 personas por hora.
simulacro-2,Matemáticas,EXT-eva2020-math1-16-16,eva2020-math1:16,guia-matematicas-11-1.pdf,Evaluar para Avanzar 2020 - Cuadernillo 1,16,A,official,Media,official_explained,False,assets/pages/expanded/eva2020-math1/eva2020-math1-16-16-01.jpg,"Cada uno de los lados del cuadrilátero de la figura se traslada una unidad hacia la izquierda; luego se amplía esta al doble de su tamaño, manteniéndose fijo el vértice inferior. Dos de los vértices del cuadrilátero ampliado son (-5,7) y (-1,1). y 5 (-2,4) (2,4) 4 2 1 x -3 -2 -1 1 2 3 ¿Cuáles son las coordenadas de los otros dos vértices? A. (-1,5) y (3,7). B. (5,-1) y (7,3). C. (5,7) y (1,1). D. (1,5) y (-5,-7)."
simulacro-2,Matemáticas,EXT-eva2020-math1-17-17,eva2020-math1:17,guia-matematicas-11-1.pdf,Evaluar para Avanzar 2020 - Cuadernillo 1,17,B,official,Media,official_explained,False,assets/pages/expanded/eva2020-math1/eva2020-math1-17-17-01.jpg,"Un empresario compra un apartamento de $80.000.000 (incluidos los intereses), y acuerda pagarlo en cuotas mensuales de igual valor. Para ello, le ofrecen las siguientes opciones de pago que se muestran en la tabla. N.° de cuotas Valor cuota ($) 50 1.600.000 40 2.000.000 32 2.500.000 25 3.200.000 20 4.000.000 16 5.000.000 10 8.000.000 8 10.000.000 Respecto a la información de la tabla, es verdadero afirmar que A. el empresario paga más por el apartamento dependiendo de la cantidad de cuotas que decida pagar. B. de manera proporcional, a mayor cantidad de cuotas menor valor se pagará en cada una de ellas. C. el empresario paga solo el valor del apartamento únicamente cuando elige el menor número de cuotas. D. de manera proporcional, a mayor valor pagado por cuota, más tiempo se tardará en pagar la deuda."
simulacro-2,Matemáticas,EXT-eva2020-math1-18-18,eva2020-math1:18,guia-matematicas-11-1.pdf,Evaluar para Avanzar 2020 - Cuadernillo 1,18,A,official,Fácil,official_explained,False,assets/pages/expanded/eva2020-math1/eva2020-math1-18-18-01.jpg,"Para ambientar musicalmente una reunión, se cuenta con tres CD, cada uno de ellos tiene canciones de salsa (S) y merengue (M). ¿Cuál de los siguientes diagramas representa la situación de seleccionar al azar una canción del CD1, luego una del CD2 y finalmente una del CD3? A. B. CD1 CD2 CD3 CD1 CD2 CD3 S S S S M S S S S S M S M S S M S M M M M M S M M M M M C. D. S S S S S M CD1 CD1 S S S M S M M S M S M M CD2 CD2 M S M M M M M S M S S M CD3 CD3 M S S M S M"
simulacro-2,Matemáticas,EXT-eva2020-math1-19-19,eva2020-math1:19,guia-matematicas-11-1.pdf,Evaluar para Avanzar 2020 - Cuadernillo 1,19,C,official,Media,official_explained,False,assets/pages/expanded/eva2020-math1/eva2020-math1-19-19-01.jpg,"Para observar los efectos de un medicamento, este se inyecta en un animal y se registra el comportamiento de la temperatura (ºC) en función del tiempo (horas), como lo muestra la gráfica. (°C) 38 37 36 35 Temperatura 34 1 2 3 Tiempo en horas (t) ¿Cuál de las siguientes expresiones corresponde a la curva que describe la temperatura del animal en función del tiempo? A. B. 2π 2π F(t) = 3cos t + 38 t + 36 F(t) = 2cos 3 3 C. D. F(t) = 3sen 2π t + 38 F(t) = 2sen 2π t + 36 3 3"
simulacro-2,Matemáticas,EXT-eva2020-math1-20-20,eva2020-math1:20,guia-matematicas-11-1.pdf,Evaluar para Avanzar 2020 - Cuadernillo 1,20,A,official,Fácil,official_explained,False,assets/pages/expanded/eva2020-math1/eva2020-math1-20-20-01.jpg,"La velocidad máxima de un auto es 100 km/h. Pilar afirma que, a su velocidad máxima, en 100 horas el auto avanzará 1 km. La afirmación de Pilar es A. falsa, porque a la velocidad máxima en una hora recorrerá 100 km. B. verdadera, porque al dividir la velocidad máxima entre 100 horas se obtiene 1 km. C. falsa, porque en 100 horas el auto recorrerá 100 km. D. verdadera, porque al dividir 100 entre 1, se obtiene el valor 100. FIN"
simulacro-2,Matemáticas,EXT-math2019-01-01,math2019:01,Cuadernillo-MT.pdf,,1,A,official,Media,enhanced_guided,False,assets/pages/expanded/math2019/p005.jpg,"Un sistema de transporte masivo tiene varias estaciones (E1, E2,…) sobre una avenida. En condiciones normales, entre dos estaciones consecutivas, un bus se demora 4 minutos y en cada parada, 30 segundos. En la figura, los círculos sombreados representan las paradas de cada ruta (R1, R2,...). Un usuario que desea ir de E1 a E10 en el menor tiempo, determinó, con base en la figura, que la ruta que más le convenía tomar era R2 y estimó el tiempo que tardaría viajando en el bus así: I. Contó la cantidad de tramos entre estaciones consecutivas que había en su recorrido: 10. II. Multiplicó el número obtenido en I (10) por la cantidad de minutos (4) que tardará entre dos estaciones consecutivas: 40 minutos. III. Al resultado anterior le sumó 30 segundos por la parada que hará en E6: 40,5 minutos. Este procedimiento es incorrecto en el(los) paso(s) A. I solamente. B. I y II solamente. C. II solamente. D. II y III solamente. E1 E2 E3 E4 E5 E6 E7 E8 E9 E10 R1 R2 R3 R4 R5 Figura 1."
simulacro-2,Matemáticas,EXT-math2019-02-02,math2019:02,Cuadernillo-MT.pdf,,2,C,official,Media,enhanced_guided,False,assets/pages/expanded/math2019/p005.jpg,"5 Prueba de Matemáticas Una persona que vive en Colombia tiene inversiones en dólares en Estados Unidos, y sabe que la tasa de cambio del dólar respecto al peso colombiano se mantendrá constante este mes, sien- do 1 dólar equivalente a 2.000 pesos colombianos y que su inversión, en dólares, le dará ganan- cias del 3 % en el mismo periodo. Un amigo le asegura que en pesos sus ganancias también se- rán del 3 %. La afirmación de su amigo es A. correcta, pues, sin importar las variaciones en la tasa de cambio, la proporción en que au- menta la inversión en dólares es la misma que en pesos. B. incorrecta, pues debería conocerse el valor exacto de la inversión para poder calcular la cantidad de dinero que ganará. C. correcta, pues el 3 % representa una proporción fija en cualquiera de las dos monedas, puesto que la tasa de cambio permanecerá constante. D. incorrecta, pues el 3 % representa un incremento, que será mayor en pesos colombianos, pues en esta moneda cada dólar representa un valor 2.000 veces mayor. 2."
simulacro-2,Matemáticas,EXT-math2019-03-03,math2019:03,Cuadernillo-MT.pdf,,3,B,official,Media,enhanced_guided,False,assets/pages/expanded/math2019/p006.jpg,"Las directivas de un colegio tienen que organizar un viaje a un museo con 140 estudiantes, quie- nes deben dividirse en 3 grupos. Cada grupo irá en una franja diferente, pero el costo total de las entradas se asumirá equitativamente por los estudiantes. En la tabla se muestran los horarios disponibles, la máxima cantidad de estudiantes y los precios respectivos de cada horario. Con el fin de que todos los estudiantes asistan y paguen el menor precio, las directivas eligieron las franjas 1, 3 y 4. ¿Esta elección garantiza que asistan todos los estudiantes al menor precio posible? A. Sí, porque esas franjas suman exactamente 140 estudiantes. B. No, porque es posible obtener un precio menor eligiendo la franja 2 en lugar de la franja 3. C. Sí, porque se incluyó la franja 1 que es la de menor precio por estudiante. D. No, porque los estudiantes que van en la franja 3 pagan más. Tabla Franja Horario Cantidad máxima de estudiantes Precio entrada por estudiante 1 2 3 4 8 h - 10 h 10 h - 12 h 12 h - 14 h 14 h - 16 h 50 40 30 60 $35.000 $40.000 $50.000 $45.000 Para capacitar en informática básica a los trabajadores de algunas dependencias de una empresa, se contrata una institución que ofrece un plan educativo de 4 módulos (ver tabla). Capacitación en informática básica Módulo I Fundamentación 40 h $35.000 Procesador de texto 30 h $30.000 Hoja de cálculo 40 h $40.000 Presentación con diapositivas 10 h $45.000 II III IV Nombre del módulo Intensidad horaria Valor por hora La capacitación de cada módulo se hace con cursos de mínimo 20 y máximo 30 personas, de la misma dependencia. Tabla RESPONDA LAS PREGUNTAS 4 A 6 DE ACUERDO CON LA SIGUIENTE INFORMACIÓN 3."
simulacro-2,Matemáticas,EXT-math2019-04-06,math2019:04,Cuadernillo-MT.pdf,,4,C,official,Fácil,enhanced_guided,True,assets/pages/expanded/math2019/p006.jpg | assets/pages/expanded/math2019/p007.jpg,La empresa pagará $4.200.000 por capacitar a los trabajadores de la dependencia “Insumos” en el módulo I; esto quiere decir que la dependencia tiene entre A. 20 y 30 trabajadores. B. 41 y 60 trabajadores. C. 61 y 90 trabajadores. D. 80 y 120 trabajadores. 4.
simulacro-2,Matemáticas,EXT-math2019-04-06,math2019:06,Cuadernillo-MT.pdf,,6,D,official,Media,manual_verified,True,assets/pages/expanded/math2019/p006.jpg | assets/pages/expanded/math2019/p007.jpg,"La empresa paga $900.000 por capacitar a 40 funcionarios. Cada curso admite máximo 30 personas. Según la tabla de duración y valor por hora, ¿a qué módulo corresponde la capacitación?"
simulacro-2,Matemáticas,EXT-math2019-07-08,math2019:07,Cuadernillo-MT.pdf,,7,B,official,Media,enhanced_guided,True,assets/pages/expanded/math2019/p007.jpg | assets/pages/expanded/math2019/p008.jpg,"7 Prueba de Matemáticas Se necesita comparar la información sobre la obesidad, con la información sobre muertes causa- das por otra enfermedad en P3. Se sabe que en P3 el número de muertes por esa enfermedad al año es 1.700. Tomando este valor, multiplicándolo por cien y dividiéndolo entre el número total de muertes en P3, se obtiene el porcentaje de fallecimientos que causa esta enfermedad. Usan- do la información, ¿es posible determinar qué porcentaje de muertes en P3 ocurre debido a esta otra enfermedad? A. Sí, porque adicionando el número de muertes de los países se obtiene el total de muertes que permite calcular el porcentaje pedido. B. Sí, porque solamente falta conocer el número total de muertes en P3, que se obtiene con la información de la figura. C. No, porque en la figura faltan los datos sobre el número total de muertes en cada país. D. No, porque los datos de P3 son información sobre las muertes por obesidad. 7."
simulacro-2,Matemáticas,EXT-math2019-07-08,math2019:08,Cuadernillo-MT.pdf,,8,D,official,Fácil,manual_verified,True,assets/pages/expanded/math2019/p007.jpg | assets/pages/expanded/math2019/p008.jpg,"Un hombre de 30 años pesa 75 kg y mide 3/2 m. El IMC se calcula como peso dividido entre estatura al cuadrado. Según las tablas, ¿a qué grupo pertenece?"
simulacro-2,Matemáticas,EXT-math2019-09-13,math2019:09,Cuadernillo-MT.pdf,,9,C,official,Fácil,enhanced_guided,True,assets/pages/expanded/math2019/p008.jpg | assets/pages/expanded/math2019/p009.jpg,"Una persona afirma que para el comerciante es más rentable vender 6 toneladas de mango en la ciudad Z que en la ciudad W. La afirmación de esta persona es correcta, porque A. el dinero recibido en la venta del producto en la ciudad Z es mayor que el recibido en la ciudad W. B. la diferencia entre el precio de venta por tonelada es mayor que la diferencia entre el costo de transporte por camión. C. la diferencia entre las ventas totales en cada ciudad es mayor que la diferencia entre los gastos totales. D. el dinero total gastado en empleados y transporte es mayor en la ciudad W que en la ciudad Z. 9."
simulacro-2,Matemáticas,EXT-math2019-09-13,math2019:12,Cuadernillo-MT.pdf,,12,B,official,Fácil,enhanced_guided,True,assets/pages/expanded/math2019/p008.jpg | assets/pages/expanded/math2019/p009.jpg,"Si se transportan 7 toneladas de fruta a la ciudad W y 10 toneladas de fruta a la ciudad Z, la grá- fica que muestra la relación de costos por ciudad es A. C. B. D. Costos en pesos Ciudad W Ciudad Z 0 50.000 100.000 150.000 200.000 250.000 300.000 350.000 400.000 450.000 Costo transporte camiones Costo pago trabajadores Costos en pesos Ciudad W Ciudad Z 0 50.000 100.000 150.000 200.000 250.000 300.000 350.000 400.000 450.000 Costo transporte camiones Costo pago trabajadores Costos en pesos Ciudad W Ciudad Z 0 100.000 200.000 300.000 400.000 500.000 600.000 700.000 800.000 900.000 Costo transporte camiones Costo pago trabajadores Costos en pesos Ciudad W Ciudad Z 0 100.000 200.000 300.000 400.000 500.000 600.000 700.000 800.000 900.000 Costo transporte camiones Costo pago trabajadores 12."
simulacro-2,Matemáticas,EXT-math2019-09-13,math2019:13,Cuadernillo-MT.pdf,,13,D,official,Fácil,enhanced_guided,True,assets/pages/expanded/math2019/p008.jpg | assets/pages/expanded/math2019/p009.jpg,"9 Prueba de Matemáticas Durante enero, el comerciante vendió 100 toneladas de mango y 50 de banano, y contrató 10 trabajadores. Con esta información es posible conocer A. la ganancia de los productores. B. el pago que recibirá cada trabajador en enero. C. los costos totales del comerciante. D. el número mínimo de viajes que se realizaron desde el pueblo. 13."
simulacro-2,Matemáticas,EXT-math2019-14-14,math2019:14,Cuadernillo-MT.pdf,,14,B,official,Fácil,enhanced_guided,False,assets/pages/expanded/math2019/p010.jpg,"Si en un rectángulo se aumenta la longitud de uno de sus lados en 100 %, su área A. aumenta en un 50 %. B. se duplica. C. no cambia. D. aumenta en 100 unidades. 14."
simulacro-2,Matemáticas,EXT-math2019-15-15,math2019:15,Cuadernillo-MT.pdf,,15,A,official,Media,enhanced_guided,False,assets/pages/expanded/math2019/p010.jpg,"Un estudio de mercadeo identifica el número de unidades vendidas de un producto de una marca específica, de acuerdo con la cantidad de marcas que compiten contra ella en una tienda y el número de unidades vendidas sin competencia. La gráfica muestra los resultados del estudio para ese producto en un mes. Suponiendo un comportamiento análogo para una tienda que vende 1.250 unidades del producto cuando este no tiene competencia en un principio, ¿cuántas unidades se venderán aproximadamente de este producto en un mes, si compite contra 3 marcas de las que aparecen en la gráfica? A. Entre 480 y 520 B. Entre 680 y 720 C. Entre 730 y 780 D. Entre 930 y 970 Gráfica Ventas Unidades vendidas Cantidad de marcas que compiten 0 0 100 200 300 400 500 1 2 3 600 15."
simulacro-2,Matemáticas,EXT-math2019-17-17,math2019:17,Cuadernillo-MT.pdf,,17,B,official,Fácil,enhanced_guided,False,assets/pages/expanded/math2019/p011.jpg,"Observa la figura. Para calcular el área de la figura se empleó el siguiente procedimiento: El anterior procedimiento es A. incorrecto, ya que As equivale a k2 π. 2 . k B. correcto, pues el radio equivale a C. correcto, ya que se ha sumado Ac y 4 . As k2 π 4 . D. incorrecto, pues As equivale a Figura k La figura se compone de un cuadrado de lado k y un semicírculo. Af : Área de la figura. Ac : Área del cuadrado. As : Área del semicírculo. Ac = k · k = k2 Af = Ac + As As = = = 2 2 k π 2 4 2 k π 2 k π 2 8 Af = + = 8 π 1 + k π 2 8 k2 k2 Paso 1. Paso 2. Paso 3. Paso 4. 17."
simulacro-2,Matemáticas,EXT-math2019-18-18,math2019:18,Cuadernillo-MT.pdf,,18,D,official,Media,enhanced_guided,False,assets/pages/expanded/math2019/p011.jpg,"11 Prueba de Matemáticas En un juego, el animador elige tres números positivos, X, Z y W, y una vez elegidos debe pro- veerles a los participantes información que permita hallar los números, declarando ganador al ju- gador que primero los encuentre. En una ocasión, el animador les suministró como pistas a los participantes los valores R = XZ, S = XW y T = ZW, información suficiente para hallar los valores de X, Z y W. Una de las jugadoras quiere hallar X primero; la forma de hallarlo es resolviendo A. R + S B. √RST C. R + S - T 2 D. RS T 18."
simulacro-2,Matemáticas,EXT-math2019-20-20,math2019:20,Cuadernillo-MT.pdf,,20,A,official,Media,enhanced_guided,False,assets/pages/expanded/math2019/p012.jpg,"La tabla presenta la información sobre el gasto en publicidad y las ganancias de una empresa du- rante los años 2000 a 2002. La función que representa la ganancia obtenida G, en millones de pesos, en función del gasto en publicidad p, es A. G(p) = 30p + 2.000 B. G(p) = 10p C. G(p) = 40p D. G(p) = 40p - 800 Año Gasto en publicidad* Ganancia obtenida* 2000 200 8.000 2001 280 10.400 2002 250 *Datos en millones de pesos. 9.500 Tabla 20."
simulacro-2,Matemáticas,EXT-math2019-21-21,math2019:21,Cuadernillo-MT.pdf,,21,C,official,Media,enhanced_guided,False,assets/pages/expanded/math2019/p012.jpg,"Los organizadores de un campeonato internacional de patinaje entregan la medallería solo a los países que hayan ocupado los tres primeros puestos. La tabla muestra el número de formas po- sibles en que se pueden ocupar los tres primeros puestos que se premiarán, según el número de países participantes. Una forma de generalizar la relación entre los datos anteriores es Número de países participantes (n) Número de formas posibles de ocupar los tres primeros puestos (f) 3 4 5 6 … 6 24 60 120 … Tabla n! (n - 3)!3! f = A. f = 3(3n-2 - 1) B. n! (n - 3)! f = C. f = n(n - 1)(n - 2)2 D. 21."
simulacro-2,Matemáticas,EXT-math2019-22-22,math2019:22,Cuadernillo-MT.pdf,,22,C,official,Media,enhanced_guided,False,assets/pages/expanded/math2019/p013.jpg,"La línea punteada en la figura muestra un corte realizado a un triángulo. El corte es paralelo a la base y corta por la mitad a la altura que es perpendicular a la base. Para realizar el corte, se determinó la altura del triángulo usando la fórmula sen(45°) = ; luego se dividió h entre dos. Realizando este procedimiento, y teniendo en cuenta que sen(45°) = ≈ 0,71, la distancia a la que se cortó la altura del triángulo fue, aproximadamente, A. 85 cm. B. 60 cm. C. 42 cm. D. 30 cm. h 120 √2 2 h 120 cm 45° Figura 22."
simulacro-2,Matemáticas,EXT-math2019-23-23,math2019:23,Cuadernillo-MT.pdf,,23,B,official,Media,enhanced_guided,False,assets/pages/expanded/math2019/p013.jpg,"Un cartabón es una plantilla que se utiliza en dibujo técnico y que tiene forma de triángulo rec- tángulo escaleno, de modo que su hipotenusa mide el doble del cateto de menor longitud. Si el cateto más largo de un cartabón mide 32 centímetros, como muestra la figura, ¿cuál de las siguientes medidas corresponde a su cateto menor? 32 cm. 3 64 cm. 3 60° Recuerde que: sen30° = ; 1 2 cos30° = ; 3 2 tan30° = ; 3 1 sen60° = ; 3 2 cos60° = ; 1 2 tan60° = ; 3 16 cm. 27 cm. A. B. C. D. 32 cm Figura 23."
simulacro-2,Matemáticas,EXT-math2019-24-24,math2019:24,Cuadernillo-MT.pdf,,24,C,official,Media,enhanced_guided,False,assets/pages/expanded/math2019/p013.jpg,"13 Prueba de Matemáticas A partir de un conjunto de números S, cuyo promedio es 9 y desviación estándar 3, se construye un nuevo conjunto de números T, tomando cada elemento de S y sumándole 4 unidades. Si, por ejemplo, 8 es un elemento de S, entonces el número 8 + 4 = 12 es un elemento de T. Es co- rrecto afirmar, entonces, que para los elementos del conjunto T su promedio y su desviación es- tándar son, respectivamente, A. 9 y 3. B. 9 y 7. C. 13 y 3. D. 13 y 7. 24."
simulacro-2,Matemáticas,EXT-math2019-26-26,math2019:26,Cuadernillo-MT.pdf,,26,C,official,Fácil,enhanced_guided,False,assets/pages/expanded/math2019/p014.jpg,"Según la información anterior, es correcto afirmar que A. la mayor parte del parque automotor son automóviles, camionetas y camperos. B. la mitad del parque automotor corresponde a automóviles, camionetas y camperos. C. la mayor parte del parque automotor son buses, microbuses y busetas. D. la mitad del parque automotor corresponde a buses, microbuses y busetas. 23% 24% 18% 18% 9% 7% 1% TRANSPORTE INTERMUNICIPAL DE PASAJEROS Buseta Automóvil Camioneta Campero Bus escalera Bus Microbús Gráfica Tomado de: Superintendencia de Puertos y Transporte (2009). A continuación se muestran los resultados de una encuesta que indagó sobre el parque automotor del transporte intermunicipal en Colombia. 26."
simulacro-2,Matemáticas,EXT-math2019-28-28,math2019:28,Cuadernillo-MT.pdf,,28,A,official,Media,enhanced_guided,False,assets/pages/expanded/math2019/p015.jpg,"En una institución educativa hay dos cursos en grado undécimo. El número de hombres y mujeres de cada curso se relaciona en la tabla: Número de mujeres Número de hombres 40 Total Curso 11A Curso 11B Total Tabla 22 18 23 12 35 45 30 75 La probabilidad de escoger un estudiante de grado undécimo, de esta institución, que sea mujer es de . Este valor corresponde a la razón entre el número total de mujeres y 3 5 A. el número total de estudiantes de grado undécimo. B. el número total de hombres de grado undécimo. C. el número total de mujeres del curso 11 B. D. el número total de hombres del curso 11 A. 28."
simulacro-2,Matemáticas,EXT-math2019-29-29,math2019:29,Cuadernillo-MT.pdf,,29,C,official,Fácil,enhanced_guided,False,assets/pages/expanded/math2019/p015.jpg,"15 Prueba de Matemáticas Para fijar un aviso publicitario se coloca sobre un muro una escalera a 12 metros del suelo (ver figura 1). Las figuras, además, muestran la situación y algunas de las medidas involucradas. ¿Cuál es el coseno del ángulo que forman el suelo y la escalera? Publicidad 12 m 5 m Figura 1 5 Escalera Muro Figura 2 12 13 12 13 A. 12 5 B. 5 13 C. 13 5 D. 29."
simulacro-2,Matemáticas,EXT-math2019-30-30,math2019:30,Cuadernillo-MT.pdf,,30,B,official,Media,enhanced_guided,False,assets/pages/expanded/math2019/p016.jpg,"En la tabla se presentan las cartas que conforman una baraja de póquer. Si la probabilidad de escoger una de ellas que cumpla dos características determinadas es cero, estas características podrían ser: A. Ser una carta negra y ser un número par. B. Ser una carta roja y ser de picas. C. Ser una carta de corazones y ser un número impar. D. Ser una carta roja K y ser de diamantes. 1 2 3 4 5 6 7 8 9 10 11 12 13 A 2 3 4 5 6 7 8 9 10 J Q K A 2 3 4 5 6 7 8 9 10 J Q K A 2 3 4 5 6 7 8 9 10 J Q K A 2 3 4 5 6 7 8 9 10 J Q K Picas Número NEGRAS ROJAS Diamantes Tréboles Corazones Tabla 30."
simulacro-2,Matemáticas,EXT-math2019-31-31,math2019:31,Cuadernillo-MT.pdf,,31,B,official,Fácil,enhanced_guided,False,assets/pages/expanded/math2019/p016.jpg,"Un octágono regular es un polígono de ocho lados y ocho ángulos internos congruentes. La figura muestra un octágono regular inscrito en una circunferencia de radio 2. Con la expresión se puede calcular en el octágono de la figura, la medida del A. ángulo OPQ. B. segmento PQ. C. ángulo QOP. D. segmento OQ. x = 2sen45° sen67,5° 135° 135° 135° 135° 135° 135° 135° 67,5° O Q P Figura 31."
simulacro-2,Matemáticas,EXT-math2019-32-32,math2019:32,Cuadernillo-MT.pdf,,32,D,official,Media,enhanced_guided,False,assets/pages/expanded/math2019/p017.jpg,"En una fábrica se aplica una encuesta a los empleados para saber el medio de transporte que usan para llegar al trabajo, y luego decidir si se implementa un servicio de ruta. Los resultados mostraron, entre otras, estas tres conclusiones sobre un grupo de 100 empleados que viven cerca de la fábrica y que se desplazan únicamente en bus o a pie: • El 60% del grupo son mujeres. • El 20% de las mujeres se desplazan en bus. • El 40% de los hombres se desplazan caminando. ¿Cuál de las siguientes tablas representa correctamente la información obtenida de ese grupo? Género Hombre En bus Caminando Mujer Transporte A. Género Hombre En bus Caminando 12 38 Mujer Transporte B. Género Hombre En bus Caminando 0 20 Mujer Transporte C. Género Hombre En bus Caminando 12 Mujer Transporte D. 32."
simulacro-2,Matemáticas,EXT-math2019-33-33,math2019:33,Cuadernillo-MT.pdf,,33,B,official,Media,enhanced_guided,False,assets/pages/expanded/math2019/p017.jpg,"17 Prueba de Matemáticas Un trapecio isósceles es un cuadrilátero que tiene un solo par de lados paralelos y los otros dos, de igual medida. En un plano cartesiano se dibuja un trapecio isósceles de modo que el eje Y divide al trapecio en dos figuras iguales. Si las coordenadas de dos de los vértices del trapecio son (-4, 2) y (-2, 8), ¿Cuáles son las coorde- nadas de los otros dos vértices? A. (8, 2) y (2, 4). B. (2, 8) y (4, 2). C. (-2, -4) y (-8, -2). D. (-4, -2) y (-2, -8). 33."
simulacro-2,Matemáticas,EXT-math2019-34-35,math2019:34,Cuadernillo-MT.pdf,,34,B,official,Fácil,enhanced_guided,True,assets/pages/expanded/math2019/p018.jpg,"Después de analizar la información, Ángela afirma: “Con la modalidad I, el valor de la cuota disminuirá $50.000 en cada mes”. La afirmación es correcta porque A. el interés total del crédito será $300.000 y cada mes disminuirá $50.000. B. cada mes se abonará al crédito $1.000.000 y el interés disminuirá en $50.000. C. cada mes aumentará el abono al crédito en $50.000, de manera que el interés disminuirá. D. el abono al crédito disminuirá $50.000 cada mes, al igual que el interés. 34."
simulacro-2,Matemáticas,EXT-math2019-34-35,math2019:35,Cuadernillo-MT.pdf,,35,C,official,Fácil,enhanced_guided,True,assets/pages/expanded/math2019/p018.jpg,"El interés total de un crédito es la cantidad de dinero que se paga adicional al valor del mismo. ¿Cuál(es) de los siguientes procesos podría utilizar la entidad, para calcular el interés total del crédito de Ángela, si se pagara con la modalidad II? Proceso 1. Calcular el 20% de $6.000.000. Proceso 2. Calcular el 20% de $6.000.000 y multiplicarlo por 12. Proceso 3. Calcular el valor de la cuota, multiplicarlo por 12 y al resultado restarle $6.000.000. A. 1 solamente. B. 2 solamente. C. 1 y 3 solamente. D. 2 y 3 solamente. 35."
simulacro-2,Matemáticas,EXT-math2019-36-36,math2019:36,Cuadernillo-MT.pdf,,36,B,official,Media,enhanced_guided,False,assets/pages/expanded/math2019/p019.jpg,"Una fábrica de lápices que realiza el control de calidad de sus productos, selecciona una muestra de 100 lápices. En la siguiente tabla se registra la longitud de los mismos: Con base en la información presentada en la anterior tabla y teniendo en cuenta que el margen de error del control de calidad es del 3%, el porcentaje correspondiente a los lápices producidos que miden 150 mm está entre A. el 8% y el 16%. B. el 13% y el 19%. C. el 15% y el 18%. D. el 16% y el 65%. Cantidad de lápices Longitud (mm) 8 149 16 150 65 151 11 152 Tabla 36."
simulacro-2,Matemáticas,EXT-math2019-37-37,math2019:37,Cuadernillo-MT.pdf,,37,B,official,Fácil,enhanced_guided,False,assets/pages/expanded/math2019/p019.jpg,"19 Prueba de Matemáticas Sobre una circunferencia de centro O se localizan dos puntos P y P’ diferentes. De las siguientes, ¿cuál figura NO puede resultar al unir entre sí los tres puntos P, P’ y O? A. Un triángulo isósceles. B. Un radio de la circunferencia. C. Un triángulo equilátero. D. Un diámetro de la circunferencia. 37."
simulacro-2,Matemáticas,EXT-math2019-38-39,math2019:38,Cuadernillo-MT.pdf,,38,C,official,Fácil,enhanced_guided,True,assets/pages/expanded/math2019/p020.jpg | assets/pages/expanded/math2019/p021.jpg,"Se desea saber cuál de los jugadores que aparecen en la gráfica consiguió un mayor porcentaje de victorias en las finales del Grand Slam y se concluyó que fue el jugador C. Está conclusión es incorrecta porque A. el jugador C no ganó Roland Garros antes de los 24 años. B. el más efectivo es el jugador A con 100% de torneos ganados antes de los 24 años. C. el más efectivo es el jugador D con 77,8% de efectividad en finales. D. no supera los torneos ganados en cancha dura del jugador A. 38."
simulacro-2,Matemáticas,EXT-math2019-38-39,math2019:39,Cuadernillo-MT.pdf,,39,D,official,Fácil,enhanced_guided,True,assets/pages/expanded/math2019/p020.jpg | assets/pages/expanded/math2019/p021.jpg,"Considerando solamente los torneos jugados en cancha dura, ¿cuál es el promedio de torneos ganados por los cinco jugadores? A. 1,2 B. 2,0 C. 2,6 D. 4,4 39."
simulacro-2,Matemáticas,EXT-math2019-40-40,math2019:40,Cuadernillo-MT.pdf,,40,B,official,Fácil,enhanced_guided,False,assets/pages/expanded/math2019/p021.jpg,"21 Prueba de Matemáticas Se puede encontrar números racionales mayores que un número entero k, de manera que sean cada vez más cercanos a él, calculando (con j entero positivo). Cuanto más grande sea j, más cercano a k será el racional construido. ¿Cuántos números racionales se pueden construir cercanos a k y menores que ? A. 10, que es la cantidad de racionales menores que 11. B. Una cantidad infinita, pues existen infinitos números enteros mayores que 11. C. 11, que es el número que equivale en este caso a j. D. Uno, pues el racional más cercano a k se halla con j = 10, es decir, con k + 0,1. k + 1 j k + 1 11 40."
simulacro-2,Matemáticas,EXT-math2019-41-41,math2019:41,Cuadernillo-MT.pdf,,41,D,official,Media,enhanced_guided,False,assets/pages/expanded/math2019/p022.jpg,"En la figura se representa una cancha de fútbol con las medidas de sus lados. Un arquitecto realiza una maqueta del diseño de la cancha, con medida de los lados cien veces menor que las medidas originales. El diseño de la maqueta medirá Figura 60 metros 100 metros 6 x 10-2 metros 1 x 10-2 metros A. 6 x 10-2 centímetros 1 x 10-2 centímetros B. 6 x 101 metros 1 x 102 metros C. 6 x 101 centímetros 1 x 102 centímetros D. 41."
simulacro-2,Matemáticas,EXT-math2019-42-42,math2019:42,Cuadernillo-MT.pdf,,42,B,official,Media,enhanced_guided,False,assets/pages/expanded/math2019/p023.jpg,"23 Prueba de Matemáticas El área de los rectángulos que se pueden construir a partir del origen, los ejes y un punto que pertenece a la gráfica de la función f(x)= , donde x > 0, se describe con la expresión ¿Cuál de las siguientes gráficas corresponde a ? 5 x Ax = xf(x). Ax 1 -1 2 3 4 5 6 7 8 1 -1 2 3 4 5 6 7 8 9 10 11 12 13 f x y 2 -2 -2 4 6 8 10 12 14 16 x y A. 2 -2 4 6 8 10 2 -2 4 6 8 10 12 14 16 18 x y C. 1 -1 2 3 4 5 1 -1 2 3 4 5 6 7 x y D. 1 -1 1 -1 2 3 4 5 6 7 2 3 4 5 6 7 8 9 x y B. 42."
simulacro-2,Matemáticas,EXT-math2019-43-45,math2019:43,Cuadernillo-MT.pdf,,43,B,official,Fácil,enhanced_guided,True,assets/pages/expanded/math2019/p024.jpg | assets/pages/expanded/math2019/p025.jpg,"Con el SFV más los ahorros con los que cuente el grupo familiar y el crédito que obtenga de una entidad financiera, se puede comprar la vivienda. Por tanto, el procedimiento correcto para estimar el valor del crédito que debe solicitarse al banco es: A. Valor del crédito = ingresos + ahorros + subsidio + valor de la vivienda. B. Valor del crédito = valor de la vivienda – ahorros – subsidio. C. Valor del crédito = ingresos + ahorros – subsidio + valor de la vivienda. D. Valor del crédito = valor de la vivienda + subsidio – ahorros. 43."
simulacro-2,Matemáticas,EXT-math2019-43-45,math2019:44,Cuadernillo-MT.pdf,,44,B,official,Fácil,enhanced_guided,True,assets/pages/expanded/math2019/p024.jpg | assets/pages/expanded/math2019/p025.jpg,"Una persona que observa la información de la tabla elabora la gráfica que se presenta a continuación. La gráfica presenta una inconsistencia porque A. los ingresos y el subsidio correspondientes se dan en miles de pesos, y no en SMMLV. B. la correspondencia entre ingresos y subsidios es inversa, pero no disminuye de manera constante y continua. C. faltan algunos valores de los subsidios presentados en la tabla. D. los valores del subsidio deben ser ascendentes, pues a menores ingresos, mayor es el subsidio. Gráfica 0 1 2 3 4 5 10 15 20 25 Ingresos/Subsidio Subsidio en SMMLV Ingresos en SMMLV 44."
simulacro-2,Matemáticas,EXT-math2019-43-45,math2019:45,Cuadernillo-MT.pdf,,45,D,official,Fácil,enhanced_guided,True,assets/pages/expanded/math2019/p024.jpg | assets/pages/expanded/math2019/p025.jpg,"Una familia con ingresos entre 0 y 1 SMMLV recibe un subsidio equivalente a A. 1,4 veces el subsidio de una familia de ingresos entre 2 y 2,25 SMMLV. B. 1,8 veces el subsidio de una familia de ingresos entre 2,5 y 2,75 SMMLV. C. 3,5 veces el subsidio de una familia de ingresos entre 3 y 3,5 SMMLV. D. 5,5 veces el subsidio de una familia de ingresos entre 3,5 y 4 SMMLV. 45."
simulacro-2,Matemáticas,EXT-math2019-48-48,math2019:48,Cuadernillo-MT.pdf,,48,D,official,Fácil,enhanced_guided,False,assets/pages/expanded/math2019/p025.jpg,25 Prueba de Matemáticas La expresión relaciona la sonoridad de un sonido de 30 decibeles con su intensidad (I) y la menor intensidad (Io) que percibe el oído humano. ¿Cuántas veces es el valor de I respecto a Io? A. Una milésima. B. Un tercio. C. Tres veces. D. Mil veces. 103 = I Io 48.
simulacro-1,Sociales y Ciudadanas,SOC-social2019-main-01-01,social2019:main:01,cuadernillo-de-preguntas-saber-11-sociales-y-ciudadanas-2019.pdf,,1,B,official,Fácil,manual_verified,False,assets/pages/cuadernillo-de-preguntas-saber-11-sociales-y-ciudadanas/p005.jpg,"Dos personas defienden el vegetarianismo: la primera sostiene que la carne perjudica la salud humana; la segunda, que consumir animales es inmoral por el abuso hacia los seres vivos. ¿Cuál afirmación sobre la relación entre ambas opiniones NO es correcta?"
simulacro-1,Sociales y Ciudadanas,SOC-social2019-main-02-02,social2019:main:02,cuadernillo-de-preguntas-saber-11-sociales-y-ciudadanas-2019.pdf,,2,A,official,Media,manual_verified,False,assets/pages/cuadernillo-de-preguntas-saber-11-sociales-y-ciudadanas/p005.jpg,Habitantes de un barrio de clase media se oponen a viviendas de interés social porque asocian pobreza con delincuencia. ¿Cuál enunciado contiene un argumento válido en contra de esa afirmación?
simulacro-1,Sociales y Ciudadanas,SOC-social2019-main-03-03,social2019:main:03,cuadernillo-de-preguntas-saber-11-sociales-y-ciudadanas-2019.pdf,,3,D,official,Media,manual_verified,False,assets/pages/cuadernillo-de-preguntas-saber-11-sociales-y-ciudadanas/p005.jpg,Un rector responde a un padre que rechaza profesores homosexuales. ¿Cuál enunciado del rector contiene un prejuicio cuestionable?
simulacro-1,Sociales y Ciudadanas,SOC-social2019-main-04-04,social2019:main:04,cuadernillo-de-preguntas-saber-11-sociales-y-ciudadanas-2019.pdf,,4,B,official,Media,enhanced_guided,False,assets/pages/cuadernillo-de-preguntas-saber-11-sociales-y-ciudadanas/p006.jpg,3. Crecimiento demográfico de la población rural. 4. Distribución desigual de la propiedad de la tierra. ¿Cuáles de esos problemas son causas del conflicto agrario en Colombia? A. 1 y 3. B. 1 y 4. C. 2 y 4. D. 1 y 2.
simulacro-1,Sociales y Ciudadanas,SOC-social2019-main-05-05,social2019:main:05,cuadernillo-de-preguntas-saber-11-sociales-y-ciudadanas-2019.pdf,,5,C,official,Media,enhanced_guided,False,assets/pages/cuadernillo-de-preguntas-saber-11-sociales-y-ciudadanas/p006.jpg,"En Colombia se debate sobre la posibilidad de legalizar el tráfico y consumo de drogas, para con- trarrestar los efectos económicos y sociales del narcotráfico. Algunos sectores sociales plantean que esta alternativa es indeseable y proponen, en cambio, fortalecer los procesos de sensibilización entre los consumidores sobre los riesgos de salud asociados al consumo de drogas. En contraste, otros sectores sociales proponen endurecer las penas para los productores y expendedores de dro- gas, así como para aquellos consumidores que porten más de la dosis legalmente permitida. Las dos posiciones frente a la legalización de las drogas descritas en el texto son A. diferentes, porque una está a favor de la legalización y la otra a favor del endurecimiento de las sanciones legales. B. similares, porque ambas consideran que la regulación legal del consumo tiene un efecto directo sobre el narcotráfico. C. diferentes, porque una plantea que la lucha contra el narcotráfico debe ser por la vía de la represión y la otra por la vía de la prevención del consumo. D. similares, porque ambas están en contra de la legalización y se enfocan en la protección de los consumidores de drogas. 5."
simulacro-1,Sociales y Ciudadanas,SOC-social2019-main-06-06,social2019:main:06,cuadernillo-de-preguntas-saber-11-sociales-y-ciudadanas-2019.pdf,,6,C,official,Media,enhanced_guided,False,assets/pages/cuadernillo-de-preguntas-saber-11-sociales-y-ciudadanas/p006.jpg,"La asamblea de propietarios de un edificio de la ciudad estudia la posibilidad de ampliar el horario para las reuniones privadas que se realizan en el salón comunal. Los propietarios de los pisos altos están de acuerdo en que se amplíe el horario hasta la 1:00 a.m. y mencionan que es la hora ideal para finalizar las reuniones; los propietarios del primer piso (lugar donde se encuentra el salón comunal) están en desacuerdo con el horario, ya que son ellos quienes se afectan por el ruido ocasionado por este tipo de reuniones a avanzadas horas de la noche. Después de que los propietarios exponen sus intereses, se realiza una votación y se decide que se ampliará el uso del salón hasta la medianoche. ¿Esta solución se ajusta a los intereses de todos los vecinos? A. No, porque los habitantes de los pisos más altos no pueden aprovechar las fiestas que se hagan en el salón comunal. B. Sí, porque debido a que la propuesta se aprobó todos los vecinos están llamados a tener los mismos intereses. C. No, porque el ruido de las fiestas afecta más a los propietarios del primer piso cercanos al salón comunal. D. Sí, porque todos los propietarios tuvieron derecho a exponer sus ideas y a votar según sus intereses. 6."
simulacro-1,Sociales y Ciudadanas,SOC-social2019-main-07-07,social2019:main:07,cuadernillo-de-preguntas-saber-11-sociales-y-ciudadanas-2019.pdf,,7,B,official,Fácil,enhanced_guided,False,assets/pages/cuadernillo-de-preguntas-saber-11-sociales-y-ciudadanas/p007.jpg,"Se ha generado un conflicto entre una empresa constructora y unas organizaciones ambientalis- tas en torno al desarrollo de un proyecto de apartamentos sobre un humedal. Por un lado, los am- bientalistas afirman que cualquier construcción pone en riesgo todo el ecosistema del humedal. La constructora, por su parte, argumenta que el humedal no se afectará y que, por el contrario, el proyecto busca integrar el medio ambiente a sus zonas comunes. Para resolver el conflicto entre la constructora y los ambientalistas, se plantea que la constructora modifique sus planos para reducir el impacto sobre el humedal y salvar así algunos animales y árboles. ¿Cómo se ajusta esta solución a los intereses de la constructora y de los ambientalistas? A. La solución beneficia a ambas partes, pues busca reducir gradualmente el daño ambiental y garantizar el negocio de la constructora. B. La solución beneficia solamente a una de las partes en detrimento del medio ambiente y del ecosistema de humedal. C. La solución beneficia a los ambientalistas, pues defiende sus intereses, y perjudica el ne- gocio de la constructora. D. La solución no beneficia a ninguna de las partes, porque el humedal será destruido y la constructora no podrá realizar su proyecto de construcción de apartamentos. 7."
simulacro-1,Sociales y Ciudadanas,SOC-social2019-main-08-08,social2019:main:08,cuadernillo-de-preguntas-saber-11-sociales-y-ciudadanas-2019.pdf,,8,C,official,Media,enhanced_guided,False,assets/pages/cuadernillo-de-preguntas-saber-11-sociales-y-ciudadanas/p007.jpg,"Un estudio realizado por la Organización de las Naciones Unidas (ONU) sostiene que América Latina es la región más urbanizada del mundo. Aunque esto aumenta las oportunidades laborales y mejora las condiciones de vida de muchas personas, su costo económico, social y ambiental es demasiado alto, ya que han proliferado –y seguirán aumentando– barrios pobres y desiguales que expanden el casco urbano e invaden zonas rurales. Para atender este problema, el estudio plantea tres propuestas. La primera es densificar las ciudades; así, en lugar de expandirse hacia zonas rurales, donde se producen los ali- mentos, se aumenta la vivienda vertical (edificios). La segunda solución es acelerar las reformas urbanas para legalizar los barrios de invasión, ofreciéndoles a quienes habitan allí acceso a ser- vicios públicos y títulos de propiedad. La tercera alternativa es aumentar la oferta de transporte público, lo cual ayudaría a facilitar la movilidad desde la periferia hacia los centros urbanos. Tomado de: Redacción BBC Mundo, “América Latina más urbanizada y más desigual”, en BBC Mundo, agosto de 2012. ¿Qué tipo de relación se puede establecer entre las propuestas de solución al problema de la ur- banización en América Latina? A. Complementariedad, pues todas las soluciones priorizan el desarrollo económico de los cen- tros urbanos. B. Compatibilidad, pues todas las soluciones se enfocan hacia la recuperación de las zonas de producción rural. C. Complementariedad, pues todas las soluciones se enfocan hacia la mitigación de los costos sociales y económicos de la expansión urbana. D. Compatibilidad, pues todas las soluciones priorizan el mejoramiento de la calidad de vida de los habitantes provenientes de zonas rurales. 8."
simulacro-1,Sociales y Ciudadanas,SOC-social2019-main-09-09,social2019:main:09,cuadernillo-de-preguntas-saber-11-sociales-y-ciudadanas-2019.pdf,,9,C,official,Media,enhanced_guided,False,assets/pages/cuadernillo-de-preguntas-saber-11-sociales-y-ciudadanas/p007.jpg,7 Prueba de Sociales y Ciudadanas La Constitución política de Colombia se puede modificar mediante A. una consulta popular. B. un plebiscito. C. un referendo. D. un cabildo abierto. 9.
simulacro-1,Sociales y Ciudadanas,SOC-social2019-main-10-10,social2019:main:10,cuadernillo-de-preguntas-saber-11-sociales-y-ciudadanas-2019.pdf,,10,C,official,Media,enhanced_guided,False,assets/pages/cuadernillo-de-preguntas-saber-11-sociales-y-ciudadanas/p008.jpg,"Un ciudadano se encontraba inconforme con el actual sistema de salud en Colombia y quería promo- ver una reforma a la Ley 100 de 1993 (Ley de Seguridad Social) para introducir mejoras en esta materia. Para ello, presentó una propuesta ante el Congreso de la República a través de una “ini- ciativa popular”, a fin de modificar varios artículos de la mencionada ley. El procedimiento realizado por el ciudadano es A. inviable, porque la Constitución política de Colombia establece que un ciudadano no tiene la facultad por sí solo para introducir propuestas de reforma a las leyes colombianas. B. viable, porque la Constitución política de Colombia establece que se requiere un ciudadano para proponer una iniciativa popular que reforme una ley. C. inviable, porque la Constitución política de Colombia establece que se requiere el 5 % del censo electoral para presentar una iniciativa popular que reforme una ley. D. viable, porque la Constitución política de Colombia establece que se requiere el 5 % del apoyo de los congresistas para que la iniciativa popular se apruebe. 10."
simulacro-1,Sociales y Ciudadanas,SOC-social2019-main-11-11,social2019:main:11,cuadernillo-de-preguntas-saber-11-sociales-y-ciudadanas-2019.pdf,,11,A,official,Difícil,enhanced_guided,False,assets/pages/cuadernillo-de-preguntas-saber-11-sociales-y-ciudadanas/p008.jpg,"Un presidente de Colombia está finalizando su periodo presidencial, y debido a la alta popularidad de la que goza decide proponer la inclusión de la reelección presidencial indefinida dentro de la Constitución. Para tal fin, quiere convocar un referendo. ¿El presidente puede hacer esto? A. Sí, porque los referendos permiten reformar la Constitución. B. No, porque la Constitución no puede reformarla el Ejecutivo; solo a través de una Asamblea Constituyente. C. Sí, porque el presidente puede modificar la Constitución por su cuenta, sin acudir al poder legislativo. D. No, porque los referendos no permiten reformar la Constitución. 11."
simulacro-1,Sociales y Ciudadanas,SOC-social2019-main-12-12,social2019:main:12,cuadernillo-de-preguntas-saber-11-sociales-y-ciudadanas-2019.pdf,,12,C,official,Difícil,enhanced_guided,False,assets/pages/cuadernillo-de-preguntas-saber-11-sociales-y-ciudadanas/p008.jpg,"El alcalde de un municipio, su abogado asesor y el que es considerado el mayor contratista de la región compraron, por $244 millones, 129.881 m2 de tierra en dos veredas de ese municipio. Gracias a unos $4.700 millones de recursos nacionales y municipales que el mandatario destinó a rieles, pavimentos e iluminación de vías, el precio de ese pedazo de tierra comprado puede superar hoy los $12.000 millones. La situación ha sido conocida por diferentes personas quienes denunciaron que después de comprar esas propiedades, el alcalde incluyó dentro del Plan Básico de Ordenamiento Territorial (PBOT) del municipio, inversiones en vías e iluminación que no estaban en el Plan de Desarrollo que fue presentado al inicio del mandato, pero que sí favorecían la valorización de esos predios rurales. Consultado sobre esa denuncia, el alcalde reconoció que los beneficios no son solo para él y sus allegados, sino para toda la comunidad. Tomado y adaptado de: www.elcolombiano.com. De acuerdo con el texto anterior, los señalamientos en contra del alcalde obedecen a que los denunciantes A. no obtuvieron beneficio de las obras desarrolladas en el PBOT. B. creen que el alcalde no ha hecho obras que beneficien al municipio. C. tienen evidencias para afirmar que el alcalde abusó de su poder. D. no quieren que el alcalde invierta en las zonas rurales del municipio. 12."
simulacro-1,Sociales y Ciudadanas,SOC-social2019-main-13-13,social2019:main:13,cuadernillo-de-preguntas-saber-11-sociales-y-ciudadanas-2019.pdf,,13,C,official,Fácil,enhanced_guided,False,assets/pages/cuadernillo-de-preguntas-saber-11-sociales-y-ciudadanas/p009.jpg,"El estado de excepción es una medida temporal consignada en la Constitución política de Colombia, a la cual el presidente puede acudir cuando algún hecho amenaza la estabilidad del Estado. En caso de grave perturbación del orden público, el presidente tendrá la facultad de, por ejemplo, restringir la celebración de reuniones y manifestaciones públicas; ordenar la aprehensión preventiva de personas; modificar el presupuesto; aumentar y reducir penas; modificar el procedimiento penal y decretar leyes para atender el problema, las cuales serán evaluadas por la Corte Constitucional. A partir de la anterior definición, se puede afirmar que durante el estado de excepción en Colombia se alteraría la distribución del poder público, porque A. no es posible modificar el presupuesto del país, porque los recursos públicos se adjudican previamente. B. la Rama Ejecutiva debe ser la única encargada de restringir las manifestaciones públicas y los desórdenes causados por estas. C. la Rama Judicial debe ser la única encargada de ordenar el arresto de personas por medio de una orden judicial. D. el presidente podría proponer leyes cuando, de manera ordinaria, la Rama Legislativa es la única que puede hacer esto. 13."
simulacro-1,Sociales y Ciudadanas,SOC-social2019-main-15-15,social2019:main:15,cuadernillo-de-preguntas-saber-11-sociales-y-ciudadanas-2019.pdf,,15,B,official,Media,enhanced_guided,False,assets/pages/cuadernillo-de-preguntas-saber-11-sociales-y-ciudadanas/p009.jpg,"9 Prueba de Sociales y Ciudadanas En la Constitución política de Colombia se establece que los derechos de los menores de edad están por encima de los de otros particulares. Por lo anterior, si un menor de catorce años comete un delito no puede ser enviado a prisión y debe ser juzgado según un código penal diferente del ordinario. Un presidente de turno considera que, debido a este trato especial que se da en el juzgamiento de los menores, la delincuencia juvenil ha ido incrementándose; por ello, decide convocar a la ciudadanía para conocer si esta apoyaría que se anule la norma constitucional que pone los derechos de los menores por encima de los del resto de la población. De acuerdo con los mecanismos de participación directa que contempla la Constitución, ¿cuál de los siguientes es el adecuado para que el presidente pueda adelantar su iniciativa? A. El plebiscito. B. El referendo. C. La consulta popular. D. El cabildo abierto. 15."
simulacro-1,Sociales y Ciudadanas,SOC-social2019-main-16-16,social2019:main:16,cuadernillo-de-preguntas-saber-11-sociales-y-ciudadanas-2019.pdf,,16,A,official,Media,enhanced_guided,False,assets/pages/cuadernillo-de-preguntas-saber-11-sociales-y-ciudadanas/p010.jpg,A la derecha se presentan dos caricaturas publicadas en la prensa colombiana. ¿Qué periodo de la historia política colombiana se representa en estas caricaturas? A. La Violencia política. B. El Frente Nacional. C. La Patria Boba. D. El gobierno de Rojas Pinilla. 16.
simulacro-1,Sociales y Ciudadanas,SOC-social2019-main-17-17,social2019:main:17,cuadernillo-de-preguntas-saber-11-sociales-y-ciudadanas-2019.pdf,,17,C,official,Difícil,enhanced_guided,False,assets/pages/cuadernillo-de-preguntas-saber-11-sociales-y-ciudadanas/p010.jpg,"Lea atentamente el siguiente fragmento: “Es posible y conveniente para la nación y para el conservatismo buscar un entendimiento claro y firme con el Partido Liberal sobre la única base que éste somete a su consideración y a la discusión de todos los colombianos: la de que se regrese a la normalidad institucional mediante un acuerdo de los dos partidos tradicionales, que agrupan a la casi totalidad de colombianos en sus filas, por el cual se haga imposible que el gobierno civil y nacional que haya de suceder al de las Fuerzas Armadas se convierta en una hegemonía de partido, y recaiga la nación en los peligros y las tragedias anteriores”. Tomado de: http://www.lablaa.org/blaavirtual/exhibiciones/lleras/pdf/carpeta-35/documento-522.pdf A partir del contenido de este fragmento se puede afirmar que este pertenece al periodo del Frente Nacional en Colombia, porque A. el autor propone un acuerdo entre los partidos tradicionales como alternativa política ante la amenaza del fascismo, la dictadura militar y los totalitarismos. B. da cuenta de la voluntad de paz y conciliación de los colombianos en el periodo de la dictadura de las Fuerzas Armadas encabezadas por el general Rojas Pinilla. C. da cuenta del acuerdo realizado por los partidos tradicionales como salida a la crisis social producida por la violencia y los sectarismos bipartidistas de la década de los años 1950. D. el autor advierte de los peligros inherentes a un modelo democrático electoral polarizado por dos partidos políticos tradicionales, antagónicos y excluyentes. 17."
simulacro-1,Sociales y Ciudadanas,SOC-social2019-main-18-18,social2019:main:18,cuadernillo-de-preguntas-saber-11-sociales-y-ciudadanas-2019.pdf,,18,D,official,Media,enhanced_guided,False,assets/pages/cuadernillo-de-preguntas-saber-11-sociales-y-ciudadanas/p010.jpg,"Lea atentamente el siguiente planteamiento: “El actual conflicto armado que enluta a vastas regiones y amplios sectores de la población colombiana, afecta de manera directa o indirecta a toda la nación (…) somos conscientes de la nefasta influencia totalizadora de este flagelo sobre los diversos estamentos de la vida nacional. Toda guerra de hecho compromete a la población civil, destruye la economía de las regiones y subvierte los valores sociales. La guerra que desató la subversión y que nos ha obligado a responder, no es una guerra de posiciones con distintivos convencionales y combatientes identificables, como en los enfrentamientos bélicos regulares. Es una guerra irregular, en la cual la guerrilla se camufla dentro de la población civil”. Tomado de: http://otramiradadelconflicto.wikispaces.com/file/view/Discurso%20Carlos%20Casta%C3%B1o.pdf Este planteamiento fue realizado probablemente por A. un empresario, porque señala las consecuencias indirectas del conflicto sobre la economía del país. B. un congresista, porque señala las consecuencias del conflicto armado y la necesidad de crear un marco jurídico para la paz. C. un investigador, porque se muestra externo al conflicto y califica la confrontación como de carácter irregular y poco convencional. D. un paramilitar, porque afirma que fueron las acciones de la guerrilla las que obligaron a su organización a involucrarse en el conflicto. 18."
simulacro-1,Sociales y Ciudadanas,SOC-social2019-main-19-19,social2019:main:19,cuadernillo-de-preguntas-saber-11-sociales-y-ciudadanas-2019.pdf,,19,D,official,Fácil,enhanced_guided,False,assets/pages/cuadernillo-de-preguntas-saber-11-sociales-y-ciudadanas/p011.jpg,"En el contexto de la crisis económica experimentada por el país a finales de la década de los años 1990, el Gobierno colombiano estableció una serie de acuerdos con el Fondo Monetario Internacional que contemplaban la ejecución de medidas tales como: reforma estructural del sector público; fortalecimiento del sector financiero; reducción del gasto del gobierno central; reforma pensional; protección al libre comercio; extensión del impuesto al valor agregado (IVA); participación del sector privado en servicios de infraestructura; flexibilización laboral; mayores condiciones legales para la inversión extranjera en explotación petrolera y minera y privatización de bancos estatales y empresas públicas del sector energético y de telecomunicaciones. Estas medidas pueden catalogarse como “neoliberales”, en tanto que A. implican un manejo arbitrario de la dinámica económica del país por el Gobierno nacional. B. plantean una mayor presencia del Estado en el sector productivo como agente administrador. C. implican la injerencia de instituciones financieras extranjeras en la política económica interna. D. buscan reducir el tamaño del Estado y su participación en la regulación de actividades económicas. 19."
simulacro-1,Sociales y Ciudadanas,SOC-social2019-main-20-20,social2019:main:20,cuadernillo-de-preguntas-saber-11-sociales-y-ciudadanas-2019.pdf,,20,C,official,Media,enhanced_guided,False,assets/pages/cuadernillo-de-preguntas-saber-11-sociales-y-ciudadanas/p011.jpg,"Considere el siguiente fragmento extraído de un Plan nacional de desarrollo de México: “La productividad no sólo se incrementa con las grandes reformas estructurales. El proceso de crecimiento del país también se puede y debe impulsar desde los sectores privado, social y desde todos los órdenes de gobierno. En este sentido, esta estrategia plantea que la Administración Pública Federal busque el incremento de la productividad mediante la eliminación de trabas que impiden el funcionamiento adecuado de la economía, promoviendo la creación de empleos, mejorando la regulación y, de manera especial, simplificando la normatividad y trámites gubernamentales”. Tomado de: Plan nacional de desarrollo 2013- 2018, gobierno de los Estados Unidos de México, p. 23. Disponible en: http://www.snieg.mx/contenidos/espanol/normatividad/MarcoJuridico/PND_2013-2018.pdf ¿Con cuál de los siguientes modelos es afín esta propuesta para mejorar la productividad económica? A. Con el socialismo, porque busca que el Estado tenga un control total de la economía. B. Con la monarquía, porque centraliza las decisiones económicas en el jefe de Estado. C. Con el neoliberalismo, porque restringe el rol del Estado a la protección del mercado. D. Con la democracia, porque invita a todos a tomar parte en las decisiones económicas. 20."
simulacro-1,Sociales y Ciudadanas,SOC-social2019-main-21-21,social2019:main:21,cuadernillo-de-preguntas-saber-11-sociales-y-ciudadanas-2019.pdf,,21,C,official,Media,enhanced_guided,False,assets/pages/cuadernillo-de-preguntas-saber-11-sociales-y-ciudadanas/p011.jpg,"11 Prueba de Sociales y Ciudadanas En el Plan Nacional de Desarrollo de Colombia de la década de los años 1990, se afirma lo siguiente: “La eficiencia no puede ser antagónica con la equidad. Por tanto, en las determinaciones públicas primarán siempre consideraciones para que el juego del mercado no comprometa la equidad ni restrinja el acceso y la participación equitativa de los más pobres”. En este fragmento se adopta una postura crítica frente al modelo neoliberal, porque A. se reconoce el papel central del Estado en la buena gestión y administración de los recursos públicos. B. se define el mercado como el principal mecanismo para distribuir eficientemente los beneficios del crecimiento económico. C. se afirma que, sin la intervención del Estado, no es posible garantizarle buenas condiciones de vida a toda la población. D. se señala implícitamente que la privatización de las empresas del Estado es un mecanismo eficiente para garantizar la equidad. 21."
simulacro-1,Sociales y Ciudadanas,SOC-social2019-main-22-22,social2019:main:22,cuadernillo-de-preguntas-saber-11-sociales-y-ciudadanas-2019.pdf,,22,C,official,Fácil,enhanced_guided,False,assets/pages/cuadernillo-de-preguntas-saber-11-sociales-y-ciudadanas/p012.jpg,"Lea detenidamente la siguiente definición de proteccionismo económico: “Se puede definir el proteccionismo como el uso de varios mecanismos con el objetivo principal de proteger a las empresas nacionales de la competencia extranjera. El mecanismo más utilizado es el de aplicar un alto nivel de impuestos a la entrada de productos hechos en otros países (es- tos impuestos se denominan aranceles). (...) Los aranceles son una barrera ya que son costos que tienen que pagar las empresas al comerciar entre países. Estos costos aumentan el precio del producto y, por lo tanto, dificultan su venta”. Tomado de: http://www.banrepcultural.org/blaavirtual/ayudadetareas/economia/econo89.htm Teniendo en cuenta el fragmento anterior, ¿en cuál de las siguientes condiciones se justificaría el uso del modelo proteccionista en un país? A. Cuando se fabrica tecnología de punta para optimizar la producción de alimentos. B. Cuando tiene suelos desérticos que impiden la producción de alimentos. C. Cuando importa un buen número de alimentos que se producen en su territorio. D. Cuando exporta más alimentos de los que compra en los mercados extranjeros. 22."
simulacro-1,Sociales y Ciudadanas,SOC-social2019-main-23-23,social2019:main:23,cuadernillo-de-preguntas-saber-11-sociales-y-ciudadanas-2019.pdf,,23,B,official,Difícil,enhanced_guided,False,assets/pages/cuadernillo-de-preguntas-saber-11-sociales-y-ciudadanas/p012.jpg,"El Centro Nacional de Memoria Histórica de Colombia define el desplazamiento forzado como un fenómeno masivo, sistemático, de larga duración y vinculado, en gran medida, a las disputas entre actores armados por el control de territorios estratégicos. Según esta definición, ¿por qué el desplazamiento forzado permite comprender características propias del conflicto armado en Colombia? A. Porque el desplazamiento forzado es un fenómeno social de larga duración que solo se presenta en Colombia. B. Porque el desplazamiento forzado pone en evidencia, indirectamente, los intereses económicos de los actores en conflicto. C. Porque el desplazamiento forzado permite determinar el efecto directo del conflicto armado sobre la población urbana. D. Porque el desplazamiento forzado permite identificar zonas históricamente controladas por un único actor armado. 23."
simulacro-1,Sociales y Ciudadanas,SOC-social2019-main-24-24,social2019:main:24,cuadernillo-de-preguntas-saber-11-sociales-y-ciudadanas-2019.pdf,,24,B,official,Difícil,enhanced_guided,False,assets/pages/cuadernillo-de-preguntas-saber-11-sociales-y-ciudadanas/p012.jpg,"Las revoluciones sociales son transformaciones rápidas y fundamentales de la situación de una sociedad y de sus estructuras de clase; se acompañan de las revueltas y se basan en dos coinci- dencias: cambio estructural por levantamiento de clases y posibilidad de transformación política y social. Entre las revoluciones más sobresalientes están: la Revolución mexicana, la Revolución cubana, la Revolución nicaragüense (sandinista) y la Revolución rusa. El orden cronológico (más antiguo al más reciente) de las revoluciones enunciadas es A. Revolución nicaragüense, Revolución rusa, Revolución mexicana, Revolución cubana. B. Revolución mexicana, Revolución rusa, Revolución cubana, Revolución nicaragüense. C. Revolución rusa, Revolución cubana, Revolución mexicana, Revolución nicaragüense. D. Revolución cubana, Revolución rusa, Revolución mexicana, Revolución nicaragüense. 24."
simulacro-1,Sociales y Ciudadanas,SOC-social2019-main-25-25,social2019:main:25,cuadernillo-de-preguntas-saber-11-sociales-y-ciudadanas-2019.pdf,,25,C,official,Media,manual_verified,False,assets/pages/cuadernillo-de-preguntas-saber-11-sociales-y-ciudadanas/p013.jpg,"De la lista —1) escasez de recursos naturales no renovables; 2) pertenencia a partidos políticos contrarios; 3) crecimiento demográfico rural; 4) distribución desigual de la propiedad de la tierra—, ¿cuáles son causas del conflicto agrario en Colombia?"
simulacro-1,Sociales y Ciudadanas,SOC-social2019-main-26-26,social2019:main:26,cuadernillo-de-preguntas-saber-11-sociales-y-ciudadanas-2019.pdf,,26,A,official,Media,enhanced_guided,False,assets/pages/cuadernillo-de-preguntas-saber-11-sociales-y-ciudadanas/p013.jpg,"La acción de tutela es un mecanismo que busca la protección inmediata de los derechos funda- mentales de los ciudadanos. Por tanto, esta se puede presentar ante un juez cuando A. se vulnera el derecho a la salud, porque está en riesgo la vida de la persona. B. alguien es expulsado de una agremiación, a pesar de estar al día en sus pagos. C. se busca proteger un derecho colectivo de constituir juntas de acción comunal. D. se legisla sobre el derecho a la vida y el acceso a un trabajo digno para las personas. 26."
simulacro-1,Sociales y Ciudadanas,SOC-social2019-main-27-27,social2019:main:27,cuadernillo-de-preguntas-saber-11-sociales-y-ciudadanas-2019.pdf,,27,B,official,Difícil,enhanced_guided,False,assets/pages/cuadernillo-de-preguntas-saber-11-sociales-y-ciudadanas/p013.jpg,"En las principales ciudades del mundo moderno está produciéndose un paulatino abandono de las zonas residenciales del centro urbano, al tiempo que las zonas periféricas tienden a un mayor poblamiento. Estas migraciones las realizan personas o familias que tienen ingresos medios y altos. La principal causa de este fenómeno se atribuye A. al creciente desarrollo de la industria en el centro de las ciudades. B. a la búsqueda de mejor calidad de vida en barrios tranquilos. C. a la escasa oferta de servicios en los barrios del centro de la ciudad. D. a la creciente oferta de vivienda barata en las afueras de la ciudad. 27."
simulacro-1,Sociales y Ciudadanas,SOC-social2019-main-28-28,social2019:main:28,cuadernillo-de-preguntas-saber-11-sociales-y-ciudadanas-2019.pdf,,28,C,official,Media,enhanced_guided,False,assets/pages/cuadernillo-de-preguntas-saber-11-sociales-y-ciudadanas/p013.jpg,"13 Prueba de Sociales y Ciudadanas En Colombia, la discriminación de personas con orientación sexual diferente a la heterosexual, es decir, lesbianas, homosexuales, bisexuales y transgéneristas, ha llevado a procesos de movilización y acciones afirmativas de estas comunidades por la defensa de sus derechos. Estas movilizaciones y acciones que visibilizan a personas con orientación sexual diferente a la general, son funda- mentales en el desarrollo de la igualdad y del respeto por la diferencia, porque A. exigen al gobierno proyectos pedagógicos para la salud sexual. B. denuncian la explotación laboral y las condiciones de marginación espacial de estas personas. C. promulgan y reivindican los derechos y se denuncia la exclusión. D. sensibilizan a la gente sobre la importancia de reconocer la diversidad de creencias religiosas. 28."
simulacro-1,Sociales y Ciudadanas,SOC-social2019-main-29-29,social2019:main:29,cuadernillo-de-preguntas-saber-11-sociales-y-ciudadanas-2019.pdf,,29,A,official,Fácil,enhanced_guided,False,assets/pages/cuadernillo-de-preguntas-saber-11-sociales-y-ciudadanas/p014.jpg,"La Revolución Industrial se debió, entre otras causas, a la invención de la máquina de vapor y la concentración del capital, que permitió adquirir máquinas para producir en masa. Esta revolución produjo cambios en la población, se pasó de la explotación de la tierra a la producción de bienes, del telar familiar a la gran fábrica y de la manufactura a la producción tecnificada. De acuerdo con lo anterior, se puede afirmar que una de las consecuencias de esta revolución, respecto a la población, fue el A. traslado del campo a la ciudad y el surgimiento del proletariado urbano. B. crecimiento de la población rural sobre la urbana. C. nacimiento de una élite propietaria de la tierra. D. desarrollo de un modelo económico para la protección del proletariado. 29."
simulacro-1,Sociales y Ciudadanas,SOC-social2019-main-30-30,social2019:main:30,cuadernillo-de-preguntas-saber-11-sociales-y-ciudadanas-2019.pdf,,30,D,official,Difícil,enhanced_guided,False,assets/pages/cuadernillo-de-preguntas-saber-11-sociales-y-ciudadanas/p014.jpg,"Se dice que una Constitución es la ley de leyes, la fuente de toda la jurisprudencia en un Estado de derecho. Por esta razón, cada una de las normas que se expidan debe ajustarse a los prin- cipios y mandatos constitucionales. En consonancia con lo anterior, una Constitución sirve principalmente para A. impartir justicia y orientar las acciones del Poder Ejecutivo en un Estado social de derecho como el colombiano. B. facilitar la labor de los jueces, al asumir la tarea de impartir justicia, de manera imparcial y oportuna. C. garantizar la paz y la prosperidad de las naciones, al expresar los acuerdos y los compro- misos de cada ciudadano con la sociedad. D. establecer un orden jurídico y un marco normativo que delimita el poder del Estado y establece qué es legal. 30."
simulacro-1,Sociales y Ciudadanas,SOC-social2019-main-31-31,social2019:main:31,cuadernillo-de-preguntas-saber-11-sociales-y-ciudadanas-2019.pdf,,31,C,official,Difícil,enhanced_guided,False,assets/pages/cuadernillo-de-preguntas-saber-11-sociales-y-ciudadanas/p014.jpg,"Un estudio reveló que el 30% de las mujeres en Colombia son víctimas de violencia física. A partir de este estudio varias organizaciones feministas solicitaron el endurecimiento de las penas para las personas que ejercían violencia contra las mujeres. Ante esta petición un funcionario del gobierno señaló que el estudio no era confiable, porque no consideraba los distintos contextos de estas agresiones y que era muy importante tener en cuenta la justificación de los hechos. Según la información presentada, la posición del funcionario podría tener como consecuencia que: A. Se cuestione la idoneidad de los investigadores que realizaron el estudio. B. Se generen estrategias más efectivas de prevención de la violencia contra las mujeres. C. No se reconozca la gravedad de los actos de violencia en contra de las mujeres. D. Las organizaciones feministas retiren sus peticiones. 31."
simulacro-1,Sociales y Ciudadanas,SOC-social2019-main-32-32,social2019:main:32,cuadernillo-de-preguntas-saber-11-sociales-y-ciudadanas-2019.pdf,,32,C,official,Media,enhanced_guided,False,assets/pages/cuadernillo-de-preguntas-saber-11-sociales-y-ciudadanas/p015.jpg,"En una región de Colombia, una organización estatal promueve proyectos de agricultura para la reintegración de campesinos desplazados. Con este objetivo, se propone la utilización de unos terrenos que forman parte de un ecosistema de humedal. Una organización ambientalista rechaza esta decisión porque afectará este ecosistema. De lo que busca cada una de las organizaciones mencionadas se puede afirmar que A. es semejante, porque las dos buscan el aprovechamiento económico del humedal para el bienestar de los campesinos. B. es semejante, porque las dos buscan defender a toda costa las riquezas naturales de la región. C. es diferente, porque una defiende al ecosistema aunque esto signifique no poder dar tierras a los campesinos y la otra quiere ayudarlos, aunque se dañe el ecosistema. D. es diferente, porque una busca que los campesinos se asienten y trabajen en otra región y la otra busca que se preserve el ecosistema del humedal. 32."
simulacro-1,Sociales y Ciudadanas,SOC-social2019-main-33-33,social2019:main:33,cuadernillo-de-preguntas-saber-11-sociales-y-ciudadanas-2019.pdf,,33,C,official,Media,enhanced_guided,False,assets/pages/cuadernillo-de-preguntas-saber-11-sociales-y-ciudadanas/p015.jpg,"La crisis económica que se desató en 1929, en Estados Unidos, también afectó a los países latinoamericanos al reducirse sus exportaciones y, por consiguiente, sus importaciones. Para contrarrestar el efecto de esta crisis, los estados latinoamericanos adoptaron medidas como la sustitución de importaciones, que consistió en A. prohibir el ingreso de toda clase de productos extranjeros. B. otorgar total libertad de producción, de cambio y de consumo. C. producir los bienes que tradicionalmente se traían del exterior. D. dejar actuar libremente las leyes de la oferta y la demanda. 33."
simulacro-1,Sociales y Ciudadanas,SOC-social2019-main-34-34,social2019:main:34,cuadernillo-de-preguntas-saber-11-sociales-y-ciudadanas-2019.pdf,,34,D,official,Fácil,enhanced_guided,False,assets/pages/cuadernillo-de-preguntas-saber-11-sociales-y-ciudadanas/p015.jpg,"Algunas tendencias del liberalismo promueven cobrar más impuestos a la parte de la pobla- ción que posee más recursos, y menos impuestos a aquellas personas que posean menos. ¿Cuál de las siguientes situaciones está de acuerdo con lo anterior? A. En el país A, la tasa promedio de impuestos es el 33% del salario de los habitantes. B. En el país B, el Gobierno autoriza aumentar el impuesto del IVA. C. En el país C, el Gobierno quita los subsidios para los servicios públicos. D. En el país D, el Gobierno aumenta los impuestos de patrimonio y renta. 34."
simulacro-1,Sociales y Ciudadanas,SOC-social2019-main-35-35,social2019:main:35,cuadernillo-de-preguntas-saber-11-sociales-y-ciudadanas-2019.pdf,,35,D,official,Difícil,enhanced_guided,False,assets/pages/cuadernillo-de-preguntas-saber-11-sociales-y-ciudadanas/p015.jpg,"15 Prueba de Sociales y Ciudadanas El socialismo busca la igualdad social, política y económica. Para alcanzar este propósito el socialismo propone A. privatizar los medios de producción y lograr desmontar los sindicatos de las empresas transnacionales y multinacionales. B. impulsar el consumo y la capacidad de endeudamiento de los trabajadores como factores fundamentales para dinamizar la economía. C. ofrecer bienes y servicios según el esquema de los tratados de libre comercio y la apertura económica de las fronteras nacionales. D. lograr la tenencia colectiva de los medios de producción y la consolidación del poder político en las clases trabajadoras. 35."
simulacro-1,Sociales y Ciudadanas,SOC-social2019-main-36-36,social2019:main:36,cuadernillo-de-preguntas-saber-11-sociales-y-ciudadanas-2019.pdf,,36,C,official,Fácil,enhanced_guided,False,assets/pages/cuadernillo-de-preguntas-saber-11-sociales-y-ciudadanas/p016.jpg,"Un programa impulsado por países europeos lleva varios años apoyando a jóvenes bogotanos de estratos 1, 2 y 3 con buen manejo del inglés, para que creen sus propios negocios. Después de 5 años de operación, detectan que el 30% de los negocios son restaurantes de comida interna- cional, 30% salones de belleza, 20% tiendas de ropa formal, 10% librerías y 10% escuelas de baile. Ante el éxito del proyecto, deciden abrir una convocatoria para replicar el modelo en Riohacha, Leticia, Arauca y Florencia. Basados en la experiencia bogotana, establecieron que en cada ciudad debían apoyarse las mismas tipologías de negocio y en los mismos porcentajes. Probablemente implementar este mismo modelo en estas ciudades, no resulte pertinente porque en ellas A. los jóvenes no están interesados en hacer negocios sino en estudiar. B. no es viable mantener un programa por tan largo tiempo. C. las necesidades de la población, lo que se demanda, puede ser muy distinto. D. los jóvenes no tienen buen dominio del inglés. 36."
simulacro-1,Sociales y Ciudadanas,SOC-social2019-main-37-37,social2019:main:37,cuadernillo-de-preguntas-saber-11-sociales-y-ciudadanas-2019.pdf,,37,B,official,Fácil,enhanced_guided,False,assets/pages/cuadernillo-de-preguntas-saber-11-sociales-y-ciudadanas/p016.jpg,"En 1994, como parte del proceso de paz entre el gobierno israelí y la Organización para la Liberación de Palestina (OLP), se llevaron a cabo los acuerdos de Oslo. La Autoridad Nacional Palestina se creó como un interlocutor válido que representaba los intereses de esta nación. Sin embargo, Palestina no se reconoce como un Estado propiamente dicho porque A. su estatus como observador en las Naciones Unidas le otorga derecho a voz pero no a voto. B. carece del reconocimiento internacional como territorio con fronteras perfectamente definidas. C. en los territorios de Gaza y Cisjordania viven aproximadamente 230.000 colonos israelíes. D. más de la mitad de la población palestina vive en Líbano y Jordania, en calidad de refugiada. 37."
simulacro-1,Sociales y Ciudadanas,SOC-social2019-main-38-38,social2019:main:38,cuadernillo-de-preguntas-saber-11-sociales-y-ciudadanas-2019.pdf,,38,C,official,Media,enhanced_guided,False,assets/pages/cuadernillo-de-preguntas-saber-11-sociales-y-ciudadanas/p016.jpg,"El Consejo Académico de un colegio decidió nombrar como representantes al Consejo Estudiantil a los estudiantes con mejor desempeño académico y de convivencia, en lugar de realizar las elec- ciones ordinarias. De esta decisión se puede afirmar que A. es importante porque estimula a los estudiantes a que estudien y sean mejores compañeros. B. dificulta la disponibilidad de tiempo para el desarrollo normal de las actividades académicas. C. vulnera el derecho de los estudiantes a tener y utilizar mecanismos de participación. D. promueve en los estudiantes la comprensión de la importancia del Consejo Estudiantil. 38."
simulacro-1,Sociales y Ciudadanas,SOC-social2019-main-39-39,social2019:main:39,cuadernillo-de-preguntas-saber-11-sociales-y-ciudadanas-2019.pdf,,39,C,official,Media,enhanced_guided,False,assets/pages/cuadernillo-de-preguntas-saber-11-sociales-y-ciudadanas/p016.jpg,"El gobierno decidió construir una represa que es indispensable para generar electricidad para todo el país. La represa solo puede construirse en un sitio en el que hay un asentamiento indígena. En principio, al hacer las consultas respectivas con esta comunidad, ellos se nega- ban a la construcción de la represa. Sin embargo, después de un largo proceso de conciliación con la comunidad, se acordó la construcción de la represa y que los indígenas se asentaran en otro territorio. Según la Constitución política de Colombia, en esta situación el gobierno A. actuó en contra de los derechos de las comunidades indígenas. B. favoreció a la comunidad indígena en contra del interés general. C. mostró respeto por la comunidad indígena y actuó pensando en el bien común. D. debió hacer una consulta popular para resolver este problema. 39."
simulacro-1,Sociales y Ciudadanas,SOC-social2019-main-40-40,social2019:main:40,cuadernillo-de-preguntas-saber-11-sociales-y-ciudadanas-2019.pdf,,40,B,official,Media,enhanced_guided,False,assets/pages/cuadernillo-de-preguntas-saber-11-sociales-y-ciudadanas/p017.jpg,"Un profesor universitario sostiene que cuando sus estudiantes mujeres responden a una pregunta, se extienden demasiado en la respuesta. Por esa razón, cuando les pregunta a los estudiantes y algunos levantan la mano para responder, hombres y mujeres por igual, el profesor solo les da la palabra a los hombres. De acuerdo con la Constitución, el profesor A. puede hacer esto porque tiene más experiencia que sus estudiantes. B. está actuando de forma incorrecta pues viola el principio de igualdad. C. adopta una actitud que puede ser chocante para algunos pero que no es discriminatoria. D. puede justificar lo que hace siempre y cuando pueda probar que las mujeres de hecho sí hablan demasiado. 40."
simulacro-1,Sociales y Ciudadanas,SOC-social2019-main-41-41,social2019:main:41,cuadernillo-de-preguntas-saber-11-sociales-y-ciudadanas-2019.pdf,,41,C,official,Difícil,enhanced_guided,False,assets/pages/cuadernillo-de-preguntas-saber-11-sociales-y-ciudadanas/p017.jpg,"Una compañía petrolera identificó un yacimiento de petróleo en una zona en la que vive una comunidad indígena para la cual extraer el petróleo significa “robarle la sangre a la madre tierra”, y por ello se opone a la explotación del yacimiento. La compañía invirtió muchos recursos en un proceso de diálogo con los representantes de la comunidad, pero fue imposible llegar a un acuerdo. Ante esto, y después de un análisis detenido de las posiciones, el Estado le negó a la empresa el permiso de explotación. La razón que mejor sustenta esta decisión es que, de acuerdo con la Constitución, el Estado debe A. garantizar el derecho a la igualdad. B. garantizar el derecho a la libre asociación. C. proteger la diversidad étnica y cultural. D. proteger el medio ambiente. 41."
simulacro-1,Sociales y Ciudadanas,SOC-social2019-main-42-42,social2019:main:42,cuadernillo-de-preguntas-saber-11-sociales-y-ciudadanas-2019.pdf,,42,C,official,Difícil,enhanced_guided,False,assets/pages/cuadernillo-de-preguntas-saber-11-sociales-y-ciudadanas/p017.jpg,"17 Prueba de Sociales y Ciudadanas En un periódico de la ciudad han aparecido continuamente titulares como los siguientes: “El alcalde no es capaz de solucionar el problema de criminalidad en la ciudad”, “Al alcalde le queda grande erradicar el crimen de la ciudad” y “La ciudad y la Alcaldía están sometidas a los criminales”. Antes de creer que el alcalde está haciendo mal su trabajo en materia de seguridad, ¿qué debe- rían revisar los ciudadanos principalmente? A. El plan de gobierno para ver si había propuestas en el tema de seguridad. B. Los índices de criminalidad en otras ciudades del país y de los países vecinos. C. Los cambios en los índices de criminalidad desde que el alcalde se posesionó. D. Las declaraciones oficiales del alcalde sobre si lo está haciendo bien o no. 42."
simulacro-1,Sociales y Ciudadanas,SOC-social2019-main-43-43,social2019:main:43,cuadernillo-de-preguntas-saber-11-sociales-y-ciudadanas-2019.pdf,,43,D,official,Fácil,enhanced_guided,False,assets/pages/cuadernillo-de-preguntas-saber-11-sociales-y-ciudadanas/p018.jpg,"El problema del tráfico de drogas ilícitas ha generado que gobernantes, académicos y miembros de la sociedad civil de países productores debatan sobre el asunto con el fin de encontrar solu- ciones. Algunos proponen que, para defender el bien común, se debe legalizar las drogas. ¿Cuál de los siguientes es el argumento más afin con la propuesta de legalización? A. Cada persona debe tener la libertad de decidir si consume o no drogas y, por tanto, su comercialización no debería estar bajo ningún control. B. Los países productores no tienen ninguna responsabilidad en el tráfico de drogas; la responsabilidad recae sobre los países consumidores. C. Quienes consumen drogas no deben ser tratados como delincuentes, sino como adictos que necesitan tratamientos médicos. D. En los países productores la prohibición ha generado problemas sociales más graves que aquellos que se querían evitar con esta medida. 43."
simulacro-1,Sociales y Ciudadanas,SOC-social2019-main-44-44,social2019:main:44,cuadernillo-de-preguntas-saber-11-sociales-y-ciudadanas-2019.pdf,,44,C,official,Fácil,enhanced_guided,False,assets/pages/cuadernillo-de-preguntas-saber-11-sociales-y-ciudadanas/p018.jpg,"La violencia sexual contra las mujeres es un problema mundial. Hace poco tiempo, el jefe de policía de una ciudad muy importante, en un país desarrollado, declaró al respecto: “Para evitar estas situaciones, lo mejor sería que las mujeres dejaran de salir con minifaldas o escotes pro- vocadores a la calle. Así evitarían ser víctimas de acoso o violencia sexual”. ¿Qué intereses está favoreciendo esta declaración? A. Los de las mujeres, porque está aconsejándoles cómo vestir para no ser víctimas. B. Los de los policías, porque su función no es la de manejar casos de acoso. C. Los de los agresores, porque está dándoles una justificación a lo que hacen. D. Los de la ciudad, porque el acoso sexual afecta la percepción de seguridad. 44."
simulacro-1,Sociales y Ciudadanas,SOC-social2019-main-45-45,social2019:main:45,cuadernillo-de-preguntas-saber-11-sociales-y-ciudadanas-2019.pdf,,45,B,official,Difícil,enhanced_guided,False,assets/pages/cuadernillo-de-preguntas-saber-11-sociales-y-ciudadanas/p018.jpg,"Ante los crecientes robos a residencias en algunos sectores de estratos altos de una ciudad, el alcalde está considerando autorizar el cerramiento de grandes sectores residenciales que agrupan varios barrios de la ciudad, para que sean vigilados por seguridad privada y para que solo se permita la entrada a los residentes o a personas autorizadas por estos. A la hora de evaluar la propuesta, ¿qué intereses en conflicto deben ser tenidos en cuenta? A. Los de las empresas de seguridad privada que buscan expandir su negocio, y los de las bandas de ladrones que buscan seguir realizando sus actividades sin obstáculos. B. Los de los residentes que buscan su seguridad, y los de los demás habitantes de la ciudad que dejarían de tener acceso a las vías y otros espacios públicos de los sectores encerrados. C. Los de los residentes que buscan su beneficio particular y los intereses del gobierno local que debe encargarse del bienestar de la comunidad. D. Los de las empresas de seguridad privada que serían contratadas para cuidar los sectores encerrados, y los de la Policía encargada de la seguridad en la ciudad. 45."
simulacro-1,Sociales y Ciudadanas,SOC-social2019-main-46-46,social2019:main:46,cuadernillo-de-preguntas-saber-11-sociales-y-ciudadanas-2019.pdf,,46,A,official,Media,enhanced_guided,False,assets/pages/cuadernillo-de-preguntas-saber-11-sociales-y-ciudadanas/p018.jpg,"La Corte Constitucional falló a favor de un soldado que había interpuesto una tutela al considerar que la institución militar no le respetaba el derecho a la objeción de conciencia, porque su reli- gión le prohíbe el uso de armas y las prácticas militares. El fundamento del fallo es la defensa de la libertad de conciencia del soldado. ¿Cuál de las siguientes acciones es coherente con este fallo? A. Ordenarle al Ejército la entrega de la libreta militar al soldado y su inmediata desvincula- ción de la institución. B. Ordenarle al soldado cumplir su servicio militar obligatorio con todas las responsabilidades asignadas. C. Ordenarle al Ejército que el soldado participe de los entrenamientos y haga solo tareas de oficina. D. Ordenarle al soldado participar únicamente en paradas militares, portando con orgullo la dotación militar. 46."
simulacro-1,Sociales y Ciudadanas,SOC-social2019-main-47-47,social2019:main:47,cuadernillo-de-preguntas-saber-11-sociales-y-ciudadanas-2019.pdf,,47,D,official,Fácil,enhanced_guided,False,assets/pages/cuadernillo-de-preguntas-saber-11-sociales-y-ciudadanas/p019.jpg,"Durante las épocas de lluvias, en muchas zonas rurales de Colombia se inundan escuelas y se in- terrumpen los caminos para llegar a estas. ¿Cuál de las siguientes opciones vulnera más claramente el derecho a la educación? A. Organizar esquemas de transporte para que los estudiantes vayan a clases en escuelas no afectadas por las inundaciones. B. Ajustar el calendario escolar para que no haya clases en las épocas de inundación. C. Dar una parte de las clases a través de la emisora de radio local, para reducir los días en los que tienen que asistir al colegio. D. Trasladar a los niños a escuelas no inundadas dos veces por semana y reducir el número de horas de clases. 47."
simulacro-1,Sociales y Ciudadanas,SOC-social2019-main-48-48,social2019:main:48,cuadernillo-de-preguntas-saber-11-sociales-y-ciudadanas-2019.pdf,,48,C,official,Fácil,enhanced_guided,False,assets/pages/cuadernillo-de-preguntas-saber-11-sociales-y-ciudadanas/p019.jpg,"Pekín y otras partes de China sufren de elevados niveles de contaminación. Debido a la contami- nación en Pekín, algunos días las autoridades cancelan las actividades deportivas en el exterior en colegios y guarderías y recomiendan a niños y ancianos que no salgan a la calle. Aunque se han cerrado centenares de fábricas en la capital y en otros puntos del país, la situación no me- jora. Los expertos consideran que la única solución es que la segunda economía mundial reduzca de forma paulatina su dependencia de las industrias pesadas y apueste por un modelo de energía mixta. Las industrias pesadas, entre ellas los sectores de la construcción y el manufacturero, aportaron el 46 por ciento del Producto Interior Bruto (PIB) en 2012. ""China debería rebajar esta cifra hasta 9 puntos porcentuales entre 2013 y 2030 si quiere cumplir su objetivo de reducción de la contaminación"", señala un experto. Adaptado de: http://www.elpais.com.co/elpais/internacional/noticias/pese-medidas-pekin- y-parte-china-siguen-bajo-elevada-contaminacion. En esta situación, ¿cuáles dimensiones están en conflicto? A. La educativa y la ambiental. B. La cultural y la educativa. C. La económica y la ambiental. D. La cultural y la económica. 48."
simulacro-1,Sociales y Ciudadanas,SOC-social2019-main-49-49,social2019:main:49,cuadernillo-de-preguntas-saber-11-sociales-y-ciudadanas-2019.pdf,,49,D,official,Media,enhanced_guided,False,assets/pages/cuadernillo-de-preguntas-saber-11-sociales-y-ciudadanas/p019.jpg,"19 Prueba de Sociales y Ciudadanas Un estudiante se intoxicó con comida que compró a un vendedor ambulante a la salida del colegio. Por esto, el Consejo Directivo del colegio, con la ayuda de la Policía, logró la expulsión de los vendedores ambulantes del sector. De los siguientes, ¿cuál sería un efecto de la expul- sión de los vendedores? A. El aumento de la inseguridad en las inmediaciones del colegio. B. El aumento de las intoxicaciones alimentarias de los estudiantes en el colegio. C. La disminución del apoyo de la comunidad al Consejo Directivo y a la Policía. D. La disminución de los ingresos de las familias que dependían de esas ventas. 49."
simulacro-1,Sociales y Ciudadanas,SOC-social2022-main-01-01,social2022:main:01,Cuadernillo-SocialesyCiudadanas-11-2022.pdf,,1,C,analytical_high_confidence,Fácil,enhanced_guided,False,assets/pages/cuadernillo-socialesyciudadanas-11-2022/p002.jpg,"La Sentencia C-355 de 2006 de la Corte Constitucional establece tres casos en los que la interrupción del embarazo es legal. Organizaciones feministas proponen la despenalización completa. Con respecto a los mecanismos de representación indirecta del sistema democrático en Colombia, ¿qué podrían hacer para canalizar sus demandas y lograr su objetivo?"
simulacro-1,Sociales y Ciudadanas,EXT-social2021-01-01,social2021:01,06_PRACTICA_SOCIALES.pdf,,1,B,official,Media,enhanced_guided,False,assets/pages/expanded/social2021/p005.jpg,"Pregunta 1 Como argumento a favor del vegetarianismo, una persona afirma que consumir carne es nocivo para los humanos porque el animal, del cual se obtiene esta, sufre en el proceso, y esto produce energías negativas que se transmiten al consumidor y perjudican su salud. Otra persona, igualmente a favor del vegetarianismo, sostiene que el consumo de productos de origen animal es un acto amoral, en la medida en que resulta del abuso e insensibilidad del ser humano ante los demás seres vivos. ¿Cuál de las siguientes afirmaciones sobre la relación entre las opiniones presentadas NO es correcta? Son similares, porque ambas van en contra del consumo de carne. Son complementarias, porque ambas promueven el vegetarianismo cuando argumentan la obligación de proteger a los animales. Son diferentes, porque la primera aboga por la salud del ser humano y la segunda, por el bienestar de los animales. Son disímiles, porque la primera se centra en cómo el animal afecta al ser humano y la segunda, en cómo el ser humano afecta al animal. A. B. C. D."
simulacro-2,Sociales y Ciudadanas,EXT-social2021-02-02,social2021:02,06_PRACTICA_SOCIALES.pdf,,2,A,official,Difícil,enhanced_guided,False,assets/pages/expanded/social2021/p005.jpg,"Saber 11.º 2021 5 Pregunta 2 Los habitantes de un barrio de clase media se oponen a que, en este, se construyan viviendas de interés social. Afirman que las personas de escasos recursos económicos que se beneficiarían con estas viviendas representarían un peligro para la seguridad de los habitantes actuales del barrio. Señalan que las zonas más pobres de la ciudad son también las más inseguras, y argumentan que esto prueba que una persona de escasos recursos tiene una probabilidad más alta de ser un delincuente que una persona acomodada. De los siguientes enunciados, ¿cuál contiene un argumento válido en contra de las afirmaciones de los habitantes del barrio de clase media? Quienes ejercen la delincuencia en una zona pobre de la ciudad pueden no ser habitantes de esa zona. Entre los delincuentes nunca hay personas de escasos recursos, pues todos son adinerados precisamente gracias a sus actividades delictivas. Los delincuentes que habitan en las zonas más pobres de la ciudad dejarían de violar la ley, si contaran con mejores condiciones de vida. Hay casos en que la pobreza y la falta de oportunidades llevan a una persona, en un momento de desesperación, a cometer un delito. A. B. C. D."
simulacro-2,Sociales y Ciudadanas,EXT-social2021-03-03,social2021:03,06_PRACTICA_SOCIALES.pdf,,3,D,official,Media,enhanced_guided,False,assets/pages/expanded/social2021/p006.jpg,"Pregunta 3 Un padre de familia no está de acuerdo con la participación de profesores homosexuales en la educación de sus hijos. Al respecto, el rector del colegio argumenta: “Las personas con inclinaciones homosexuales, como todas las personas, merecen ser amadas. Además, en todos los países hay población homosexual, y las preferencias sexuales son el resultado de una compleja interacción de la biología con el medio ambiente. Yo creo que los homosexuales pueden enseñar, siempre y cuando controlen su comportamiento en clase y no afecten la orientación sexual de los estudiantes”. ¿Cuál de los siguientes enunciados del rector contiene un prejuicio cuestionable? En todos los países hay población homosexual. Las personas con inclinaciones homosexuales, como todas las personas, merecen ser amadas. Las preferencias sexuales son el resultado de una compleja interacción de la biología con el medio ambiente. Los homosexuales pueden enseñar, siempre y cuando controlen su comportamiento en clase y no afecte la orientación sexual de los estudiantes. A. B. C. D."
simulacro-2,Sociales y Ciudadanas,EXT-social2021-04-04,social2021:04,06_PRACTICA_SOCIALES.pdf,,4,B,official,Fácil,enhanced_guided,False,assets/pages/expanded/social2021/p006.jpg,"Saber 11.º 2021 6 Pregunta 4 Los siguientes magnicidios tuvieron incidencia en la historia política de Colombia durante el siglo XX: 1. Asesinato de Luis Carlos Galán. 2. Asesinato de Jorge Eliécer Gaitán. 3. Asesinato de Rafael Uribe Uribe. 4. Asesinato de Álvaro Gómez Hurtado. ¿Cuál es el orden cronológico de estos hechos? 2, 3, 1 y 4. 3, 2, 1 y 4. 3, 1, 2 y 4. 4, 3, 2 y 1. A. B. C. D."
simulacro-2,Sociales y Ciudadanas,EXT-social2021-05-05,social2021:05,06_PRACTICA_SOCIALES.pdf,,5,C,official,Media,enhanced_guided,False,assets/pages/expanded/social2021/p007.jpg,"Pregunta 5 En Colombia se debate sobre la posibilidad de legalizar el tráfico y consumo de drogas ilicitas, para contrarrestar los efectos económicos y sociales del narcotráfico. Algunos sectores sociales plantean que esta alternativa es indeseable y proponen, en cambio, fortalecer los procesos de sensibilización entre los consumidores sobre los riesgos de salud asociados al consumo de drogas. En contraste, otros sectores sociales proponen endurecer las penas para los productores y expendedores de drogas, así como para aquellos consumidores que porten más de la dosis legalmente permitida. ¿Son similares las dos posiciones frente a la legalización de las drogas? No, porque una está a favor de la legalización y la otra a favor del endurecimiento de las sanciones legales. Sí, porque ambas consideran que la regulación legal del consumo tiene un efecto directo sobre el narcotráfico. No, porque una plantea que la lucha contra el narcotráfico debe ser por la vía de la represión y la otra por la vía de la prevención del consumo. Sí, porque ambas están en contra de la legalización y se enfocan en la protección de los consumidores de drogas. A. B. C. D."
simulacro-2,Sociales y Ciudadanas,EXT-social2021-06-06,social2021:06,06_PRACTICA_SOCIALES.pdf,,6,C,official,Fácil,enhanced_guided,False,assets/pages/expanded/social2021/p007.jpg,"Saber 11.º 2021 7 Pregunta 6 La asamblea de propietarios de un edificio de la ciudad estudia la posibilidad de ampliar el horario para las reuniones privadas que se realizan en el salón comunal. Los propietarios de los pisos altos están de acuerdo en que se amplíe el horario hasta la 1:00 a.m. y mencionan que es la hora ideal para finalizar las reuniones; los propietarios del primer piso (lugar donde se encuentra el salón comunal) están en desacuerdo con el horario, ya que son ellos quienes se afectan por el ruido ocasionado por este tipo de reuniones a avanzadas horas de la noche. Después de que los propietarios exponen sus intereses, se realiza una votación y se decide que se ampliará el uso del salón hasta la medianoche. ¿Esta solución se ajusta a los intereses de todos los vecinos? No, porque los habitantes de los pisos más altos no pueden aprovechar las fiestas que se hagan en el salón comunal. Sí, porque debido a que la propuesta se aprobó todos los vecinos están llamados a tener los mismos intereses. No, porque el ruido de las fiestas afecta más a los propietarios del primer piso cercanos al salón comunal. Sí, porque todos los propietarios tuvieron derecho a exponer sus ideas y a votar según sus intereses. A. B. C. D."
simulacro-2,Sociales y Ciudadanas,EXT-social2021-07-07,social2021:07,06_PRACTICA_SOCIALES.pdf,,7,B,official,Media,enhanced_guided,False,assets/pages/expanded/social2021/p008.jpg,"Pregunta 7 Se ha generado un conflicto entre una empresa constructora y unas organizaciones ambientalistas en torno al desarrollo de un proyecto de apartamentos sobre un humedal. Por un lado, los ambientalistas afirman que cualquier construcción pone en riesgo todo el ecosistema del humedal. La constructora, por su parte, argumenta que el humedal no se afectará y que, por el contrario, el proyecto busca integrar el medio ambiente a sus zonas comunes. Para resolver el conflicto entre la constructora y los ambientalistas, se plantea que la constructora modifique sus planos para reducir el impacto sobre el humedal y salvar así algunos animales y árboles. ¿Cómo se ajusta esta solución a los intereses de la constructora y de los ambientalistas? La solución beneficia a ambas partes, pues busca reducir gradualmente el daño ambiental y garantizar el negocio de la constructora. La solución beneficia solamente a una de las partes en detrimento del medio ambiente y del ecosistema de humedal. La solución beneficia a los ambientalistas, pues defiende sus intereses, y perjudica el negocio de la constructora. La solución no beneficia a ninguna de las partes, porque el humedal será destruido y la constructora no podrá realizar su proyecto de construcción de apartamentos. A. B. C. D."
simulacro-2,Sociales y Ciudadanas,EXT-social2021-08-08,social2021:08,06_PRACTICA_SOCIALES.pdf,,8,C,official,Fácil,enhanced_guided,False,assets/pages/expanded/social2021/p008.jpg,Saber 11.º 2021 8 Pregunta 8 ¿Cuál de los siguientes mecanismos puede ser usado para modificar la Constitución Política de Colombia? Una consulta popular. Un plebiscito. Un referendo. Un cabildo abierto. A. B. C. D.
simulacro-2,Sociales y Ciudadanas,EXT-social2021-09-09,social2021:09,06_PRACTICA_SOCIALES.pdf,,9,C,official,Media,enhanced_guided,False,assets/pages/expanded/social2021/p009.jpg,"Pregunta 9 Un estudio realizado por la Organización de las Naciones Unidas (ONU) sostiene que América Latina es la región más urbanizada del mundo. Aunque esto aumenta las oportunidades laborales y mejora las condiciones de vida de muchas personas, su costo económico, social y ambiental es demasiado alto, ya que han proliferado —y seguirán aumentando— barrios pobres y desiguales que expanden el casco urbano e invaden zonas rurales. Para atender este problema, el estudio plantea tres propuestas. La primera es densificar las ciudades; así, en lugar de expandirse hacia zonas rurales, donde se producen los alimentos, se aumenta la vivienda vertical (edificios). La segunda solución es acelerar las reformas urbanas para legalizar los barrios de invasión, ofreciéndoles a quienes habitan allí acceso a servicios públicos y títulos de propiedad. La tercera alternativa es aumentar la oferta de transporte público, lo cual ayudaría a facilitar la movilidad desde la periferia hacia los centros urbanos. Tomado y adaptado de: Redacción BBC Mundo, “América Latina más urbanizada y más desigual”, en BBC Mundo, agosto de 2012. ¿Qué tipo de relación se puede establecer entre las propuestas de solución al problema de la urbanización en América Latina? Complementariedad, pues todas las soluciones priorizan el desarrollo económico de los centros urbanos. Compatibilidad, pues todas las soluciones se enfocan hacia la recuperación de las zonas de producción rural. Complementariedad, pues todas las soluciones se enfocan hacia la mitigación de los costos sociales y económicos de la expansión urbana. Compatibilidad, pues todas las soluciones priorizan el mejoramiento de la calidad de vida de los habitantes provenientes de zonas rurales. A. B. C. D."
simulacro-2,Sociales y Ciudadanas,EXT-social2021-10-10,social2021:10,06_PRACTICA_SOCIALES.pdf,,10,A,official,Media,enhanced_guided,False,assets/pages/expanded/social2021/p009.jpg,"Saber 11.º 2021 9 Un presidente de Colombia está finalizando su periodo presidencial, y debido a la alta popularidad de la que goza decide proponer la inclusión de la reelección presidencial indefinida dentro de la Constitución. Para tal fin, quiere convocar un referendo. ¿El presidente puede hacer esto? Pregunta 10 Sí, porque los referendos permiten reformar la Constitución. No, porque la Constitución no puede reformarla el Ejecutivo; solo a través de una Asamblea Constituyente. Sí, porque el presidente puede modificar la Constitución por su cuenta, sin acudir al poder legislativo. No, porque los referendos no permiten reformar la Constitución. A. B. C. D."
simulacro-2,Sociales y Ciudadanas,EXT-social2021-11-11,social2021:11,06_PRACTICA_SOCIALES.pdf,,11,C,official,Media,enhanced_guided,False,assets/pages/expanded/social2021/p010.jpg,"Un ciudadano se encontraba inconforme con el actual sistema de salud en Colombia y quería promover una reforma a la Ley 100 de 1993 (Ley de Seguridad Social) para introducir mejoras en esta materia. Para ello, presentó una propuesta ante el Congreso de la República a través de una “iniciativa popular”, a fin de modificar varios artículos de la mencionada ley. ¿Es legalmente viable el procedimiento realizado por el ciudadano? Pregunta 11 No, porque la Constitución Política de Colombia establece que un ciudadano no tiene la facultad por sí solo para introducir propuestas de reforma a las leyes colombianas. Sí, porque la Constitución Política de Colombia establece que se requiere un ciudadano para proponer una iniciativa popular que reforme una ley. No, porque la Constitución Política de Colombia establece que se requiere el 5 % del censo electoral para presentar una iniciativa popular que reforme una ley. Sí, porque la Constitución Política de Colombia establece que se requiere el 5 % del apoyo de los congresistas para que la iniciativa popular se apruebe. A. B. C. D."
simulacro-2,Sociales y Ciudadanas,EXT-social2021-12-12,social2021:12,06_PRACTICA_SOCIALES.pdf,,12,C,official,Media,enhanced_guided,False,assets/pages/expanded/social2021/p010.jpg,"Saber 11.º 2021 10 El alcalde de un municipio, su abogado asesor y el que es considerado el mayor contratista de la región compraron, por $244 millones, 129.881 m2 de tierra en dos veredas de ese municipio. Gracias a unos $4.700 millones de recursos nacionales y municipales que el mandatario destinó a rieles, pavimentos e iluminación de vías, el precio de ese pedazo de tierra comprado puede superar hoy los $12.000 millones. La situación ha sido conocida por diferentes personas quienes denunciaron que después de comprar esas propiedades, el alcalde incluyó dentro del Plan Básico de Ordenamiento Territorial (PBOT) del municipio, inversiones en vías e iluminación que no estaban en el Plan de Desarrollo que fue presentado al inicio del mandato, pero que sí favorecían la valorización de esos predios rurales. Consultado sobre esa denuncia, el alcalde reconoció que los beneficios no son solo para él y sus allegados, sino para toda la comunidad. Tomado y adaptado de: www.elcolombiano.com. De acuerdo con el texto anterior, ¿cuál de las siguientes afirmaciones explica las denuncias contra el alcalde? Pregunta 12 Los denunciantes no obtuvieron beneficio de las obras desarrolladas en el PBOT. Los denunciantes creen que el alcalde no ha hecho obras que beneficien al municipio. Los denunciantes tienen evidencias para afirmar que el alcalde abusó de su poder. Los denunciantes no quieren que el alcalde invierta en las zonas rurales del municipio. A. B. C. D."
simulacro-2,Sociales y Ciudadanas,EXT-social2021-13-13,social2021:13,06_PRACTICA_SOCIALES.pdf,,13,C,official,Media,enhanced_guided,False,assets/pages/expanded/social2021/p011.jpg,"El estado de excepción es una medida temporal consignada en la Constitución Política de Colombia, a la cual el presidente puede acudir cuando algún hecho amenaza la estabilidad del Estado. En caso de grave perturbación del orden público, el presidente tendrá la facultad de, por ejemplo, restringir la celebración de reuniones y manifestaciones públicas; ordenar la aprehensión preventiva de personas; modificar el presupuesto; aumentar y reducir penas; modificar el procedimiento penal y decretar leyes para atender el problema, las cuales serán evaluadas por la Corte Constitucional. A partir de la anterior definición, ¿es posible que durante el estado de excepción se altere la distribución del poder público? Pregunta 13 Sí, porque es imposible modificar el presupuesto del país, ya que los recursos públicos se adjudican previamente. No, porque la Rama Ejecutiva debe ser la única encargada de restringir las manifestaciones públicas y los desórdenes causados por estas. Sí, porque la Rama Judicial debe ser la única encargada de ordenar el arresto de personas por medio de una orden judicial. Sí, porque el presidente podría proponer leyes cuando, de manera ordinaria, la Rama Legislativa es la única que puede hacer esto. A. B. C. D."
simulacro-2,Sociales y Ciudadanas,EXT-social2021-14-14,social2021:14,06_PRACTICA_SOCIALES.pdf,,14,D,official,Difícil,enhanced_guided,False,assets/pages/expanded/social2021/p011.jpg,"Saber 11.º 2021 11 En Colombia, las ramas del poder público pueden ejercer control político entre sí para garantizar el equilibrio de poderes y evitar abusos. Una de estas ramas cuenta con dos mecanismos: la citación a un debate de control político y la moción de censura. La citación a un debate de control político permite indagar sobre las acciones u omisiones de los funcionarios del Estado, así como obtener información relevante de su gestión y del cumplimiento de sus labores. Por otro lado, la moción de censura es un mecanismo a través del cual se reprocha la actuación de uno o varios ministros, dando lugar a la separación de su cargo. Tomado y adaptado de: www.congresovisible.org. De acuerdo con la Constitución Política de Colombia, ¿cuál de las ramas del poder puede ejercer control político a través de citaciones y mociones de censura? Pregunta 14 La Rama Electoral. La Rama Ejecutiva. La Rama Judicial. La Rama Legislativa. A. B. C. D."
simulacro-2,Sociales y Ciudadanas,EXT-social2021-16-16,social2021:16,06_PRACTICA_SOCIALES.pdf,,16,A,official,Media,enhanced_guided,False,assets/pages/expanded/social2021/p012.jpg,"Saber 11.º 2021 12 Considere el siguiente fragmento: “Con los jefes liberales que en la tarde de la sublevación y el caos habían ido a visitarlo en Palacio bajo las balas y entre los incendios, el presidente Ospina improvisó nuevamente un gobierno de Unidad Nacional, mientras Laureano Gómez, el jefe de su partido, que en vano había pedido el traspaso del poder a una Junta Militar, se iba indignado del país (a la España de Franco). En la Bogotá medio quemada restablecieron el orden las tropas del ejército venidas de Boyacá, pero en provincia los que fueron llamados “nueveabrileños” empezaron a levantar la autodefensa liberal vaticinada por Gaitán”. Tomado y adaptado de: https://bibliotecanacional.gov.co/es-co/proyectos-digitales/historia-de-colombia/libro/capitulo11.html ¿Qué periodo de la historia política colombiana se representa en este fragmento? Pregunta 16 La Violencia entre 1948 y 1953. El Frente Nacional entre 1958 y 1974. La Patria Boba entre 1810 y 1815. El gobierno de Rojas Pinilla entre 1954 y 1958. A. B. C. D."
simulacro-2,Sociales y Ciudadanas,EXT-social2021-17-17,social2021:17,06_PRACTICA_SOCIALES.pdf,,17,C,official,Media,enhanced_guided,False,assets/pages/expanded/social2021/p013.jpg,"Considere atentamente el siguiente fragmento: “Es posible y conveniente para la nación y para el conservatismo buscar un entendimiento claro y firme con el Partido Liberal sobre la única base que éste somete a su consideración y a la discusión de todos los colombianos: la de que se regrese a la normalidad institucional mediante un acuerdo de los dos partidos tradicionales, que agrupan a la casi totalidad de colombianos en sus filas, por el cual se haga imposible que el gobierno civil y nacional que haya de suceder al de las Fuerzas Armadas se convierta en una hegemonía de partido, y recaiga la nación en los peligros y las tragedias anteriores”. Tomado de: http://www.lablaa.org/blaavirtual/exhibiciones/lleras/pdf/carpeta-35/documento-522.pdf De acuerdo con el texto anterior, ¿cuál de las siguientes razones explicaría que este fragmento pertenece al periodo del Frente Nacional? Pregunta 17 El autor propone un acuerdo entre los partidos tradicionales como alternativa política ante la amenaza del fascismo, la dictadura militar y los totalitarismos. Da cuenta de la voluntad de paz y conciliación de los colombianos en el periodo de la dictadura de las Fuerzas Armadas encabezadas por el general Rojas Pinilla. Da cuenta del acuerdo realizado por los partidos tradicionales como salida a la crisis social producida por la violencia y los sectarismos bipartidistas de la década de los años 1950. El autor advierte de los peligros inherentes a un modelo democrático electoral polarizado por dos partidos políticos tradicionales, antagónicos y excluyentes. A. B. C. D."
simulacro-2,Sociales y Ciudadanas,EXT-social2021-18-18,social2021:18,06_PRACTICA_SOCIALES.pdf,,18,B,official,Media,enhanced_guided,False,assets/pages/expanded/social2021/p013.jpg,"Saber 11.º 2021 13 Las revoluciones sociales son transformaciones rápidas y fundamentales de la situación de una sociedad y de sus estructuras de clase; se acompañan de las revueltas y se basan en dos coincidencias: cambio estructural por levantamiento de clases y posibilidad de transformación política y social. Entre las revoluciones más sobresalientes están: la Revolución mexicana, la Revolución cubana, la Revolución nicaragüense (sandinista) y la Revolución rusa. ¿Cuál es el orden cronológico (del más antiguo al más reciente) de las revoluciones mencionadas? Pregunta 18 Revolución nicaragüense, Revolución rusa, Revolución mexicana, Revolución cubana. Revolución mexicana, Revolución rusa, Revolución cubana, Revolución nicaragüense. Revolución rusa, Revolución cubana, Revolución mexicana, Revolución nicaragüense. Revolución cubana, Revolución rusa, Revolución mexicana, Revolución nicaragüense. A. B. C. D."
simulacro-2,Sociales y Ciudadanas,EXT-social2021-19-19,social2021:19,06_PRACTICA_SOCIALES.pdf,,19,D,official,Media,enhanced_guided,False,assets/pages/expanded/social2021/p014.jpg,"En el contexto de la crisis económica experimentada por el país a finales de la década de los años 1990, el gobierno colombiano estableció una serie de acuerdos con el Fondo Monetario Internacional que contemplaban la ejecución de medidas tales como: reforma estructural del sector público; fortalecimiento del sector financiero; reducción del gasto del gobierno central; reforma pensional; protección al libre comercio; extensión del impuesto al valor agregado (IVA); participación del sector privado en servicios de infraestructura; flexibilización laboral; mayores condiciones legales para la inversión extranjera en explotación petrolera y minera y privatización de bancos estatales y empresas públicas del sector energético y de telecomunicaciones. ¿Por qué estas medidas pueden catalogarse como “neoliberales”? Pregunta 19 Porque implican un manejo arbitrario de la dinámica económica del país por el gobierno nacional. Porque plantean una mayor presencia del Estado en el sector productivo como agente administrador. Porque implican la injerencia de instituciones financieras extranjeras en la política económica interna. Porque plantean reducir el tamaño del Estado y su participación en la regulación de actividades económicas. A. B. C. D."
simulacro-2,Sociales y Ciudadanas,EXT-social2021-20-20,social2021:20,06_PRACTICA_SOCIALES.pdf,,20,C,official,Difícil,enhanced_guided,False,assets/pages/expanded/social2021/p014.jpg,"Saber 11.º 2021 14 Considere el siguiente fragmento extraído de un Plan Nacional de Desarrollo de México: “La productividad no sólo se incrementa con las grandes reformas estructurales. El proceso de crecimiento del país también se puede y debe impulsar desde los sectores privado, social y desde todos los órdenes de gobierno. En este sentido, esta estrategia plantea que la Administración Pública Federal busque el incremento de la productividad mediante la eliminación de trabas que impiden el funcionamiento adecuado de la economía, promoviendo la creación de empleos, mejorando la regulación y, de manera especial, simplificando la normatividad y trámites gubernamentales”. Tomado de: Plan nacional de desarrollo 2013- 2018, gobierno de los Estados Unidos de México, p. 23. Disponible en: http://www.snieg.mx/contenidos/espanol/normatividad/MarcoJuridico/PND_2013-2018.pdf ¿Con cuál de los siguientes modelos es afín esta propuesta para mejorar la productividad económica? Pregunta 20 Con el socialismo, porque busca que el Estado tenga un control total de la economía. Con la monarquía, porque centraliza las decisiones económicas en el jefe de Estado. Con el neoliberalismo, porque restringe el rol del Estado a la protección del mercado. Con la democracia, porque invita a todos a tomar parte en las decisiones económicas. A. B. C. D."
simulacro-2,Sociales y Ciudadanas,EXT-social2021-21-21,social2021:21,06_PRACTICA_SOCIALES.pdf,,21,C,official,Media,enhanced_guided,False,assets/pages/expanded/social2021/p015.jpg,"En el Plan Nacional de Desarrollo de Colombia de la década de los años 1990, se afirma lo siguiente: “La eficiencia no puede ser antagónica con la equidad. Por tanto, en las determinaciones públicas primarán siempre consideraciones para que el juego del mercado no comprometa la equidad ni restrinja el acceso y la participación equitativa de los más pobres”. ¿Cuál de los siguientes enunciados explica la postura crítica de este fragmento, frente al modelo neoliberal? Pregunta 21 Se reconoce el papel central del Estado en la buena gestión y administración de los recursos públicos. Se define el mercado como el principal mecanismo para distribuir eficientemente los beneficios del crecimiento económico. Se afirma que, sin la intervención del Estado, no es posible garantizarle buenas condiciones de vida a toda la población. Se señala implícitamente que la privatización de las empresas del Estado es un mecanismo eficiente para garantizar la equidad. A. B. C. D."
simulacro-2,Sociales y Ciudadanas,EXT-social2021-22-22,social2021:22,06_PRACTICA_SOCIALES.pdf,,22,C,official,Difícil,enhanced_guided,False,assets/pages/expanded/social2021/p015.jpg,"Saber 11.º 2021 15 Lea detenidamente la siguiente definición de proteccionismo económico: “Se puede definir el proteccionismo como el uso de varios mecanismos con el objetivo principal de proteger a las empresas nacionales de la competencia extranjera. El mecanismo más utilizado es el de aplicar un alto nivel de impuestos a la entrada de productos hechos en otros países (estos impuestos se denominan aranceles). (...) Los aranceles son una barrera ya que son costos que tienen que pagar las empresas al comerciar entre países. Estos costos aumentan el precio del producto y, por lo tanto, dificultan su venta”. Tomado de: http://www.banrepcultural.org/blaavirtual/ayudadetareas/economia/econo89.htm Teniendo en cuenta el fragmento anterior, ¿en cuál de las siguientes condiciones se justificaría el uso del modelo proteccionista en un país? Pregunta 22 Cuando se fabrica tecnología de punta para optimizar la producción de alimentos. Cuando tiene suelos desérticos que impiden la producción de alimentos. Cuando importa un buen número de alimentos que se producen en su territorio. Cuando exporta más alimentos de los que compra en los mercados extranjeros. A. B. C. D."
simulacro-2,Sociales y Ciudadanas,EXT-social2021-23-23,social2021:23,06_PRACTICA_SOCIALES.pdf,,23,B,official,Media,enhanced_guided,False,assets/pages/expanded/social2021/p016.jpg,"El Centro Nacional de Memoria Histórica de Colombia define el desplazamiento forzado como un fenómeno masivo, sistemático, de larga duración y vinculado, en gran medida, a las disputas entre actores armados por el control de territorios estratégicos. Según esta definición, ¿por qué el desplazamiento forzado permite comprender características propias del conflicto armado en Colombia? Pregunta 23 Porque el desplazamiento forzado es un fenómeno social de larga duración que solo se presenta en Colombia. Porque el desplazamiento forzado pone en evidencia, indirectamente, los intereses económicos de los actores en conflicto. Porque el desplazamiento forzado permite determinar el efecto directo del conflicto armado sobre la población urbana. Porque el desplazamiento forzado permite identificar zonas históricamente controladas por un único actor armado. A. B. C. D."
simulacro-2,Sociales y Ciudadanas,EXT-social2021-24-24,social2021:24,06_PRACTICA_SOCIALES.pdf,,24,D,official,Media,enhanced_guided,False,assets/pages/expanded/social2021/p016.jpg,"Saber 11.º 2021 16 Lea atentamente el siguiente planteamiento: “El actual conflicto armado que enluta a vastas regiones y amplios sectores de la población colombiana, afecta de manera directa o indirecta a toda la nación (…) somos conscientes de la nefasta influencia totalizadora de este flagelo sobre los diversos estamentos de la vida nacional. Toda guerra de hecho compromete a la población civil, destruye la economía de las regiones y subvierte los valores sociales. La guerra que desató la subversión y que nos ha obligado a responder, no es una guerra de posiciones con distintivos convencionales y combatientes identificables, como en los enfrentamientos bélicos regulares. Es una guerra irregular, en la cual la guerrilla se camufla dentro de la población civil”. Tomado de: http://otramiradadelconflicto.wikispaces.com/file/view/Discurso%20Carlos%20Casta%C3%B1o.pdf Probablemente, ¿quién elaboró este planteamiento? Pregunta 24 Un empresario, porque señala las consecuencias indirectas del conflicto sobre la economía del país. Un congresista, porque señala las consecuencias del conflicto armado y la necesidad de crear un marco jurídico para la paz. Un investigador, porque se muestra externo al conflicto y califica la confrontación como de carácter irregular y poco convencional. Un paramilitar, porque afirma que fueron las acciones de la guerrilla las que obligaron a su organización a involucrarse en el conflicto. A. B. C. D."
simulacro-2,Sociales y Ciudadanas,EXT-social2021-25-25,social2021:25,06_PRACTICA_SOCIALES.pdf,,25,C,official,Media,enhanced_guided,False,assets/pages/expanded/social2021/p017.jpg,Lea la siguiente lista de problemas: 1. Escasez de recursos naturales no renovables. 2. Pertenencia a partidos políticos contrarios. 3. Crecimiento demográfico de la población rural. 4. Distribución desigual de la propiedad de la tierra. ¿Cuáles de esos problemas son causas del conflicto agrario en Colombia? Pregunta 25 1 y 3. 1 y 4. 2 y 4. 1 y 2. A. B. C. D.
simulacro-2,Sociales y Ciudadanas,EXT-social2021-26-26,social2021:26,06_PRACTICA_SOCIALES.pdf,,26,A,official,Media,enhanced_guided,False,assets/pages/expanded/social2021/p017.jpg,"La acción de tutela es un mecanismo que busca la protección inmediata de los derechos fundamentales de los ciudadanos. ¿En cuál de las siguientes situaciones, se puede presentar una acción de tutela? Pregunta 26 Cuando se vulnera el derecho a la salud, porque está en riesgo la vida de la persona. Cuando alguien es expulsado de una agremiación, a pesar de estar al día en sus pagos. Cuando se busca proteger un derecho colectivo de constituir juntas de acción comunal. Cuando se legisla sobre el derecho a la vida y el acceso a un trabajo digno para las personas. A. B. C. D."
simulacro-2,Sociales y Ciudadanas,EXT-social2021-27-27,social2021:27,06_PRACTICA_SOCIALES.pdf,,27,B,official,Media,enhanced_guided,False,assets/pages/expanded/social2021/p017.jpg,"Saber 11.º 2021 17 En las principales ciudades del mundo moderno está produciéndose un paulatino abandono de las zonas residenciales del centro urbano, al tiempo que las zonas periféricas tienden a un mayor poblamiento. Estas migraciones las realizan personas o familias que tienen ingresos medios y altos. ¿Cuál es probablemente la principal causa de este fenómeno? Pregunta 27 El creciente desarrollo de la industria en el centro de las ciudades. La búsqueda de mejor calidad de vida en barrios tranquilos. La escasa oferta de servicios en los barrios del centro de la ciudad. La creciente oferta de vivienda barata en las afueras de la ciudad. A. B. C. D."
simulacro-2,Sociales y Ciudadanas,EXT-social2021-28-28,social2021:28,06_PRACTICA_SOCIALES.pdf,,28,C,official,Media,enhanced_guided,False,assets/pages/expanded/social2021/p018.jpg,"En Colombia, la discriminación de personas con orientación sexual diferente a la heterosexual, es decir, lesbianas, homosexuales, bisexuales y personas transgénero, ha llevado a procesos de movilización y acciones afirmativas de estas comunidades por la defensa de sus derechos. ¿Por qué estas movilizaciones y acciones que visibilizan a personas con orientación sexual diferente, son fundamentales en el desarrollo de la igualdad y del respeto por la diferencia? Pregunta 28 Porque exigen al gobierno proyectos pedagógicos para la salud sexual. Porque denuncian la explotación laboral y las condiciones de marginación espacial de estas personas. Porque promulgan y reivindican los derechos y se denuncia la exclusión. Porque sensibilizan a la gente sobre la importancia de reconocer la diversidad de creencias religiosas. A. B. C. D."
simulacro-2,Sociales y Ciudadanas,EXT-social2021-29-29,social2021:29,06_PRACTICA_SOCIALES.pdf,,29,A,official,Difícil,enhanced_guided,False,assets/pages/expanded/social2021/p018.jpg,"Saber 11.º 2021 18 La Revolución Industrial se debió, entre otras causas, a la invención de la máquina de vapor y la concentración del capital, que permitió adquirir máquinas para producir en masa. Esta revolución produjo cambios en la población, se pasó de la explotación de la tierra a la producción de bienes, del telar familiar a la gran fábrica y de la manufactura a la producción tecnificada. De acuerdo con lo anterior, ¿cuál de las siguientes afirmaciones es una consecuencia de la revolución industrial? Pregunta 29 El traslado del campo a la ciudad y el surgimiento del proletariado urbano. El crecimiento de la población rural sobre la urbana. El nacimiento de una élite propietaria de la tierra. El desarrollo de un modelo económico para la protección del proletariado. A. B. C. D."
simulacro-2,Sociales y Ciudadanas,EXT-social2021-30-30,social2021:30,06_PRACTICA_SOCIALES.pdf,,30,D,official,Media,enhanced_guided,False,assets/pages/expanded/social2021/p019.jpg,"Se dice que una Constitución es la ley de leyes, la fuente de toda la jurisprudencia en un Estado de derecho. Por esta razón, cada una de las normas que se expidan debe ajustarse a los principios y mandatos constitucionales. De acuerdo con lo anterior, ¿cuál es la principal utilidad de una Constitución? Pregunta 30 Impartir justicia y orientar las acciones del Poder Ejecutivo en un Estado social de derecho como el colombiano. Facilitar la labor de los jueces, al asumir la tarea de impartir justicia, de manera imparcial y oportuna. Garantizar la paz y la prosperidad de las naciones, al expresar los acuerdos y los compromisos de cada ciudadano con la sociedad. Establecer un orden jurídico y un marco normativo que delimita el poder del Estado y establece qué es legal. A. B. C. D."
simulacro-2,Sociales y Ciudadanas,EXT-social2021-31-31,social2021:31,06_PRACTICA_SOCIALES.pdf,,31,C,official,Difícil,enhanced_guided,False,assets/pages/expanded/social2021/p019.jpg,"Saber 11.º 2021 19 Un estudio reveló que el 30 % de las mujeres en Colombia son víctimas de violencia física. A partir de este estudio varias organizaciones feministas solicitaron el endurecimiento de las penas para las personas que ejercían violencia contra las mujeres. Ante esta petición un funcionario del gobierno señaló que el estudio, aunque tenía datos confiables, no consideraba los distintos contextos de estas agresiones y que era muy importante tener en cuenta que algunos hechos violentos podrían estar justificados. Según la información presentada, ¿cuál de los siguientes hechos podría ser un efecto de la posición del funcionario? Pregunta 31 Que se cuestione la idoneidad de los investigadores que realizaron el estudio. Que se generen estrategias más efectivas de prevención de la violencia contra las mujeres. Que algunas personas no reconozcan la gravedad de los actos de violencia en contra de las mujeres. Que las organizaciones feministas retiren sus peticiones. A. B. C. D."
simulacro-2,Sociales y Ciudadanas,EXT-social2021-32-32,social2021:32,06_PRACTICA_SOCIALES.pdf,,32,C,official,Media,enhanced_guided,False,assets/pages/expanded/social2021/p020.jpg,"En una región de Colombia, una organización estatal promueve proyectos de agricultura para la reintegración de campesinos desplazados. Con este objetivo, se propone la utilización de unos terrenos que forman parte de un ecosistema de humedal. Una organización ambientalista rechaza esta decisión porque afectará este ecosistema. ¿Son semejantes las posiciones de la organización estatal y la organización ambientalista? Pregunta 32 Son semejantes, porque las dos buscan el aprovechamiento económico del humedal para el bienestar de los campesinos. Son semejantes, porque las dos buscan defender a toda costa las riquezas naturales de la región. Son diferentes, porque una defiende al ecosistema aunque esto signifique no poder dar tierras a los campesinos y la otra quiere ayudarlos, aunque se dañe el ecosistema. Son diferentes, porque una busca que los campesinos se asienten y trabajen en otra región y la otra busca que se preserve el ecosistema del humedal. A. B. C. D."
simulacro-2,Sociales y Ciudadanas,EXT-social2021-33-33,social2021:33,06_PRACTICA_SOCIALES.pdf,,33,C,official,Media,enhanced_guided,False,assets/pages/expanded/social2021/p020.jpg,"La crisis económica que se desató en 1929, en Estados Unidos, también afectó a los países latinoamericanos al reducirse sus exportaciones y, por consiguiente, sus importaciones. Para contrarrestar el efecto de esta crisis, los estados latinoamericanos adoptaron medidas como la sustitución de importaciones. ¿En qué consiste esta medida? Pregunta 33 En prohibir el ingreso de toda clase de productos extranjeros. En otorgar total libertad de producción, de cambio y de consumo. En producir internamente los bienes que tradicionalmente se traían del exterior. En dejar actuar libremente las leyes de la oferta y la demanda. A. B. C. D."
simulacro-2,Sociales y Ciudadanas,EXT-social2021-34-34,social2021:34,06_PRACTICA_SOCIALES.pdf,,34,D,official,Media,enhanced_guided,False,assets/pages/expanded/social2021/p020.jpg,"Saber 11.º 2021 20 Algunas tendencias del liberalismo promueven cobrar más impuestos a la parte de la población que posee más recursos, y menos impuestos a aquellas personas que posean menos. ¿Cuál de las siguientes situaciones está de acuerdo con lo anterior? Pregunta 34 En el país A, la tasa promedio de impuestos es el 33 % del salario de los habitantes. En el país B, el gobierno autoriza aumentar el impuesto del IVA. En el país C, el gobierno quita los subsidios para los servicios públicos. En el país D, el gobierno aumenta los impuestos de patrimonio y renta. A. B. C. D."
simulacro-2,Sociales y Ciudadanas,EXT-social2021-35-35,social2021:35,06_PRACTICA_SOCIALES.pdf,,35,D,official,Media,enhanced_guided,False,assets/pages/expanded/social2021/p021.jpg,"El socialismo busca la igualdad social, política y económica. ¿Qué propone el socialismo para alcanzar este propósito? Pregunta 35 Privatizar los medios de producción y lograr desmontar los sindicatos de las empresas transnacionales y multinacionales. Impulsar el consumo y la capacidad de endeudamiento de los trabajadores como factores fundamentales para dinamizar la economía. Ofrecer bienes y servicios según el esquema de los tratados de libre comercio y la apertura económica de las fronteras nacionales. Lograr la tenencia colectiva de los medios de producción y la consolidación del poder político en las clases trabajadoras. A. B. C. D."
simulacro-2,Sociales y Ciudadanas,EXT-social2021-36-36,social2021:36,06_PRACTICA_SOCIALES.pdf,,36,C,official,Difícil,enhanced_guided,False,assets/pages/expanded/social2021/p021.jpg,"Saber 11.º 2021 21 Un programa impulsado por países europeos lleva varios años apoyando a jóvenes bogotanos de estratos 1, 2 y 3 con buen manejo del inglés, para que creen sus propios negocios. Después de 5 años de operación, detectan que el 30 % de los negocios son restaurantes de comida internacional, 30 % salones de belleza, 20 % tiendas de ropa formal, 10 % librerías y 10 % escuelas de baile. Ante el éxito del proyecto, deciden abrir una convocatoria para replicar el modelo en Riohacha, Leticia, Arauca y Florencia. Basados en la experiencia bogotana, establecieron que en cada ciudad debían apoyarse las mismas tipologías de negocio y en los mismos porcentajes. Algunos expertos señalan que la implementación del mismo modelo en estas ciudades puede no funcionar. ¿Por qué podría fallar la implementación de este modelo en las otras ciudades? Pregunta 36 Porque los jóvenes no están interesados en hacer negocios sino en estudiar. Porque no es viable mantener un programa por tan largo tiempo. Porque las necesidades de la población, lo que se demanda, pueden ser muy distintas. Porque los jóvenes no tienen buen dominio del inglés. A. B. C. D."
simulacro-2,Sociales y Ciudadanas,EXT-social2021-37-37,social2021:37,06_PRACTICA_SOCIALES.pdf,,37,C,official,Media,enhanced_guided,False,assets/pages/expanded/social2021/p022.jpg,"El Consejo Académico de un colegio decidió nombrar como representantes al Consejo Estudiantil a los estudiantes con mejor desempeño académico y de convivencia, en lugar de realizar las elecciones ordinarias. ¿Qué situación genera esta decisión? Pregunta 37 Que se estimule a los estudiantes a estudiar y ser mejores compañeros. Que se dificulte la disponibilidad de tiempo para el desarrollo normal de las actividades académicas. Que se vulnere el derecho de los estudiantes a tener y utilizar mecanismos de participación. Que se promueva en los estudiantes la comprensión de la importancia del Consejo Estudiantil. A. B. C. D."
simulacro-2,Sociales y Ciudadanas,EXT-social2021-38-38,social2021:38,06_PRACTICA_SOCIALES.pdf,,38,C,official,Difícil,enhanced_guided,False,assets/pages/expanded/social2021/p022.jpg,"Saber 11.º 2021 22 El gobierno decidió construir una represa que es indispensable para generar electricidad para todo el país. La represa solo puede construirse en un sitio en el que hay un asentamiento indígena. En principio, al hacer las consultas respectivas con esta comunidad, ellos se negaban a la construcción de la represa. Sin embargo, después de un largo proceso de conciliación con la comunidad, se acordó la construcción de la represa y que los indígenas se asentaran en otro territorio. Según la Constitución Política de Colombia, ¿cómo procedió el gobierno en esta situación? Pregunta 38 Actuó en contra de los derechos de las comunidades indígenas. Favoreció a la comunidad indígena en contra del interés general. Mostró respeto por la comunidad indígena en función del bien común. Debió hacer una consulta popular para resolver este problema. A. B. C. D."
simulacro-2,Sociales y Ciudadanas,EXT-social2021-39-39,social2021:39,06_PRACTICA_SOCIALES.pdf,,39,B,official,Difícil,enhanced_guided,False,assets/pages/expanded/social2021/p023.jpg,"Un profesor universitario sostiene que cuando sus estudiantes mujeres responden a una pregunta, se extienden demasiado en la respuesta. Por esa razón, cuando les pregunta a los estudiantes y algunos levantan la mano para responder, hombres y mujeres por igual, el profesor solo les da la palabra a los hombres. De acuerdo con la Constitución, ¿el profesor está vulnerando algún derecho? Pregunta 39 No, pues el profesor puede hacer esto porque tiene más experiencia que sus estudiantes. Sí, ya que con su actuación el profesor está vulnerando el derecho a la igualdad. No, pues a pesar de que la actitud del profesor puede ser chocante para algunos, no es discriminatoria. Sí, porque el profesor puede justificar lo que hace si puede probar que las mujeres hablan demasiado. A. B. C. D."
simulacro-2,Sociales y Ciudadanas,EXT-social2021-40-40,social2021:40,06_PRACTICA_SOCIALES.pdf,,40,C,official,Media,enhanced_guided,False,assets/pages/expanded/social2021/p023.jpg,"Saber 11.º 2021 23 Una compañía petrolera identificó un yacimiento de petróleo en una zona en la que vive una comunidad indígena para la cual extraer el petróleo significa “robarle la sangre a la madre tierra”, y por ello se opone a la explotación del yacimiento. La compañía invirtió muchos recursos en un proceso de diálogo con los representantes de la comunidad, pero fue imposible llegar a un acuerdo. Ante esto, y después de un análisis detenido de las posiciones, el Estado le negó a la empresa el permiso de explotación. De acuerdo con la Constitución, ¿cuál es la razón que mejor sustenta la decisión del Estado? Pregunta 40 Garantizar el derecho a la igualdad. Garantizar el derecho a la libre asociación. Proteger la diversidad étnica y cultural. Proteger el medio ambiente. A. B. C. D."
simulacro-2,Sociales y Ciudadanas,EXT-social2021-41-41,social2021:41,06_PRACTICA_SOCIALES.pdf,,41,C,official,Media,enhanced_guided,False,assets/pages/expanded/social2021/p024.jpg,"En un periódico de la ciudad han aparecido continuamente titulares como los siguientes: “El alcalde no es capaz de solucionar el problema de criminalidad en la ciudad”, “Al alcalde le queda grande erradicar el crimen de la ciudad” y “La ciudad y la Alcaldía están sometidas a los criminales”. Antes de creer que el alcalde está haciendo mal su trabajo en materia de seguridad, ¿qué deberían revisar los ciudadanos principalmente? Pregunta 41 El plan de gobierno para ver si había propuestas en el tema de seguridad. Los índices de criminalidad en otras ciudades del país y de los países vecinos. Los cambios en los índices de criminalidad desde que el alcalde se posesionó. Las declaraciones oficiales del alcalde sobre si lo está haciendo bien o no. A. B. C. D."
simulacro-2,Sociales y Ciudadanas,EXT-social2021-42-42,social2021:42,06_PRACTICA_SOCIALES.pdf,,42,D,official,Media,enhanced_guided,False,assets/pages/expanded/social2021/p024.jpg,"Saber 11.º 2021 24 El problema del tráfico de drogas ilícitas ha generado que gobernantes, académicos y miembros de la sociedad civil de países productores debatan sobre el asunto con el fin de encontrar soluciones. Algunos proponen que, para defender el bien común, se debe legalizar las drogas. ¿Cuál de los siguientes es el argumento más afín con la propuesta de legalización? Pregunta 42 Cada persona debe tener la libertad de decidir si consume o no drogas y, por tanto, su comercialización no debería estar bajo ningún control. Los países productores no tienen ninguna responsabilidad en el tráfico de drogas; la responsabilidad recae sobre los países consumidores. Quienes consumen drogas no deben ser tratados como delincuentes, sino como adictos que necesitan tratamientos médicos. En los países productores la prohibición ha generado problemas sociales más graves que aquellos que se querían evitar con esta medida. A. B. C. D."
simulacro-2,Sociales y Ciudadanas,EXT-social2021-43-43,social2021:43,06_PRACTICA_SOCIALES.pdf,,43,C,official,Difícil,enhanced_guided,False,assets/pages/expanded/social2021/p025.jpg,"La violencia sexual contra las mujeres es un problema mundial. Hace poco tiempo, el jefe de policía de una ciudad muy importante, en un país desarrollado, declaró al respecto: “Para evitar estas situaciones, lo mejor sería que las mujeres dejaran de salir con minifaldas o escotes provocadores a la calle. Así evitarían ser víctimas de acoso o violencia sexual”. ¿Qué intereses está favoreciendo esta declaración? Pregunta 43 Los de las mujeres, porque está aconsejándoles cómo vestir para no ser víctimas. Los de los policías, porque su función no es la de manejar casos de acoso. Los de los agresores, porque está dándoles una justificación a lo que hacen. Los de la ciudad, porque el acoso sexual afecta la percepción de seguridad. A. B. C. D."
simulacro-2,Sociales y Ciudadanas,EXT-social2021-44-44,social2021:44,06_PRACTICA_SOCIALES.pdf,,44,B,official,Difícil,enhanced_guided,False,assets/pages/expanded/social2021/p025.jpg,"Saber 11.º 2021 25 Ante los crecientes robos a residencias en algunos sectores de estratos altos de una ciudad, el alcalde está considerando autorizar el cerramiento de grandes sectores residenciales que agrupan varios barrios de la ciudad, para que sean vigilados por seguridad privada y para que solo se permita la entrada a los residentes o a personas autorizadas por estos. A la hora de evaluar la propuesta, ¿qué intereses en conflicto deben ser tenidos en cuenta? Pregunta 44 Los de las empresas de seguridad privada que buscan expandir su negocio, y los de las bandas de ladrones que buscan seguir realizando sus actividades sin obstáculos. Los de los residentes que buscan su seguridad, y los de los demás habitantes de la ciudad que dejarían de tener acceso a las vías y otros espacios públicos de los sectores encerrados. Los de los residentes que buscan su beneficio particular y los intereses del gobierno local que debe encargarse del bienestar de la comunidad. Los de las empresas de seguridad privada que serían contratadas para cuidar los sectores encerrados, y los de la Policía encargada de la seguridad en la ciudad. A. B. C. D."
simulacro-2,Sociales y Ciudadanas,EXT-social2021-45-45,social2021:45,06_PRACTICA_SOCIALES.pdf,,45,A,official,Media,enhanced_guided,False,assets/pages/expanded/social2021/p026.jpg,"La Corte Constitucional falló a favor de un soldado que había interpuesto una tutela al considerar que la institución militar no le respetaba el derecho a la objeción de conciencia, porque su religión le prohíbe el uso de armas y las prácticas militares. El fundamento del fallo es la defensa de la libertad de conciencia del soldado. ¿Cuál de las siguientes acciones es coherente con este fallo? Pregunta 45 Ordenarle al Ejército la entrega de la libreta militar al soldado y su inmediata desvinculación de la institución. Ordenarle al soldado cumplir su servicio militar obligatorio con todas las responsabilidades asignadas. Ordenarle al Ejército que el soldado participe de los entrenamientos y haga solo tareas de oficina. Ordenarle al soldado participar únicamente en paradas militares, portando con orgullo la dotación militar. A. B. C. D."
simulacro-2,Sociales y Ciudadanas,EXT-social2021-46-46,social2021:46,06_PRACTICA_SOCIALES.pdf,,46,D,official,Media,enhanced_guided,False,assets/pages/expanded/social2021/p026.jpg,"Saber 11.º 2021 26 Durante las épocas de lluvias, en muchas zonas rurales de Colombia se inundan escuelas y se interrumpen los caminos para llegar a estas. De las siguientes soluciones propuestas por la comunidad, ¿cuál podría evidenciar una vulneración al derecho a la educación? Pregunta 46 Organizar esquemas de transporte para que los estudiantes vayan a clases en escuelas no afectadas por las inundaciones. Ajustar el calendario escolar para que no haya clases en las épocas de inundación. Dar una parte de las clases a través de la emisora de radio local, para reducir los días en los que tienen que asistir al colegio. Asignar a los estudiantes a escuelas no inundadas y reiniciar las clases con los niños que puedan asistir. A. B. C. D."
simulacro-2,Sociales y Ciudadanas,EXT-social2021-48-48,social2021:48,06_PRACTICA_SOCIALES.pdf,,48,D,official,Media,enhanced_guided,False,assets/pages/expanded/social2021/p027.jpg,"Saber 11.º 2021 27 Un estudiante se intoxicó con comida que compró a un vendedor ambulante a la salida del colegio. Por esto, el Consejo Directivo del colegio, con la ayuda de la Policía, logró la expulsión de los vendedores ambulantes del sector. De los siguientes, ¿cuál sería un efecto de la expulsión de los vendedores? Pregunta 48 El aumento de la inseguridad en las inmediaciones del colegio. El aumento de las intoxicaciones alimentarias de los estudiantes en el colegio. La disminución del apoyo de la comunidad al Consejo Directivo y a la Policía. La disminución de los ingresos de las familias que dependían de esas ventas. A. B. C. D."
simulacro-2,Sociales y Ciudadanas,SOC-2020-MANUAL-01,social2020:manual:01,Cuadernillo-SocialesyCiudadanas-11-1.pdf,Cuadernillo 1 · 2020,1,C,manual_verified,Media,manual_verified,False,assets/additional/sociales_2020_q1.jpg,"La canción “Los dinosaurios” repite que amigos, cantores, personas de los diarios y personas en la calle pueden desaparecer. Puede afirmarse que la letra de esta canción…"
simulacro-2,Sociales y Ciudadanas,SOC-2020-MANUAL-02,social2020:manual:02,Cuadernillo-SocialesyCiudadanas-11-1.pdf,Cuadernillo 1 · 2020,2,A,manual_verified,Fácil,manual_verified,False,assets/additional/sociales_2020_q2.jpg,Un colegio público condiciona la admisión de un niño de otra religión a que participe en sus ceremonias religiosas. ¿Qué derecho fundamental se vulneraría?
simulacro-2,Sociales y Ciudadanas,SOC-social2020-manual-04,social2020:manual:04,Cuadernillo-SocialesyCiudadanas-11-1.pdf,Cuadernillo 1 · 2020,4,D,manual_verified,Media,manual_verified,False,assets/pages/social2020/p-2.jpg,"El presidente de la República de Colombia quiere reformar las leyes que regulan el sistema de pensiones. Para lograr esta reforma, su propuesta debe ser aprobada por"
simulacro-2,Sociales y Ciudadanas,SOC-social2020-manual-08,social2020:manual:08,Cuadernillo-SocialesyCiudadanas-11-1.pdf,Cuadernillo 1 · 2020,8,C,manual_verified,Media,manual_verified,False,assets/pages/social2020/p-4.jpg,"Después de movilizaciones estudiantiles contra una reforma a la educación superior, el Gobierno retiró el proyecto y abrió un proceso de discusión con estudiantes, profesores y directivos. ¿Qué relación entre movimientos sociales y democracia describe adecuadamente el caso?"
simulacro-2,Sociales y Ciudadanas,SOC-social2020-manual-09,social2020:manual:09,Cuadernillo-SocialesyCiudadanas-11-1.pdf,Cuadernillo 1 · 2020,9,D,manual_verified,Media,manual_verified,False,assets/pages/social2020/p-4.jpg,"Un informe explica que para los pueblos indígenas la tierra incluye la superficie y sus recursos naturales, y suele poseerse y utilizarse comunitariamente. ¿Por qué esto muestra diferencias culturales con otros grupos sociales?"
simulacro-1,Ciencias Naturales,CIE-science2019-main-09-09,science2019:main:09,cuadernillo-de-preguntas-saber-11-ciencias-naturales-2019.pdf,,9,C,official,Fácil,enhanced_guided,False,assets/pages/cuadernillo-de-preguntas-saber-11-ciencias-naturales-20/p009.jpg,"Si el estudiante le pregunta a la profesora la razón por la cual en los puntos blancos el sonido se escucha más fuerte que en los negros, ¿cuál de los siguientes argumentos debe darle la profesora al estudiante? A. Porque las ondas de sonido interfieren constructivamente en los puntos negros, y en los puntos blancos se reflejan. B. Porque las ondas de sonido interfieren constructivamente y destructivamente en todos los puntos, pero en los blancos las ondas se refractan. C. Porque las ondas de sonido interfieren constructivamente en los puntos blancos, y destructivamente en los puntos negros. D. Porque las ondas de sonido interfieren destructivamente en los puntos blancos y negros, pero en los negros se reflejan y se refractan. Un estudiante camina por el frente de dos parlantes ubicados afuera de la emisora del colegio. Dentro de la emisora, la profesora de física toca la nota do, en un clarinete para ayudar al profesor de música a afinar algunos instrumentos musicales. El estudiante percibe que hay lugares en donde el sonido del clarinete se escucha más fuerte, mien- tras que en otros no, y los marca como se muestra en la siguiente figura. 9."
simulacro-1,Ciencias Naturales,CIE-science2019-main-10-10,science2019:main:10,cuadernillo-de-preguntas-saber-11-ciencias-naturales-2019.pdf,,10,A,official,Fácil,enhanced_guided,False,assets/pages/cuadernillo-de-preguntas-saber-11-ciencias-naturales-20/p009.jpg,"Una estudiante observa la construcción de un edificio nuevo para el colegio y mira a un obrero que lanza, cada vez, un ladrillo desde el primer piso, mientras que otro lo recibe justo a 3,0 m de altura, como se muestra en la siguiente figura. Si la estudiante sabe que la energía potencial depende de la altura y de la masa del objeto y de repente observa que mientras el obrero se mantiene sosteniendo el ladrillo II a una altura de 1,0 m respecto al piso, el otro obrero deja caer el ladrillo I, ¿qué altura tiene que descender el ladrillo I para que ambos ladrillos tengan la misma energía potencial? A. 2,0 m. B. 1,5 m. C. 1,0 m. D. 3,0 m. 3,0 m Ladrillo I Ladrillo II 2,5 m 2,0 m 1,5 m 1,0 m 10."
simulacro-1,Ciencias Naturales,CIE-science2019-main-12-12,science2019:main:12,cuadernillo-de-preguntas-saber-11-ciencias-naturales-2019.pdf,,12,A,official,Fácil,enhanced_guided,False,assets/pages/cuadernillo-de-preguntas-saber-11-ciencias-naturales-20/p010.jpg,"Se mide el tiempo de vaciado del agua de un tanque a través de una llave conectada al fondo del mismo. La siguiente tabla muestra los resultados de este experimento, tomados para tres llaves de diferentes diámetros y para el tanque llenado hasta determinada altura. Con base en los datos registrados en la tabla sobre la dependencia del tiempo de vaciado y tomando en cuenta el diámetro de la llave y la altura del agua, se puede afirmar que A. disminuye más cuando el diámetro de la llave aumenta 1 cm que cuando se reduce la altura del nivel de agua 10 cm. B. disminuye más cuando el diámetro de la llave se reduce 1 cm que cuando se reduce la altura del nivel de agua 10 cm. C. aumenta más cuando el diámetro de la llave aumenta 1 cm que cuando se reduce la altura del nivel de agua en 10 cm. D. aumenta más cuando el diámetro de la llave aumenta 1 cm que cuando se aumenta la altura del nivel de agua en 10 cm. Tiempo de vaciado Altura del agua en el tanque 30,0 cm 20,0 cm 10,0 cm Diámetro de la llave 1,0 cm 70,0 s 60,0 s 50,0 s 2,0 cm 40,0 s 35,0 s 30,0 s 3,0 cm 10,0 s 10,0 s 10,0 s 12."
simulacro-1,Ciencias Naturales,CIE-science2019-main-17-17,science2019:main:17,cuadernillo-de-preguntas-saber-11-ciencias-naturales-2019.pdf,,17,D,official,Media,enhanced_guided,False,assets/pages/cuadernillo-de-preguntas-saber-11-ciencias-naturales-20/p012.jpg,"Una onda de luz se mueve hacia un vaso de vidrio que contiene agua, como lo muestra la siguien- te figura. Se espera que la longitud de onda de la luz sea menor en el vidrio (el material más denso), mayor en el aire (el material menos denso) y tenga un valor intermedio en el agua (el material más denso que el aire y menos denso que el vidrio). Si se pudiera ver el comportamiento de la onda al entrar en el vaso y salir de este, ¿cuál de las siguientes gráficas representa mejor la longitud de onda de luz en los tres materiales? Agua Vaso de vidrio Onda de luz Aire Aire Vidrio Vidrio amplificado Agua Aire Aire Vidrio Agua Aire Aire Vidrio Agua Aire Aire Vidrio Agua A. B. C. D. 17."
simulacro-1,Ciencias Naturales,CIE-science2019-main-23-23,science2019:main:23,cuadernillo-de-preguntas-saber-11-ciencias-naturales-2019.pdf,,23,A,official,Fácil,enhanced_guided,False,assets/pages/cuadernillo-de-preguntas-saber-11-ciencias-naturales-20/p015.jpg,"Un grupo de estudiantes realizó un experimento que consistía en sumergir una esponja en líqui- dos de diferente densidad, para luego medir su volumen y masa. En la gráfica se presentan los resultados de este experimento marcados con puntos, y una línea de tendencia. Un estudiante afirma que si se usa un líquido con una densidad extremadamente baja, la masa registrada será diferente de cero. ¿Esta afirmación puede considerarse una predicción basada en los datos experimentales? A. Sí, porque la línea de tendencia cruza en un punto diferente de cero. B. No, porque no se observa ningún patrón entre la densidad y la masa. C. No, porque no existen datos que usen líquidos con muy baja densidad. D. Sí, porque todos los datos presentan masas diferentes de cero. 50 45 40 35 30 25 20 15 10 5 0 0,0 0,2 0,4 0,6 0,8 1,0 1,2 1,4 1,6 Masa (g) Densidad (g/cm3) 23."
simulacro-1,Ciencias Naturales,CIE-science2019-main-38-38,science2019:main:38,cuadernillo-de-preguntas-saber-11-ciencias-naturales-2019.pdf,,38,D,official,Fácil,enhanced_guided,False,assets/pages/cuadernillo-de-preguntas-saber-11-ciencias-naturales-20/p022.jpg,Un estudiante sopla una pelota por un tubo vertical como muestra la figura. La pelota sube aceleradamente por el tubo. Esto ocurre porque A. el peso de la pelota cambia cuando el estudiante sopla aire por el tubo. B. la fuerza que ejerce el aire que sopla el estudiante es igual que el peso de la pelota. C. el peso de la pelota es mayor que la fuerza del aire que sopla el estudiante. D. la fuerza que ejerce el aire que sopla el estudiante es mayor que el peso de la pelota. La pelota se mueve aceleradamente hacia arriba Dirección de movimiento del aire soplado 38.
simulacro-1,Ciencias Naturales,CIE-science2019-main-44-44,science2019:main:44,cuadernillo-de-preguntas-saber-11-ciencias-naturales-2019.pdf,,44,A,official,Fácil,enhanced_guided,False,assets/pages/cuadernillo-de-preguntas-saber-11-ciencias-naturales-20/p025.jpg,En una especie de pato se pueden encontrar individuos con cuello corto e individuos con cuello largo. En esta especie se encuentran una mayor cantidad de patos con cuello largo. En un expe- rimento se aparearon una hembra y un macho de cuello largo; de sus hijos 3/4 son de cuello largo y 1/4 son de cuello corto. De los genotipos de los padres puede afirmarse que A. ambos padres eran heterocigotos. B. el macho era heterocigoto y la hembra era homocigoto recesivo. C. el macho era heterocigoto y la hembra era homocigoto dominante. D. ambos padres eran homocigotos dominantes. 44.
simulacro-1,Ciencias Naturales,CIE-science2026-main-02-02,science2026:main:02,24-feb-cuadernillo-preguntas-ciencias-naturales-saber-11-2026.pdf,,2,C,official,Difícil,enhanced_guided,False,assets/pages/24-feb-cuadernillo-preguntas-ciencias-naturales-saber-1/p006.jpg,6 Pregunta 2 La siguiente ecuación representa la reacción química de la formación de agua (H2O). ¿Cuál de las siguientes opciones muestra correctamente los reactivos de la anterior reacción? A. H4 y O2. B. H4 y O4. C. H2 y O2. D. H2 y O4. 2H2 O2 2H2O + + +
simulacro-1,Ciencias Naturales,CIE-science2026-main-03-03,science2026:main:03,24-feb-cuadernillo-preguntas-ciencias-naturales-saber-11-2026.pdf,,3,C,official,Media,enhanced_guided,False,assets/pages/24-feb-cuadernillo-preguntas-ciencias-naturales-saber-1/p007.jpg,"Pregunta 3 Un estudiante analiza cómo cambia la solubilidad de una sal de sodio; para esto, disuelve distintas cantidades de la sal en 20 gramos de agua destilada y registra la temperatura exacta a la cual se logra disolver completamente. Los resultados se muestran a continuación. Masa de la sal de sodio (g) Masa de agua destilada (g) Temperatura a la cual se logra disolver completamente la sal (°C) 20 20 57 25 20 65 30 20 73 35 20 83 Teniendo en cuenta lo observado con 20 gramos de agua destilada, el estudiante cree que si a 83 °C se agregan 50 gramos de la sal de sodio en 40 gramos de agua destilada no se solubilizará completamente esta cantidad de sal. ¿La suposición del estudiante es correcta? A. Sí, porque para disolver esta cantidad de la sal de sodio en 40 gramos de agua también se necesitaría el doble de temperatura, es decir, 166 °C. B. No, porque al tener el doble de agua, es más probable que la sal de sodio solo necesite la mitad de la temperatura para disolverse, es decir, 42 °C. C. No, porque a partir de 65 °C se pueden disolver completamente 50 g de la sal de sodio en 40 gramos de agua, por lo que a 83 °C la sal estará completamente disuelta. D. Sí, porque con masas mayores a 35 gramos de la sal de sodio, se necesitarían temperaturas mayores que 83 °C para disolverla en esa cantidad de agua."
simulacro-1,Ciencias Naturales,CIE-science2026-main-04-04,science2026:main:04,24-feb-cuadernillo-preguntas-ciencias-naturales-saber-11-2026.pdf,,4,B,official,Difícil,enhanced_guided,False,assets/pages/24-feb-cuadernillo-preguntas-ciencias-naturales-saber-1/p007.jpg,"7 Pregunta 4 Un bloque de hielo seco, CO2 sólido, cambia del estado sólido al gaseoso en condiciones ambientales. Este cambio de estado determina un cambio en la densidad del CO2. Teniendo en cuenta la información anterior, tras el cambio de estado, ¿por qué disminuye la densidad del CO2? A. Porque la masa de CO2 disminuye. B. Porque la distancia entre partículas y el volumen aumentan. C. Porque la distancia entre partículas disminuye. D. Porque la distancia entre partículas aumenta y su masa disminuye."
simulacro-1,Ciencias Naturales,CIE-science2026-main-05-05,science2026:main:05,24-feb-cuadernillo-preguntas-ciencias-naturales-saber-11-2026.pdf,,5,D,official,Difícil,enhanced_guided,False,assets/pages/24-feb-cuadernillo-preguntas-ciencias-naturales-saber-1/p008.jpg,"Pregunta 5 En el modelo se presenta el proceso de síntesis de proteínas en una célula. De acuerdo con el modelo, si no se copia correctamente la información del ADN al ARNm en el proceso de transcripción, ¿qué puede sucederle al proceso de síntesis de proteínas? A. Se produciría una cadena de ARNm doble, como la molécula de ADN. B. El ribosoma no podría entrar al núcleo a leer la información del ADN. C. Los aminoácidos no podrían unirse al ARNt en el citoplasma. D. Se unirían aminoácidos que no corresponden con la secuencia de ADN. Núcleo ADN Transcripción ARNm Citoplasma Ribosoma Aminoácido Proteína ARNt Traducción"
simulacro-1,Ciencias Naturales,CIE-science2026-main-07-07,science2026:main:07,24-feb-cuadernillo-preguntas-ciencias-naturales-saber-11-2026.pdf,,7,B,official,Fácil,enhanced_guided,False,assets/pages/24-feb-cuadernillo-preguntas-ciencias-naturales-saber-1/p009.jpg,"9 Pregunta 7 Unos investigadores quieren saber si el agua de la llave está contaminada con dos tipos de contaminantes (X y W). Los investigadores únicamente disponen de un método que permite medir la cantidad de contaminante X, pero saben que existe una reacción química mediante la cual pueden convertir todo el contaminante W en el contaminante X. Teniendo en cuenta esta información, si se quiere saber cuál es el contenido de los contaminantes X y W, por separado, en una muestra de agua de la llave, ¿cuál sería el procedimiento adecuado? A. B. D. C. Llevar a cabo la reacción que convierte todo el contaminante X en el contaminante W. Medir el contenido de contaminante X con el método disponible y separarlo de la muestra. Medir el contenido de contaminante W con el método disponible y separarlo de la muestra. Llevar a cabo la reacción que convierte todo el contaminante W en el contaminante X. Medir el contenido de contaminante W con el método disponible, ya que esta medición corresponde a la medición del contenido de ambos contaminantes. Llevar a cabo la reacción que convierte todo el contaminante W en el contaminante X. Llevar a cabo la reacción que convierte todo el contaminante X en el contaminante W. Medir el contenido de contaminante X con el método disponible, ya que esta medición corresponde a la medición del contenido de ambos contaminantes. Volver a medir el contenido de contaminante X, ya que esta última medición corresponderá a la medición del contenido de contaminante W. Volver a medir el contenido de contaminante W, ya que esta última medición corresponderá a la medición del contenido de contaminante X."
simulacro-1,Ciencias Naturales,CIE-science2026-main-08-08,science2026:main:08,24-feb-cuadernillo-preguntas-ciencias-naturales-saber-11-2026.pdf,,8,A,official,Media,enhanced_guided,False,assets/pages/24-feb-cuadernillo-preguntas-ciencias-naturales-saber-1/p010.jpg,"Pregunta 8 Una estudiante quiere clasificar dos sustancias de acuerdo con el tipo de mezclas que son. Al buscar, encuentra que las mezclas homogéneas son uniformes en todas sus partes, pero las mezclas heterogéneas no lo son. La estudiante realiza los procedimientos que se muestran en la tabla con las sustancias 1 y 2. Fase 1 Sólidoblanco Vapor Fase 2 Fase 1 Fase 2 Fase 1 La sustancia 1 es un líquido de una sola fase, que al ser calentado produce vapor, quedando un sólido blanco en el fondo. La sustancia 2 es un líquido que al ser introducido en un recipiente, se observa la separación de dos fases. Teniendo en cuenta lo observado, ¿qué tipos de mezclas son las sustancias 1 y 2? A. La sustancia 1 es una mezcla homogénea y la sustancia 2 es una mezcla heterogénea. B. La sustancia 1 es una mezcla heterogénea y la sustancia 2 es una mezcla homogénea. C. Ambas sustancias son mezclas homogéneas. D. Ambas sustancias son mezclas heterogéneas."
simulacro-1,Ciencias Naturales,CIE-science2026-main-09-09,science2026:main:09,24-feb-cuadernillo-preguntas-ciencias-naturales-saber-11-2026.pdf,,9,D,official,Difícil,enhanced_guided,False,assets/pages/24-feb-cuadernillo-preguntas-ciencias-naturales-saber-1/p010.jpg,"10 Pregunta 9 Un investigador sumerge un detector de sonido en agua para grabar los sonidos emitidos por los animales. El detector muestra la longitud de onda, la frecuencia, la velocidad de propagación y la distancia a la que se produce el sonido emitido por los animales. El investigador saca el detector del agua y registra un sonido. ¿Cuál cambio de las variables mencionadas le permite asegurar al investigador que el sonido se trasmite por el aire y no por el agua? A. La longitud de onda. B. La frecuencia de la onda. C. La forma de la onda. D. La velocidad de la onda."
simulacro-1,Ciencias Naturales,CIE-science2026-main-10-12,science2026:main:10,24-feb-cuadernillo-preguntas-ciencias-naturales-saber-11-2026.pdf,,10,B,official,Difícil,manual_verified,True,assets/pages/24-feb-cuadernillo-preguntas-ciencias-naturales-saber-1/p011.jpg | assets/pages/24-feb-cuadernillo-preguntas-ciencias-naturales-saber-1/p012.jpg,"11 RESPONDE LAS PREGUNTAS 10 A 12 DE ACUERDO CON LA SIGUIENTE INFORMACIÓN El dengue es una enfermedad tropical producida por la infección con un virus, que se transmite a través de las picaduras de algunos mosquitos hembra del género Aedes. Este tipo de mosquito se reproduce principalmente en aguas estancadas. Algunas de las medidas que recomiendan las entidades estatales para disminuir los casos de personas infectadas son: » Tapar los recipientes con agua al aire libre; eliminar llantas, botellas, barriles u otros recipientes que puedan retener agua. » Usar insecticidas para mosquitos. Investigaciones recientes han demostrado que adultos de algunas especies de mosquito del género Aedes son más resistentes que otras a algunos insecticidas, sin importar su concentración, de manera que el uso de estos no garantiza un 100 % de protección frente al dengue. Pregunta 10 Los habitantes de un municipio quieren que todas las personas conozcan que el uso de insecticidas no garantiza la protección contra el dengue. ¿Cuál de las siguientes carteleras comunica apropiadamente resultados que soportan este descubrimiento? A. B. C. D."
simulacro-1,Ciencias Naturales,CIE-science2026-main-10-12,science2026:main:11,24-feb-cuadernillo-preguntas-ciencias-naturales-saber-11-2026.pdf,,11,D,official,Difícil,enhanced_guided,True,assets/pages/24-feb-cuadernillo-preguntas-ciencias-naturales-saber-1/p011.jpg | assets/pages/24-feb-cuadernillo-preguntas-ciencias-naturales-saber-1/p012.jpg,"Pregunta 11 Al observar la manera como se transmite el dengue, un estudiante afirma que para garantizarse una protección del 100 % frente al dengue con el uso de insecticidas, debe aumentarse la frecuencia con la que estos se aplican. De acuerdo con la información del contexto, ¿la hipótesis del estudiante debería mantenerse o cambiarse? A. Debe mantenerse, porque los mosquitos resistentes pueden dejar de serlo si se disminuye la concentración de insecticida reduciendo la frecuencia de aplicación. B. Debe mantenerse, porque aunque haya algunos mosquitos resistentes, la cantidad de individuos resistentes es tan pequeña que la cantidad de picaduras será insignificante. C. Debe cambiarse, porque aunque al aumentar la frecuencia de aplicación se pueden eliminar todos los huevos de mosquitos, aún existirán larvas de otros insectos que probablemente trasmitan la enfermedad. D. Debe cambiarse, porque al ser resistentes a los insecticidas, sin importar su concentración, aunque se apliquen más dosis, estas probablemente no tendrán efecto sobre los mosquitos resistentes."
simulacro-1,Ciencias Naturales,CIE-science2026-main-10-12,science2026:main:12,24-feb-cuadernillo-preguntas-ciencias-naturales-saber-11-2026.pdf,,12,B,official,Difícil,enhanced_guided,True,assets/pages/24-feb-cuadernillo-preguntas-ciencias-naturales-saber-1/p011.jpg | assets/pages/24-feb-cuadernillo-preguntas-ciencias-naturales-saber-1/p012.jpg,"12 Pregunta 12 Teniendo en cuenta lo anterior, ¿por qué reducir el número de lugares donde el agua se estanca es un buen método de prevención contra el dengue? A. Porque al reducir el número de lugares donde el agua se estanca, disminuirán los casos de personas infectadas por beber este tipo de agua. B. Porque al reducir el número de lugares donde el agua se estanca, disminuirán los hábitats del mosquito y, por tanto, no habrá tantas picaduras de mosquito que transmitan el virus a las personas. C. Porque al reducir el número de lugares donde el agua se estanca, el agua no producirá mal olor y se favorecerá el crecimiento y reproducción de los mosquitos. D. Porque al reducir el número de lugares donde el agua se estanca, disminuirán los hábitats del virus y, por tanto, estos empezarán a infectar a las personas directamente sin necesitar de los mosquitos."
simulacro-1,Ciencias Naturales,CIE-science2026-main-13-13,science2026:main:13,24-feb-cuadernillo-preguntas-ciencias-naturales-saber-11-2026.pdf,,13,C,official,Media,enhanced_guided,False,assets/pages/24-feb-cuadernillo-preguntas-ciencias-naturales-saber-1/p013.jpg,"Pregunta 13 El profesor de Juan le entrega tres objetos de igual volumen y forma, pero de diferente material, y le pide que los deje caer desde la altura de sus hombros y observe el tiempo de caída al suelo, de cada uno de ellos. Juan observa que los tres tardan tiempos diferentes para llegar al suelo, a pesar de que los tres están sometidos a la misma aceleración gravitacional. Teniendo en cuenta la información anterior, ¿cuál de las siguientes preguntas se puede contestar a partir de las observaciones que realizó Juan? A. ¿El tiempo de caída de los objetos depende de la altura de lanzamiento? B. ¿La fuerza gravitacional es proporcional a la masa de los objetos? C. ¿La fuerza neta que actúa sobre cada uno de los objetos es diferente? D. ¿La forma de los objetos está relacionada con diferencias en la fuerza de fricción?"
simulacro-1,Ciencias Naturales,CIE-science2026-main-15-15,science2026:main:15,24-feb-cuadernillo-preguntas-ciencias-naturales-saber-11-2026.pdf,,15,B,official,Fácil,enhanced_guided,False,assets/pages/24-feb-cuadernillo-preguntas-ciencias-naturales-saber-1/p014.jpg,"Pregunta 15 En la extracción minera de oro se emplean cianuro de sodio, zinc y ácidos fuertes durante el proceso de purificación. Los ácidos fuertes que pueden emplearse son ácido sulfúrico (H2SO4) de una concentración volumen-volumen del 78 % o ácido nítrico (HNO3) que contenga 112 mL de ácido por cada 200 mL de solución. Si en la extracción del oro se requiere usar el ácido de mayor concentración, ¿cuál ácido debería emplearse? A. HNO3, porque como su volumen es mayor que el de la solución de H2SO4 tiene una mayor concentración. B. H2SO4, porque la concentración volumen-volumen del HNO3 es del 56 %. C. HNO3, porque su concentración volumen-volumen es del 112 %. D. H2SO4, porque como su volumen es menor que el de la solución de HNO3 se encuentra más concentrado."
simulacro-1,Ciencias Naturales,CIE-science2026-main-16-16,science2026:main:16,24-feb-cuadernillo-preguntas-ciencias-naturales-saber-11-2026.pdf,,16,C,official,Difícil,enhanced_guided,False,assets/pages/24-feb-cuadernillo-preguntas-ciencias-naturales-saber-1/p014.jpg,"14 Pregunta 16 A partir de las cadenas de ARN mensajero se forman las proteínas. En este proceso, por cada tres nucleótidos consecutivos de ARN mensajero se codifica un aminoácido. A continuación, se muestra una secuencia de ARN mensajero. Los nucleótidos AUG codifican únicamente para indicar el inicio de la formación de la proteína y los nucleótidos UAG codifican únicamente para indicar su terminación. Con base en esta información, ¿cuántos aminoácidos conformarán la proteína? A. 8 B. 18 C. 6 D. 10 AUGGCAAGAAACGACCACAUCUAGGUAUGC"
simulacro-1,Ciencias Naturales,CIE-science2026-main-17-17,science2026:main:17,24-feb-cuadernillo-preguntas-ciencias-naturales-saber-11-2026.pdf,,17,D,official,Fácil,enhanced_guided,False,assets/pages/24-feb-cuadernillo-preguntas-ciencias-naturales-saber-1/p015.jpg,"Pregunta 17 El salto bungee es un deporte que se practica generalmente en puentes, como se muestra a continuación. En uno de estos saltos, el deportista se lanzará desde un puente de 65 metros de altura, utilizando una banda elástica que tiene una longitud sin estirar de 30 metros y que puede estirarse 30 metros más. Cuando el deportista ha descendido apenas 20 metros de altura, ¿cuál de las siguientes transformaciones de energía se habrá dado? A. De energía cinética a potencial elástica. B. De energía cinética a potencial gravitacional. C. De energía potencial gravitacional a potencial elástica. D. De energía potencial gravitacional a cinética."
simulacro-1,Ciencias Naturales,CIE-science2026-main-18-18,science2026:main:18,24-feb-cuadernillo-preguntas-ciencias-naturales-saber-11-2026.pdf,,18,A,official,Media,enhanced_guided,False,assets/pages/24-feb-cuadernillo-preguntas-ciencias-naturales-saber-1/p015.jpg,"15 Pregunta 18 Considere la siguiente reacción y las masas molares de reactivos y productos: De acuerdo con la información anterior, si reaccionan 124 g de P4 con 210 g de Cl2, ¿cuál es el reactivo límite? A. El Cl2, porque reaccionan en su totalidad 210 gramos de Cl2 y queda la mitad de P4 sin reaccionar. B. El P4, porque su masa en gramos es menor que la del Cl2. C. El Cl2, porque según la relación estequiométrica siempre se necesitan 6 moles de Cl2, sin importar la cantidad de P4. D. El P4, porque su masa molar es casi el doble que la del Cl2. Compuesto P4 124 Cl2 70 PCl3 137 Masa molar (g/mol) P4 + 6 Cl2 4 PCl3"
simulacro-1,Ciencias Naturales,CIE-science2026-main-19-19,science2026:main:19,24-feb-cuadernillo-preguntas-ciencias-naturales-saber-11-2026.pdf,,19,A,official,Media,enhanced_guided,False,assets/pages/24-feb-cuadernillo-preguntas-ciencias-naturales-saber-1/p016.jpg,"16 Pregunta 19 En un metal que pierde electrones, la cantidad de protones es mayor que la de electrones y, por tanto, la carga total es positiva y se representa con signos +. Se tienen dos esferas metálicas idénticas: una esfera (1) inicialmente con carga + Q y otra esfera (2) inicialmente neutra. Al ponerlas en contacto y luego separarlas, se observa que las dos esferas quedan con cargas iguales + Q/2, como muestra la figura. Con base en la información anterior, ¿qué sucedió al poner las esferas en contacto? A. De la esfera 2 pasaron electrones hacia la esfera 1. B. De la esfera 2 pasaron protones hacia la esfera 1. C. De la esfera 1 pasaron electrones hacia la esfera 2. D. De la esfera 1 pasaron protones hacia la esfera 2. Antes del contacto + + + + + + + + 1 2 + Q Después del contacto + + + + + + + + 1 2 + Q/2 + Q/2"
simulacro-1,Ciencias Naturales,CIE-science2026-main-20-20,science2026:main:20,24-feb-cuadernillo-preguntas-ciencias-naturales-saber-11-2026.pdf,,20,B,official,Difícil,enhanced_guided,False,assets/pages/24-feb-cuadernillo-preguntas-ciencias-naturales-saber-1/p017.jpg,"17 Pregunta 20 Un grupo de científicos aisló cepas de la bacteria Streptococcus pneumoniae obtenidas en pacientes enfermos de neumonía, las cultivaron con diferentes antibióticos de prueba y midieron el porcentaje de supervivencia de las cepas. La tabla muestra los resultados. Antibiótico Porcentaje (%) de supervivencia de las cepas 1 97 2 89 3 76 4 70 Ninguno 99 De acuerdo con la información anterior, ¿cuál de las siguientes hipótesis se relaciona con los resultados del experimento? A. A los enfermos de neumonía no deberían recetarles antibióticos, porque la supervivencia de las bacterias es mínima. B. El Streptococcus pneumoniae es más sensible al antibiótico 4 que a los otros tres antibióticos. C. Los pacientes enfermos de neumonía pueden sufrir de alergia a los antibióticos y empeorar. D. El Streptococcus pneumoniae es una bacteria que habita libremente por el aire y puede contaminar a cualquier ser vivo."
simulacro-1,Ciencias Naturales,CIE-science2026-main-21-21,science2026:main:21,24-feb-cuadernillo-preguntas-ciencias-naturales-saber-11-2026.pdf,,21,A,official,Media,enhanced_guided,False,assets/pages/24-feb-cuadernillo-preguntas-ciencias-naturales-saber-1/p018.jpg,"Pregunta 21 El modelo muestra una red trófica marina. La pesca indiscriminada de varias especies de atún ha llevado a las organizaciones ambientales a implementar estrategias para impedir su extinción. Con base en la información anterior, ¿qué le sucedería al ecosistema marino, a mediano plazo, si se extingue el atún? A. Disminuirían las poblaciones de pez loro debido al aumento de su principal depredador. B. Aumentarían las poblaciones de tiburones, porque podrán alimentarse de todos los otros niveles tróficos. C. Aumentaría la cantidad de zooplancton, porque disminuiría la presión de sus depredadores. D. Disminuiría la abundancia de productores, porque aumentarían los consumidores primarios."
simulacro-1,Ciencias Naturales,CIE-science2026-main-22-22,science2026:main:22,24-feb-cuadernillo-preguntas-ciencias-naturales-saber-11-2026.pdf,,22,C,official,Fácil,enhanced_guided,False,assets/pages/24-feb-cuadernillo-preguntas-ciencias-naturales-saber-1/p018.jpg,"18 Pregunta 22 Una estudiante calentó en una estufa, durante 1 minuto, un litro de agua que inicialmente estaba a 15 °C. La temperatura final del agua fue 17 °C. Si ahora calienta 2 litros de agua que inicialmente están a 15 °C, en la misma estufa durante un minuto, ¿cuál será la temperatura final de los 2 litros de agua? A. 19 ºC. B. 17 ºC. C. 16 ºC. D. 15 ºC."
simulacro-1,Ciencias Naturales,CIE-science2026-main-23-23,science2026:main:23,24-feb-cuadernillo-preguntas-ciencias-naturales-saber-11-2026.pdf,,23,B,official,Fácil,enhanced_guided,False,assets/pages/24-feb-cuadernillo-preguntas-ciencias-naturales-saber-1/p019.jpg,"Pregunta 23 En la tabla se muestra la configuración electrónica de un átomo neutro y de un ion de aluminio. Aluminio neutro Ion de aluminio Configuración electrónica 1s22s22p63s23p1 1s22s22p6 Teniendo en cuenta que el estado de oxidación de un átomo se determina conociendo los cambios en el número de electrones de la configuración electrónica respecto al átomo neutro, ¿por qué es correcto afirmar que el estado de oxidación del ion de aluminio es 3+? A. Porque el último nivel de energía de su configuración electrónica es 3. B. Porque tiene 3 electrones menos en su configuración electrónica que el aluminio neutro. C. Porque tiene 3 electrones más en su configuración electrónica que el aluminio neutro. D. Porque el número total de electrones en su configuración electrónica es 3."
simulacro-1,Ciencias Naturales,CIE-science2026-main-25-25,science2026:main:25,24-feb-cuadernillo-preguntas-ciencias-naturales-saber-11-2026.pdf,,25,D,official,Difícil,enhanced_guided,False,assets/pages/24-feb-cuadernillo-preguntas-ciencias-naturales-saber-1/p020.jpg,"Pregunta 25 En tres instantes diferentes, un estudiante dibuja el diagrama de cuerpo libre para una piedra que cae en un estanque de agua, como se muestra en la siguiente figura. Si el estudiante mide la aceleración de la piedra después del tercer instante, ¿cómo será su magnitud, respecto a los otros instantes? A. Mayor que la del primer instante, porque el peso hace que la piedra se acelere hacia abajo. B. Mayor que la del primer instante, porque el peso de la piedra disminuye cuando la fuerza de resistencia comienza a aumentar. C. Constante, porque la aceleración de la piedra siempre es igual que la aceleración de la gravedad. D. Nula, porque después del tercer instante, el peso de la piedra y la fuerza de resistencia se cancelan."
simulacro-1,Ciencias Naturales,CIE-science2026-main-26-26,science2026:main:26,24-feb-cuadernillo-preguntas-ciencias-naturales-saber-11-2026.pdf,,26,D,official,Fácil,enhanced_guided,False,assets/pages/24-feb-cuadernillo-preguntas-ciencias-naturales-saber-1/p020.jpg,"20 Pregunta 26 Un estudiante sopla una pelota por un tubo vertical y esta sube aceleradamente por el tubo, como se muestra en la siguiente figura: Teniendo en cuenta lo anterior, ¿por qué ocurre esto? A. Porque el peso de la pelota cambia cuando el estudiante sopla aire por el tubo. B. Porque la fuerza que ejerce el aire que sopla el estudiante es igual que el peso de la pelota. C. Porque el peso de la pelota es mayor que la fuerza del aire que sopla el estudiante. D. Porque la fuerza que ejerce el aire que sopla el estudiante es mayor que el peso de la pelota."
simulacro-1,Ciencias Naturales,CIE-science2026-main-28-28,science2026:main:28,24-feb-cuadernillo-preguntas-ciencias-naturales-saber-11-2026.pdf,,28,A,official,Media,enhanced_guided,False,assets/pages/24-feb-cuadernillo-preguntas-ciencias-naturales-saber-1/p021.jpg,"21 Pregunta 28 La materia puede clasificarse analizando su composición como se muestra en el diagrama. El acero es un material que contiene los elementos hierro y carbono. Dos muestras distintas de acero tienen diferentes cantidades de estos elementos, pero ambas muestras tienen composición uniforme. Usando el diagrama anterior, ¿cómo clasificaría al acero? A. Como una mezcla homogénea, porque está formado por diferentes elementos y es uniforme. B. Como una sustancia pura, porque tiene composición uniforme y es un solo compuesto. C. Como una mezcla heterogénea, porque está formado por diferentes elementos. D. Como una sustancia pura, porque muestras distintas tienen composición diferente. Mezcla variable? Mezcla"
simulacro-1,Ciencias Naturales,CIE-science2026-main-30-30,science2026:main:30,24-feb-cuadernillo-preguntas-ciencias-naturales-saber-11-2026.pdf,,30,D,official,Difícil,enhanced_guided,False,assets/pages/24-feb-cuadernillo-preguntas-ciencias-naturales-saber-1/p022.jpg,"22 Pregunta 30 La conductividad de una disolución es la capacidad que tiene esta para conducir la corriente eléctrica. Un estudiante realiza una serie de experimentos para estudiar la conductividad del sulfato de magnesio (MgSO4) disuelto en agua, y obtiene los siguientes resultados: Con base en la información anterior, ¿qué se buscaba estudiar con este experimento? A. La influencia de la temperatura sobre la conductividad. B. El efecto de la conductividad de la disolución sobre la concentración de la sal. C. La influencia de la carga de los iones sobre la conductividad. D. El efecto de la concentración de la sal sobre la conductividad de la disolución."
simulacro-1,Ciencias Naturales,CIE-science2026-main-31-31,science2026:main:31,24-feb-cuadernillo-preguntas-ciencias-naturales-saber-11-2026.pdf,,31,B,official,Media,enhanced_guided,False,assets/pages/24-feb-cuadernillo-preguntas-ciencias-naturales-saber-1/p023.jpg,"Pregunta 31 La siguiente gráfica muestra la relación entre la resistencia eléctrica y la temperatura para cuatro resistencias eléctricas (R1, R2, R3 y R4). Un estudiante realiza actividades experimentales y encuentra que la corriente eléctrica en un circuito es inversamente proporcional a la resistencia eléctrica. Se le solicita al estudiante construir un circuito usando una de estas resistencias, de forma que pase la menor cantidad de corriente eléctrica a 90 °C. Si las tendencias de resistencia como función de la temperatura se mantienen, ¿cuál resistencia se debe utilizar? A. R1, porque tiene la mayor resistencia eléctrica desde los 40 °C hasta los 80 °C. B. R2, porque su resistencia eléctrica será la mayor a 90 °C. C. R3, porque tiene la menor resistencia desde los 40 °C hasta los 80 °C. D. R4, porque su resistencia eléctrica no depende de la temperatura."
simulacro-1,Ciencias Naturales,CIE-science2026-main-33-33,science2026:main:33,24-feb-cuadernillo-preguntas-ciencias-naturales-saber-11-2026.pdf,,33,A,official,Media,enhanced_guided,False,assets/pages/24-feb-cuadernillo-preguntas-ciencias-naturales-saber-1/p024.jpg,"Pregunta 33 Un estudiante desea comparar los valores de las densidades de tres líquidos (agua, etanol y aceite) y para ello hace tres mediciones de una misma masa de líquido (100 g) a tres temperaturas. Los resultados obtenidos se muestran en la tabla. Agua Etanol Aceite Temperatura (°C) Densidad (g/cm3) Temperatura (°C) Densidad (g/cm3) Temperatura (°C) Densidad (g/cm3) 6 0,99999 3 0,80374 10 0,92252 17 0,99886 8 0,79956 20 0,91553 22 0,99786 34 0,77756 30 0,90852 Con base en la información anterior, ¿por qué el experimento está mal planteado? A. Porque las temperaturas empleadas no son las mismas, por lo que no se pueden hacer comparaciones entre las densidades de los tres líquidos. B. Porque no se pueden hacer comparaciones sin medir diferentes volúmenes de los tres líquidos en las temperaturas indicadas. C. Porque es necesario realizar otras mediciones a temperaturas más altas, para saber si el valor de la densidad sigue cambiando. D. Porque el aceite posee propiedades físicas y químicas muy diferentes del agua y del etanol y esto hace que no se puedan comparar."
simulacro-1,Ciencias Naturales,CIE-science2026-main-34-34,science2026:main:34,24-feb-cuadernillo-preguntas-ciencias-naturales-saber-11-2026.pdf,,34,D,official,Media,enhanced_guided,False,assets/pages/24-feb-cuadernillo-preguntas-ciencias-naturales-saber-1/p024.jpg,"24 Pregunta 34 El objetivo de una práctica de laboratorio es la detección de almidón en la papa, utilizando lugol como colorante. Se realizan cuatro experimentos con las condiciones que se muestran en la tabla. Experimento Agua (mL) Lugol (mL) Papa (g) Solución de almidón 10 % (mL) 1 10 1 10 0 2 10 1 0 0 3 10 0 5 0 4 10 1 0 2 En esta práctica, ¿por qué es importante el experimento 4? A. Porque permite que el almidón se encuentre soluble. B. Porque contiene el colorante con el cual se logra la detección de almidón. C. Porque contiene más almidón que el que contiene la papa. D. Porque permite establecer el color esperado para la detección de almidón."
simulacro-1,Ciencias Naturales,CIE-science2026-main-35-35,science2026:main:35,24-feb-cuadernillo-preguntas-ciencias-naturales-saber-11-2026.pdf,,35,B,official,Fácil,enhanced_guided,False,assets/pages/24-feb-cuadernillo-preguntas-ciencias-naturales-saber-1/p025.jpg,"Pregunta 35 En un experimento, un sólido de identidad desconocida se calienta y se mide su temperatura hasta que se evapora, obteniendo la siguiente gráfica. Para identificar el sólido se cuenta con los datos de la tabla. Sustancia Temperatura de fusión (ºC) Temperatura de ebullición (ºC) Benceno 6 80 Agua 0 100 Acetonitrilo -45 82 2-butanol -115 100 Teniendo en cuenta la información anterior, ¿a qué sustancia corresponde el sólido inicial? A. Benceno. B. Agua. C. Acetonitrilo. D. 2-butanol."
simulacro-1,Ciencias Naturales,CIE-science2026-main-36-36,science2026:main:36,24-feb-cuadernillo-preguntas-ciencias-naturales-saber-11-2026.pdf,,36,A,official,Difícil,enhanced_guided,False,assets/pages/24-feb-cuadernillo-preguntas-ciencias-naturales-saber-1/p025.jpg,"25 Pregunta 36 En las células animales, los lisosomas son los organelos encargados de digerir con enzimas los nutrientes que la célula consume. Si todos los lisosomas de una célula se rompieran, ¿qué le sucedería inicialmente a la célula? A. Se degradarían moléculas en su interior. B. Perdería toda el agua del citoplasma. C. No habría respiración celular. D. No se formarían proteínas."
simulacro-1,Ciencias Naturales,CIE-science2026-main-38-38,science2026:main:38,24-feb-cuadernillo-preguntas-ciencias-naturales-saber-11-2026.pdf,,38,A,official,Media,enhanced_guided,False,assets/pages/24-feb-cuadernillo-preguntas-ciencias-naturales-saber-1/p026.jpg,"26 Pregunta 38 En una especie de pato se pueden encontrar individuos con cuello corto e individuos con cuello largo. En esta especie hay una mayor cantidad de patos con cuello largo. En un experimento se aparearon una hembra y un macho de cuello largo; de sus hijos 3/4 son de cuello largo y 1/4 son de cuello corto. Teniendo en cuenta lo anterior, ¿cuál afirmación es correcta sobre el genotipo de los padres? A. Ambos padres eran heterocigotos. B. El macho era heterocigoto y la hembra era homocigoto recesivo. C. El macho era heterocigoto y la hembra era homocigoto dominante. D. Ambos padres eran homocigotos dominantes."
simulacro-1,Ciencias Naturales,CIE-science2026-main-40-40,science2026:main:40,24-feb-cuadernillo-preguntas-ciencias-naturales-saber-11-2026.pdf,,40,A,official,Media,enhanced_guided,False,assets/pages/24-feb-cuadernillo-preguntas-ciencias-naturales-saber-1/p027.jpg,"27 Pregunta 40 La polilla grande de la cera es un patógeno que mata las larvas de las abejas y causa grandes pérdidas económicas a los apicultores de todo el mundo, por la gran cantidad de panales que destruye. Según la información anterior, ¿cuál de las siguientes preguntas está relacionada con la problemática descrita y puede resolverse mediante una investigación en el campo de las Ciencias Naturales? A. ¿En qué etapa del ciclo biológico la polilla afecta los panales de las abejas? B. ¿Cómo se afecta la economía de los apicultores por causa de la polilla? C. ¿Cuáles son las características morfológicas de las abejas usadas en la apicultura? D. ¿Cuánto invierten al año los apicultores para el control de la polilla en la región?"
simulacro-1,Ciencias Naturales,CIE-science2026-main-41-41,science2026:main:41,24-feb-cuadernillo-preguntas-ciencias-naturales-saber-11-2026.pdf,,41,B,official,Media,enhanced_guided,False,assets/pages/24-feb-cuadernillo-preguntas-ciencias-naturales-saber-1/p028.jpg,"28 A. A B. B C. C D. D Pregunta 41 Los alcoholes pueden ser oxidados a cetonas, aldehídos o ácidos carboxílicos de acuerdo con el tipo de alcohol que reacciona, como se muestra en la imagen. Para reconocer el tipo de compuesto que se forma en una oxidación se realizan las siguientes pruebas. Prueba de Tollens Prueba de Lucas Prueba de yodoformo Prueba de Yoduro- Yodato Reconoce la presencia de aldehídos, si se forma un espejo de plata (color plateado) en el fondo del tubo de ensayo. Reconoce la presencia de alcoholes, si se forma un precipitado insoluble en la reacción. Reconoce la presencia de cetonas, si aparece un precipitado de color amarillo. Reconoce la presencia de ácidos, si una solución con almidón se torna de color morado oscuro. Si en un laboratorio se oxida un alcohol de 6 carbonos y se aplican las pruebas de reconocimiento de grupos funcionales obteniendo un espejo de plata y coloración morada con almidón, ¿cuál es la mezcla que se espera se haya formado después de la oxidación?"
simulacro-1,Ciencias Naturales,CIE-science2026-main-45-45,science2026:main:45,24-feb-cuadernillo-preguntas-ciencias-naturales-saber-11-2026.pdf,,45,D,official,Media,enhanced_guided,False,assets/pages/24-feb-cuadernillo-preguntas-ciencias-naturales-saber-1/p031.jpg,"Pregunta 45 Al agitar una cuerda extendida horizontalmente, cada sección de la cuerda se mueve de arriba abajo en dirección perpendicular a la dirección de propagación de la onda generada; este es un ejemplo de una onda transversal. En contraste, en una onda longitudinal, las partículas del medio vibran en la misma dirección de propagación de la onda. Un grupo de personas quiere representar una onda longitudinal; para esto, se ubican como muestra la figura. La fila representa el medio de propagación y las personas representan las partículas del medio. Para lograr la representación, ¿cuál es el movimiento que debe hacer la primera persona y que las demás deben repetir sucesivamente? A. Alzar y bajar lateralmente los brazos. B. Sentarse y ponerse de pie. C. Balancearse de izquierda a derecha. D. Moverse hacia adelante y atrás."
simulacro-1,Ciencias Naturales,CIE-science2026-main-46-46,science2026:main:46,24-feb-cuadernillo-preguntas-ciencias-naturales-saber-11-2026.pdf,,46,B,official,Media,enhanced_guided,False,assets/pages/24-feb-cuadernillo-preguntas-ciencias-naturales-saber-1/p031.jpg,"31 Pregunta 46 Unos estudiantes analizaron el agua de un río y encontraron que contenía altos niveles de cadmio y plomo, que son metales tóxicos. Al estudiar el origen de la contaminación, descubrieron que los metales provenían de filtraciones de la descomposición de pilas en un botadero de basura cercano. Los estudiantes proponen que, a futuro, se deberían separar las pilas del resto de los desechos en contenedores completamente aislados. Con base en la información anterior, ¿se puede afirmar que la propuesta de los estudiantes es apropiada o inapropiada? A. Inapropiada, porque es mejor desarmar las pilas y luego desecharlas. B. Apropiada, porque se evitaría la presencia de metales pesados en el agua. C. Apropiada, porque luego se podrían reutilizar las pilas desechadas. D. Inapropiada, porque es mejor quemarlas ya que no entrarían en contacto con el agua."
simulacro-1,Ciencias Naturales,CIE-science2026-main-49-49,science2026:main:49,24-feb-cuadernillo-preguntas-ciencias-naturales-saber-11-2026.pdf,,49,A,official,Fácil,enhanced_guided,False,assets/pages/24-feb-cuadernillo-preguntas-ciencias-naturales-saber-1/p034.jpg,"34 Pregunta 49 El anabolismo es una forma de metabolismo que requiere energía y da como resultado la elaboración de moléculas complejas a partir de moléculas simples. Por el contrario, el catabolismo transforma moléculas complejas en moléculas simples y produce energía. El siguiente esquema muestra los procesos de fotosíntesis y respiración en plantas. Con base en la información anterior, ¿qué se puede afirmar? A. Que la fotosíntesis es un proceso anabólico porque produce glucosa como molécula compleja. B. Que la fotosíntesis es un proceso catabólico porque requiere energía en forma de luz solar. C. Que la respiración es un proceso anabólico porque produce energía en forma de ATP. D. Que la respiración es un proceso catabólico porque produce moléculas complejas como CO2 y agua."
simulacro-1,Ciencias Naturales,CIE-science2026-main-50-50,science2026:main:50,24-feb-cuadernillo-preguntas-ciencias-naturales-saber-11-2026.pdf,,50,C,official,Difícil,enhanced_guided,False,assets/pages/24-feb-cuadernillo-preguntas-ciencias-naturales-saber-1/p035.jpg,"35 Pregunta 50 En clase, el profesor explica que la acidez de un alcohol está relacionada con su estructura y muestra la siguiente tabla con la estructura de los alcoholes de mayor a menor acidez: Luego le pide a sus estudiantes que revisen la siguiente tabla con la estructura de cuatro alcoholes: De acuerdo con lo anterior, ¿cuál es el alcohol que presenta la menor acidez? A. 2-butanol. B. Etanol. C. 2-metil-2-propanol. D. 2-propanol. Tabla 1 Secundario R C R’ H OH Primario R C H H OH Terciario R C R’ R’’ OH Alcohol Estructura general Aumenta la acidez Tabla 2 2 - propanol 2 - metil -2 - propanol etanol 2 - butanol Nombre Estructura H C C C OH CH3 H H H H H C OH H H C OH C OH H CH3 CH3 CH3 CH3 CH3 CH3 Etanol"
simulacro-1,Ciencias Naturales,EXT-eva2023-science1-01-03,eva2023-science1:01,Guia-PC-CienciasNaturales-11-1.pdf,Evaluar para Avanzar 2023 - Cuadernillo 1,1,A,official,Media,official_explained,True,assets/pages/expanded/eva2023-science1/eva2023-science1-01-03-01.jpg,"Debido a la resistencia a la degradación que tiene el poliuretano, actualmente, algunos desechos de poliuretano se incineran en hornos especiales a temperaturas superiores a 500 °C, con la consecuente emisión de CO2. Además de la reducción de la emisión de CO2, ¿qué otra ventaja tiene el uso de Pestalotiopsis microspora, mediante aplicación directa, respecto a la incineración de residuos? A. El crecimiento del hongo no requiere una infraestructura especial para asegurar la degradación de los desechos. B. El hongo degrada el material polimérico más rápido que la incineración. C. El hongo, al no ser parte de las redes tróficas, puede infectar a los animales y plantas del ecosistema. D. El uso del hongo posibilita la reutilización del poliuretano para hacer envases."
simulacro-1,Ciencias Naturales,EXT-eva2023-science1-01-03,eva2023-science1:02,Guia-PC-CienciasNaturales-11-1.pdf,Evaluar para Avanzar 2023 - Cuadernillo 1,2,A,official,Media,official_explained,True,assets/pages/expanded/eva2023-science1/eva2023-science1-01-03-01.jpg,"Un investigador desea cultivar solamente el hongo Pestalotiopsis microspora de una muestra traída de la selva, en la que se encuentran varios tipos de microorganismos. El investigador cuenta con cuatro posibles medios de cultivo, los cuales se muestran a continuación: Nutrientes Poliuretano Nutrientes Poliuretano Poliuretano Sin oxígeno Poliuretano Oxígeno Oxígeno Sin oxígeno Medio 1 Medio 2 Medio 3 Medio 4 De los anteriores medios, ¿cuáles serían los más adecuados para cultivar únicamente el hongo de interés? A. Los medios 2 y 4. B. Los medios 2 y 3. C. Los medios 1 y 4. D. Los medios 1 y 3."
simulacro-1,Ciencias Naturales,EXT-eva2023-science1-01-03,eva2023-science1:03,Guia-PC-CienciasNaturales-11-1.pdf,Evaluar para Avanzar 2023 - Cuadernillo 1,3,A,official,Fácil,official_explained,True,assets/pages/expanded/eva2023-science1/eva2023-science1-01-03-01.jpg,"Un ambientalista le pregunta a un investigador si es posible extender el uso del hongo Pestalotiopsis microspora para degradar todos los plásticos de uso común. Teniendo en cuenta la información anterior, ¿qué debería responder el investigador? A. No es posible, porque los plásticos tienen distintas estructuras químicas y la enzima secretada por el hongo no puede degradarlas todas. B. Es posible, porque el hongo puede crecer en diferentes ambientes, incluso con limitación de oxígeno. C. No es posible, porque el poliuretano es un material esencial para el crecimiento y reproducción del hongo. D. Es posible, porque, siempre que la enzima sea secretada fuera de las células, puede degradar cualquier tipo de material."
simulacro-1,Ciencias Naturales,EXT-eva2023-science1-04-04,eva2023-science1:04,Guia-PC-CienciasNaturales-11-1.pdf,Evaluar para Avanzar 2023 - Cuadernillo 1,4,C,official,Media,official_explained,False,assets/pages/expanded/eva2023-science1/eva2023-science1-04-04-01.jpg,"Un detector de sonido está diseñado para funcionar tanto en el aire como en el agua. En ambos casos, registra la frecuencia, la longitud de onda, la velocidad de la onda y la intensidad del sonido. De las variables registradas por el detector, ¿cuál permite conocer con certeza si el detector está en el aire o en el agua? A. La frecuencia de la onda. B. La longitud de onda de la onda. C. La velocidad de la onda. D. La intensidad del sonido."
simulacro-1,Ciencias Naturales,EXT-eva2023-science1-05-05,eva2023-science1:05,Guia-PC-CienciasNaturales-11-1.pdf,Evaluar para Avanzar 2023 - Cuadernillo 1,5,B,official,Fácil,official_explained,False,assets/pages/expanded/eva2023-science1/eva2023-science1-05-05-01.jpg,"Un grupo de alumnos estudia el movimiento de una moto y encuentra que se puede modelar de acuerdo con la siguiente ecuación: v(t) = 5 + 4t Donde v(t) es la velocidad de la moto, en metros por segundo, y t es el tiempo, en segundos. De acuerdo con el modelo, ¿el movimiento de la moto es con velocidad constante o uniformemente acelerado? A. Con velocidad constante, porque la velocidad de la moto se mantiene en 5 m/s en cualquier tiempo. B. Uniformemente acelerado, porque la velocidad aumenta linealmente con el tiempo, y la aceleración de la moto es 4 m/s2. C. Con velocidad constante, porque el modelo no es para la aceleración, sino que solo muestra la velocidad de la moto. D. Uniformemente acelerado, porque cuando el tiempo es igual a cero, la moto tiene una velocidad inicial diferente de cero."
simulacro-1,Ciencias Naturales,EXT-eva2023-science1-06-06,eva2023-science1:06,Guia-PC-CienciasNaturales-11-1.pdf,Evaluar para Avanzar 2023 - Cuadernillo 1,6,A,official,Media,official_explained,False,assets/pages/expanded/eva2023-science1/eva2023-science1-06-06-01.jpg,"El siguiente circuito consta de 6 bombillos, dos interruptores, una batería y un cable conductor. Cuando los dos interruptores están en la posición “Encendido”, ellos permiten el paso de corriente y todos los bombillos alumbran, como se muestra a continuación: B4 B3 Interruptor Interruptor B5 B1 B2 Corriente B6 Corriente Batería Teniendo en cuenta la conexión de los bombillos, ¿cuáles se apagarán cuando los dos interruptores cambien a “Apagado” y no permitan el paso de corriente? A. B3 y B4. B. B2 y B3. C. B4 y B5. D. B2 y B5."
simulacro-1,Ciencias Naturales,EXT-eva2023-science1-07-07,eva2023-science1:07,Guia-PC-CienciasNaturales-11-1.pdf,Evaluar para Avanzar 2023 - Cuadernillo 1,7,A,official,Media,official_explained,False,assets/pages/expanded/eva2023-science1/eva2023-science1-07-07-01.jpg,"Una estudiante quiere clasificar dos sustancias de acuerdo con el tipo de mezclas que son. Al buscar, encuentra que las mezclas homogéneas son uniformes en todas sus partes, pero que las mezclas heterogéneas no lo son. La estudiante realiza los procedimientos que se muestran en la tabla con las sustancias 1 y 2. La sustancia 1 es un líquido de una sola fase que, al destilarlo a una cierta temperatura, se separa en dos líquidos diferentes. La sustancia 2 es un líquido que, al Fase 1 Fase 1 ser introducido en un recipiente, se Fase 2 separa en dos fases. Fase 2 Teniendo en cuenta lo observado al separar las sustancias, ¿qué tipos de mezclas son las sustancias 1 y 2? A. La sustancia 1 es una mezcla homogénea y la sustancia 2 es una mezcla heterogénea. B. La sustancia 1 es una mezcla heterogénea y la sustancia 2 es una mezcla homogénea. C. Ambas sustancias son mezclas homogéneas. D. Ambas sustancias son mezclas heterogéneas."
simulacro-1,Ciencias Naturales,EXT-eva2023-science1-08-08,eva2023-science1:08,Guia-PC-CienciasNaturales-11-1.pdf,Evaluar para Avanzar 2023 - Cuadernillo 1,8,D,official,Fácil,official_explained,False,assets/pages/expanded/eva2023-science1/eva2023-science1-08-08-01.jpg,"La figura representa el cruce entre dos ratones, para una característica dada por un solo gen. Parental 1 Parental 2 Descendencia ¿Cuál de las siguientes tablas muestra los genotipos de los parentales y del descendiente para esta característica? A. Individuo Genotipo B. Individuo Genotipo Parental 1 MM Parental 1 mm Parental 2 mm Parental 2 mm Descendencia MM Descendencia Mm C. Individuo Genotipo D. Individuo Genotipo Parental 1 MM Parental 1 MM Parental 2 mm Parental 2 mm Descendencia mm Descendencia Mm"
simulacro-1,Ciencias Naturales,EXT-eva2023-science1-09-09,eva2023-science1:09,Guia-PC-CienciasNaturales-11-1.pdf,Evaluar para Avanzar 2023 - Cuadernillo 1,9,B,official,Media,official_explained,False,assets/pages/expanded/eva2023-science1/eva2023-science1-09-09-01.jpg,"El modelo representa los procesos que se presentan en el núcleo de las células eucariotas durante la meiosis. Cromátidas hermanas Duplicación de los cromosomas Célula inicial Las letras G y g representan dos Entrecruzamiento Cromátidas en Cuatro células que resultan alelos de un mismo gen y las entre cromátidas la primera división en la segunda división letras R y r, dos alelos de otro gen. no hermanas. meiótica. meiótica. Con base en la información anterior, ¿qué proceso de la meiosis permite que cada una de las células sexuales resultantes sufran variación en la información genética? A. La presencia de genes en los cromosomas. B. El entrecruzamiento entre cromátidas no hermanas. C. La duplicación de los cromosomas. D. La división del citoplasma."
simulacro-1,Ciencias Naturales,EXT-eva2023-science1-10-10,eva2023-science1:10,Guia-PC-CienciasNaturales-11-1.pdf,Evaluar para Avanzar 2023 - Cuadernillo 1,10,B,official,Fácil,official_explained,False,assets/pages/expanded/eva2023-science1/eva2023-science1-10-10-01.jpg,"En clase de Química, Camilo escribe en el tablero la siguiente ecuación: Reactivos Productos Na + Cl2 2 NaCl2 La profesora le dice a Camilo que la reacción no está balanceada porque no cumple la ley de conservación de la masa, la cual establece que el número de átomos de un tipo en los reactivos debe ser igual al número de átomos del mismo tipo en los productos. Con base en la información anterior, ¿cuál de las siguientes ecuaciones cumple la ley de conservación de la masa? A. Reactivos Productos 2 Na + Cl2 NaCl B. Reactivos Productos 2 Na + Cl2 2 NaCl C. Reactivos Productos Na + 2 Cl2 2 NaCl D. Reactivos Productos 2 Na + 2 Cl2 2 NaCl"
simulacro-1,Ciencias Naturales,EXT-eva2023-science1-11-11,eva2023-science1:11,Guia-PC-CienciasNaturales-11-1.pdf,Evaluar para Avanzar 2023 - Cuadernillo 1,11,D,official,Media,official_explained,False,assets/pages/expanded/eva2023-science1/eva2023-science1-11-11-01.jpg,"Un grupo de estudiantes contó el número de individuos de una especie de mariposa en una hectárea de un bosque, a cinco diferentes altitudes. Los resultados se muestran en la siguiente gráfica: 140 120 100 mariposas 80 de 60 40 Número 20 0 1.200 1.400 1.600 1.800 2.000 Altitud (metros sobre el nivel del mar) Con base en la información anterior, ¿cuál de las siguientes interpretaciones es válida? A. El número de mariposas a los 1.200 metros es menor que a 1.600 metros. B. El número de mariposas es máximo a los 2.000 metros de altitud. C. El número de mariposas disminuye a medida que disminuye la altitud. D. El número de mariposas disminuye a medida que aumenta la altitud."
simulacro-1,Ciencias Naturales,EXT-eva2023-science1-12-12,eva2023-science1:12,Guia-PC-CienciasNaturales-11-1.pdf,Evaluar para Avanzar 2023 - Cuadernillo 1,12,B,official,Media,official_explained,False,assets/pages/expanded/eva2023-science1/eva2023-science1-12-12-01.jpg,"En el siglo XIX, Dalton formuló su modelo atómico, en el cual explicaba la forma de los átomos, el modo en que se diferencian unos de otros dependiendo del elemento químico, y la forma en que se relacionan entre sí en las reacciones químicas. En su modelo, el átomo se consideraba una esfera sólida sin partes y, por tanto, indivisible; sin embargo, su modelo atómico se rechazó años después porque A. no explicaba las diferentes formas de los átomos de los elementos de la tabla periódica. B. no tenía en cuenta la existencia de cargas eléctricas en el interior del átomo. C. no explicaba el hecho de que hubiese otros estados de la materia además del sólido. D. no tenía en cuenta que el átomo ha evolucionado en el tiempo."
simulacro-1,Ciencias Naturales,EXT-eva2023-science1-13-13,eva2023-science1:13,Guia-PC-CienciasNaturales-11-1.pdf,Evaluar para Avanzar 2023 - Cuadernillo 1,13,A,official,Media,official_explained,False,assets/pages/expanded/eva2023-science1/eva2023-science1-13-13-01.jpg,"Los compuestos químicos pueden adoptar distintas geometrías, dependiendo del número de enlaces que posea el átomo central y del número de pares de electrones libres, como se muestra en la tabla. Número de enlaces Pares de Geometría del átomo central electrones libres Tetraédrica 4 0 Pares de electrones libres Pirámide Enlace químico - unión 3 1 entre dos átomos trigonal Angular 2 2 Lineal 2 0 El amoníaco (NH3) tiene la estructura H N H , en la cual se observa que el nitrógeno (N) tiene 3 enlaces H con 3 hidrógenos (H) y un par de electrones libres; por esta razón, su geometría es de pirámide trigonal. ¿Qué geometría se obtendrá si el nitrógeno del amoníaco se enlaza con otro hidrógeno para formar NH4+? A. Tetraédrica, porque habría 4 átomos de hidrógeno unidos al nitrógeno (N) y ningún par de electrones libre. B. Pirámide trigonal, porque seguiría teniendo la misma configuración del NH3. C. Angular, porque dos hidrógenos se enlazarían con el nitrógeno (N) y dos hidrógenos quedarían libres. D. Lineal, porque cada enlace del nitrógeno se uniría a dos hidrógenos."
simulacro-1,Ciencias Naturales,EXT-eva2023-science1-14-14,eva2023-science1:14,Guia-PC-CienciasNaturales-11-1.pdf,Evaluar para Avanzar 2023 - Cuadernillo 1,14,D,official,Fácil,official_explained,False,assets/pages/expanded/eva2023-science1/eva2023-science1-14-14-01.jpg,"En un laboratorio se estudia el comportamiento del volumen de un gas ideal al variar su temperatura, obteniendo la siguiente gráfica: 30 25 (L) 20 15 Volumen 10 5 0 -273 -233 -193 -153 -113 -73 -33 7 47 Temperatura (°C) Teniendo en cuenta la información de la gráfica, si la temperatura aumenta de -153 °C a -33 °C, ¿qué pasa con el volumen del gas? A. Disminuye de 30 L a 25 L. B. Disminuye de 10 L a 5 L. C. Aumenta de 0 L a 10 L. D. Aumenta de 10 L a 20 L."
simulacro-1,Ciencias Naturales,EXT-eva2023-science1-15-15,eva2023-science1:15,Guia-PC-CienciasNaturales-11-1.pdf,Evaluar para Avanzar 2023 - Cuadernillo 1,15,A,official,Fácil,official_explained,False,assets/pages/expanded/eva2023-science1/eva2023-science1-15-15-01.jpg,"El modelo muestra una red trófica marina. La dirección de la flecha indica Sirve de alimento a Tiburón Atún Calamar Sardinas Zooplancton Pez loro Pastos marinos Fitoplancton Teniendo en cuenta la red trófica anterior, ¿qué pasaría si se extinguen los tiburones? A. Disminuiría la población de calamares por el aumento en la población de atunes. B. Aumentaría la población de sardinas al no ser depredadas por los tiburones. C. Disminuiría la cantidad de zooplancton porque los atunes comenzarían a depredarlos. D. Los pastos marinos y el fitoplancton se disminuirían al ser productores primarios."
simulacro-2,Ciencias Naturales,EXT-eva2023-science1-16-16,eva2023-science1:16,Guia-PC-CienciasNaturales-11-1.pdf,Evaluar para Avanzar 2023 - Cuadernillo 1,16,C,official,Media,official_explained,False,assets/pages/expanded/eva2023-science1/eva2023-science1-16-16-01.jpg,"Desde la playa de un río, un niño observa un velero de juguete sobre el que actúan tres fuerzas en dirección horizontal, como lo muestra la siguiente figura: Fuerza del viento de 20 N Fuerza del río de 40 N Fuerza del motor de 30 N Teniendo en cuenta la información anterior, el velero se mueve hacia la derecha porque A. la fuerza del motor por sí sola es capaz de mover el bote hacia la derecha, sin importar las demás fuerzas. B. hay una cancelación exacta entre las tres fuerzas que actúan sobre el bote y el bote sigue su movimiento inicial. C. la magnitud de la fuerza del viento sumada a la del motor es mayor que la magnitud de la fuerza del río. D. hay dos fuerzas que van hacia la derecha mientras que solamente una fuerza va hacia la izquierda."
simulacro-2,Ciencias Naturales,EXT-eva2023-science1-17-17,eva2023-science1:17,Guia-PC-CienciasNaturales-11-1.pdf,Evaluar para Avanzar 2023 - Cuadernillo 1,17,D,official,Media,official_explained,False,assets/pages/expanded/eva2023-science1/eva2023-science1-17-17-01.jpg,"Se tiene una caja pesada, la cual se quiere mover (ver la figura). En la tabla, se muestra la fuerza que ejerce cierto número de personas al intentar mover la caja. Figura Número de Fuerza ejercida personas (newtons) 1 100 2 200 3 300 4 400 Tabla Si para mover la caja se requieren, al menos, 490 newtons de fuerza, ¿cuántas personas se necesitan para mover la caja? A. Una sola persona. B. Tres personas. C. Cuatro personas. D. Cinco personas."
simulacro-2,Ciencias Naturales,EXT-eva2023-science1-18-18,eva2023-science1:18,Guia-PC-CienciasNaturales-11-1.pdf,Evaluar para Avanzar 2023 - Cuadernillo 1,18,D,official,Media,official_explained,False,assets/pages/expanded/eva2023-science1/eva2023-science1-18-18-01.jpg,"Un estudiante tomó los valores de pH a las sustancias que se muestran en la siguiente tabla: Sustancia pH Jugo de limón 2,3 Jugo de naranja 3,5 Enjuague bucal 5,8 Sangre humana 7,4 Refresco 3,0 Agua de mar 8,0 ¿Cuál de las siguientes gráficas muestra los datos que obtuvo el estudiante? A. 7 6 5 4 pH 3 2 1 0 Jugo de Jugo de Enjuague Sangre Refresco Agua de limón naranja bucal humana mar Sustancia B. 12 10 8 pH 6 4 2 0 1 2 3 4 5 6 Sustancia C. 4 3 pH 2 1 0 Jugo de Jugo de Enjuague Sangre Refresco Agua de limón naranja bucal humana mar Sustancia D. 9 8 7 6 5 pH 4 3 2 1 0 Jugo de Jugo de Enjuague Sangre Refresco Agua de limón naranja bucal humana mar Sustancia"
simulacro-2,Ciencias Naturales,EXT-eva2023-science1-19-19,eva2023-science1:19,Guia-PC-CienciasNaturales-11-1.pdf,Evaluar para Avanzar 2023 - Cuadernillo 1,19,D,official,Media,official_explained,False,assets/pages/expanded/eva2023-science1/eva2023-science1-19-19-01.jpg,"Unos estudiantes quieren comprobar si las hormigas que viven en los árboles de acacia defienden a estos del ataque de insectos que consumen sus hojas. Para ello, realizan seguimiento a 10 hojas de dos grupos de árboles de acacia similares, uno sin hormigas y otro con hormigas. Los resultados de su investigación se muestran en la gráfica. Porcentaje consumido de hojas con presencia de hormigas y sin hormigas 90 % 80 % hojas 7060 %% de 50 % 40 % consumido 30 % Porcentaje 20 % 10 % 0 % ¿Cuál de las siguientes opciones es el principal error en la forma como se muestran los resultados obtenidos por los estudiantes? A. El título de la gráfica no contiene las variables trabajadas en el experimento. B. Las gráficas de barras no se pueden usar para representar porcentajes. C. El eje Y debe tener porcentajes positivos y porcentajes negativos. D. No se indica cuál barra corresponde a hojas con hormigas y cuál a hojas sin hormigas."
simulacro-2,Ciencias Naturales,EXT-eva2023-science1-20-20,eva2023-science1:20,Guia-PC-CienciasNaturales-11-1.pdf,Evaluar para Avanzar 2023 - Cuadernillo 1,20,B,official,Media,official_explained,False,assets/pages/expanded/eva2023-science1/eva2023-science1-20-20-01.jpg,"En un experimento, un estudiante deja rodar una esfera de madera sobre una rampa a la cual se le puede variar el ángulo de inclinación. El estudiante prueba varios ángulos y registra la velocidad con que llega la esfera a la parte inferior de la rampa, en cada caso. ¿Qué se puede determinar con el anterior experimento? A. Cómo es la resistencia de la esfera de madera a los golpes. B. Cómo varía la velocidad de la esfera de madera respecto al ángulo de la rampa. C. Cómo cambia el peso de la esfera respecto al ángulo de inclinación de la rampa. D. Cómo la rampa es deformada por el peso de la esfera de madera. FIN"
simulacro-2,Ciencias Naturales,EXT-eva2023-science2-01-03,eva2023-science2:01,Guia-PC-CienciasNaturales-11-2.pdf,Evaluar para Avanzar 2023 - Cuadernillo 2,1,C,official,Fácil,official_explained,True,assets/pages/expanded/eva2023-science2/eva2023-science2-01-03-01.jpg,¿Qué efecto tendría para las personas que habitan cerca a la desembocadura del río no potabilizar el agua? A. Sufrirían mareos y desmayos. B. Tendrían fuertes dolores en el pecho. C. Sufrirían enfermedades diarreicas. D. Tendrían problemas cardiacos.
simulacro-2,Ciencias Naturales,EXT-eva2023-science2-01-03,eva2023-science2:02,Guia-PC-CienciasNaturales-11-2.pdf,Evaluar para Avanzar 2023 - Cuadernillo 2,2,B,official,Fácil,official_explained,True,assets/pages/expanded/eva2023-science2/eva2023-science2-01-03-01.jpg,"Teniendo en cuenta el estudio realizado por los investigadores, ¿la evidencia que obtuvieron es suficiente para llegar a la conclusión planteada? A. Es suficiente, porque el valor de pH y las partículas flotando permiten determinar la presencia de bacterias o virus en las muestras. B. No es suficiente, porque faltan pruebas para determinar la presencia de bacterias, virus y de sustancias químicas tóxicas en las muestras. C. Es suficiente, porque el valor de pH y la turbidez son parámetros que permiten determinar las sustancias tóxicas presentes en las muestras. D. No es suficiente, porque el valor de pH y las partículas en suspensión no son condiciones importantes para determinar la calidad de las muestras."
simulacro-2,Ciencias Naturales,EXT-eva2023-science2-01-03,eva2023-science2:03,Guia-PC-CienciasNaturales-11-2.pdf,Evaluar para Avanzar 2023 - Cuadernillo 2,3,C,official,Media,official_explained,True,assets/pages/expanded/eva2023-science2/eva2023-science2-01-03-01.jpg,"Se sabe que en la clasificación de la materia se tienen sustancias puras como los elementos que no pueden descomponerse por métodos químicos ordinarios, y los compuestos, que son sustancias que resultan de la unión química de dos o más elementos. Por otra parte, se tienen las mezclas que son el resultado de la unión física de dos o más sustancias a las cuales se les llama componentes; estas se dividen en mezclas homogéneas donde sus componentes no se distinguen a simple vista y en mezclas heterogéneas donde sus componentes se distinguen a simple vista. Con base en la observación de los investigadores, ¿qué tipo de sustancia es la muestra 4? A. Elemento. B. Compuesto. C. Mezcla heterogénea. D. Mezcla homogénea."
simulacro-2,Ciencias Naturales,EXT-eva2023-science2-04-04,eva2023-science2:04,Guia-PC-CienciasNaturales-11-2.pdf,Evaluar para Avanzar 2023 - Cuadernillo 2,4,A,official,Fácil,official_explained,False,assets/pages/expanded/eva2023-science2/eva2023-science2-04-04-01.jpg,"Un investigador desea seleccionar una cuerda que sirva para sujetar a los trabajadores que realizan su labor en alturas superiores a 3 metros: para esto; realiza un experimento donde deja caer desde una altura de 3 metros un peso conocido sujeto a dos tipos de cuerdas diferentes, una del material X y la otra del material Y. Luego de la caída evalúa la resistencia y los daños en cada una de las cuerdas. Teniendo en cuenta el experimento realizado, ¿cuál es la pregunta del investigador? A. ¿Cuál de los dos materiales (X o Y) tiene mayor resistencia durante una caída de 3 metros? B. ¿La cuerda del material X tendrá una mayor elasticidad a caídas de 3 metros? C. ¿La cuerda del material Y tendrá una mayor rigidez a caídas de 3 metros? D. ¿Cuál de las dos cuerdas evaluadas es la más usada en la industria deseada?"
simulacro-2,Ciencias Naturales,EXT-eva2023-science2-05-05,eva2023-science2:05,Guia-PC-CienciasNaturales-11-2.pdf,Evaluar para Avanzar 2023 - Cuadernillo 2,5,C,official,Media,official_explained,False,assets/pages/expanded/eva2023-science2/eva2023-science2-05-05-01.jpg,"Jorge está interesado en realizar un experimento en torno a la transferencia de calor. En una habitación que presenta una temperatura ambiente de 30 grados Celsius, Jorge coloca un calentador que se mantiene a 90 grados Celsius, y toma los datos de temperatura y tiempo hasta alcanzar el equilibrio de temperaturas. De acuerdo con la información anterior, ¿cuál de las siguientes gráficas muestra la variación de la temperatura ambiente de la habitación con relación al tiempo? A. B. C. D. 105 105 105 105 90 90 90 90 75 75 75 75 60 60 60 60 45 45 45 45 Temperatura 30 Temperatura 30 Temperatura 30 Temperatura 30 15 15 15 15 Tiempo Tiempo Tiempo Tiempo"
simulacro-2,Ciencias Naturales,EXT-eva2023-science2-06-06,eva2023-science2:06,Guia-PC-CienciasNaturales-11-2.pdf,Evaluar para Avanzar 2023 - Cuadernillo 2,6,B,official,Fácil,official_explained,False,assets/pages/expanded/eva2023-science2/eva2023-science2-06-06-01.jpg,"En una clase de Ciencias se da a conocer el papel de los catalizadores en una reacción y se menciona que gracias a ellos, los reactivos tardan menos en formar nuevos productos, ya que la energía de activación disminuye, y esto hace que se aumente la velocidad de la reacción y que esta se dé en menos tiempo. El profesor muestra las siguientes gráficas donde se observa la energía de activación en el punto más alto de cada uno de las curvas y el avance de la reacción cuando no se tiene catalizador (1), con catalizador (2) y en presencia de un inhibidor (3). 1 2 3 Reacción con presencia de catalizador inhibidor Reacción sin presencia Reacción con presencia de catalizador de catalizador Energía Energía Energía Reactantes Productos Reactantes Productos Reactantes Productos Avance de la reacción Avance de la reacción Avance de la reacción ¿Qué tendencia en la energía de activación y en la velocidad de la reacción se puede observar en las gráficas? A. En presencia de un inhibidor, tanto la energía de activación como la velocidad de la reacción disminuyen. B. En presencia de un catalizador, la energía de activación disminuye y la velocidad de la reacción aumenta. C. Cuando no se tiene un catalizador, la energía de activación es mayor y esto hace que la velocidad de la reacción aumente. D. Cuando se tiene un inhibidor, la energía de activación disminuye y esto hace que la velocidad de la reacción aumente."
simulacro-2,Ciencias Naturales,EXT-eva2023-science2-07-07,eva2023-science2:07,Guia-PC-CienciasNaturales-11-2.pdf,Evaluar para Avanzar 2023 - Cuadernillo 2,7,D,official,Fácil,official_explained,False,assets/pages/expanded/eva2023-science2/eva2023-science2-07-07-01.jpg,"La figura representa un circuito eléctrico, donde se encuentran prendidos los 3 bombillos. Accidentalmente, se corta el cable que une el bombillo 1 al circuito, como se muestra a continuación. 1 2 3 Batería Bombillo ¿Qué sucede con los bombillos 2 y 3, luego de cortarse el cable? A. Se apagan, ya que en un circuito eléctrico en paralelo los bombillos están conectados uno a continuación del otro. B. Continúan prendidos, ya que en un circuito eléctrico en serie cada uno de los bombillos tiene su propio circuito. C. Se apagan, ya que en un circuito eléctrico en serie los bombillos están conectados uno a continuación del otro. D. Continúan prendidos, ya que en un circuito eléctrico en paralelo cada uno de los bombillos se conecta con la batería."
simulacro-2,Ciencias Naturales,EXT-eva2023-science2-08-08,eva2023-science2:08,Guia-PC-CienciasNaturales-11-2.pdf,Evaluar para Avanzar 2023 - Cuadernillo 2,8,B,official,Media,official_explained,False,assets/pages/expanded/eva2023-science2/eva2023-science2-08-08-01.jpg,"Un estudiante investiga sobre la rotación de los satélites alrededor de la Tierra, y encuentra en la siguiente aplicación las posibles fuerzas gravitatorias (1, 2, 3, 4, 5 y 6) que se ejercen entre un satélite y la Tierra, teniendo en cuenta que ambos cuerpos experimentan fuerzas de atracción iguales y opuestas. Fuerza 1 Fuerza 2 Fuerza 3 Fuerza 4 Fuerza 5 Fuerza 6 Según la anterior información, ¿cuál de las siguientes imágenes representa correctamente las fuerzas gravitatorias sobre el satélite y la Tierra? A. B. Fuerza 2 Fuerza 1 Fuerza 2 Fuerza 5 Fuerza 3 Fuerza 4 Fuerza 4 FuerzaFuerza 33 FuerzaFuerza 11 Fuerza 5 Fuerza 6 Fuerza 6 C. Fuerza 1 D. Fuerza 1 Fuerza 2 Fuerza 6 Fuerza 3 Fuerza 3 Fuerza 4 FuerzaFuerza 22 Fuerza 4 Fuerza 5 Fuerza 5 Fuerza 6"
simulacro-2,Ciencias Naturales,EXT-eva2023-science2-09-09,eva2023-science2:09,Guia-PC-CienciasNaturales-11-2.pdf,Evaluar para Avanzar 2023 - Cuadernillo 2,9,D,official,Fácil,official_explained,False,assets/pages/expanded/eva2023-science2/eva2023-science2-09-09-01.jpg,"Un grupo de estudiantes quiere saber si pueden llevar cubos de hielo en una jarra y mantenerlos congelados hasta el final del entrenamiento de fútbol, dos horas aproximadamente, con el fin de enfriar sus bebidas hidratantes. Ellos consultan sobre los cambios de estado del agua y encuentran el siguiente modelo. Temperatura (°C) 140 120 Vaporización 100 80 60 40 Fusión 20 0 Sólido Sólido y líquido Líquido Líquido y gas Gas -20 Tiempo (min) -40 Teniendo en cuenta la información anterior, ¿qué pasará con los cubos de hielo si la temperatura promedio de la ciudad donde viven los estudiantes es de 35 °C? A. Los cubos de hielo permanecerán en estado sólido, porque a 35 °C aún no se alcanza la temperatura de fusión. B. Los cubos de hielo empezarán a derretirse lentamente, porque 35 °C es la temperatura de fusión del agua. C. Los cubos de hielo pasarán directamente a estado gaseoso, porque a 35 °C se alcanza la temperatura de vaporización del agua. D. Los cubos de hielo se derretirán pasando a estado líquido, porque a 35 °C ya se ha superado la temperatura de fusión del agua."
simulacro-2,Ciencias Naturales,EXT-eva2023-science2-10-10,eva2023-science2:10,Guia-PC-CienciasNaturales-11-2.pdf,Evaluar para Avanzar 2023 - Cuadernillo 2,10,C,official,Media,official_explained,False,assets/pages/expanded/eva2023-science2/eva2023-science2-10-10-01.jpg,"El uso de fertilizantes es una de las prácticas para suplir nutrientes como el nitrógeno e incrementar el rendimiento de los cultivos. Aunque la fertilización va destinada a los cultivos, los restos de los fertilizantes llegan a los cuerpos de agua como los lagos donde las algas pueden utilizarlos. Andrés encuentra esta representación de un lago con y sin exceso de nitrógeno por fertilizantes. CuerpoCuerpo dede aguaagua concon lala cantidadcantidad justajusta dede nutrientesnutrientes La luz solar permite la fotosíntesis de las plantas y el desarrollo de todo el ecosistema. La naturaleza provoca un ingreso adecuado de nutrientes al lago. Las algas se alimentan del nitrógeno. Nitrógeno (N2) Oxígeno (O2) Con ese nivel de nutrientes, todo El oxígeno presente en el agua el ecosistema puede desarrollarse alcanza para el desarrollo de todas dentro del lago. las especies que viven en el lago. CuerpoCuerpo dede aguaagua concon excesoexceso dede nutrientesnutrientes Las algas consumen más Las algas impiden el oxígeno impidiendo el paso de la luz al desarrollo de otras especies. ecosistema. El uso de fertilizantes genera un ingreso extra de nitrógeno al lago. Nitrógeno (N2) Se genera un excesivo nivel de nutrientes y las algas crecen Cuando las algas se descomponen, generan materia orgánica en exceso. que se va al fondo aportando más nutrientes al lago. Teniendo en cuenta la información que encontró Andrés, ¿cómo afecta el exceso de nitrógeno a los ecosistemas acuáticos? A. El exceso de nitrógeno proveniente de la fertilización del suelo genera la muerte de las algas que se alimentan de él, afectando toda la cadena alimenticia porque los peces no tendrán alimento para comer. B. El nitrógeno de los fertilizantes sirve como alimento directo para los peces, y al encontrarse en exceso, la población de los peces incrementará rápidamente en el lago. C. El nitrógeno genera un crecimiento excesivo de las algas que consumirán la mayoría del oxígeno. Al crecer en la superficie, las algas impedirán el ingreso de luz al lago y se generará un exceso de materia orgánica. D. El nitrógeno proveniente de la fertilización del suelo generará un incremento en el oxígeno del agua, lo que afectará la salud de los peces haciendo que su población disminuya."
simulacro-2,Ciencias Naturales,EXT-eva2023-science2-11-11,eva2023-science2:11,Guia-PC-CienciasNaturales-11-2.pdf,Evaluar para Avanzar 2023 - Cuadernillo 2,11,B,official,Difícil,official_explained,False,assets/pages/expanded/eva2023-science2/eva2023-science2-11-11-01.jpg,"La imagen muestra la llegada de una población de ratones a un nuevo entorno que tiene suelos de color marrón. Debido a algunas mutaciones previas, los ratones presentan coloraciones marrones y grises; en este sentido, los ratones grises son más visibles para los depredadores en este entorno, por lo que son devorados con mayor frecuencia. Debido a que los ratones marrones tienen más probabilidades de sobrevivir, logran dejar más descendencia, por lo que las nuevas generaciones son casi todas de color marrón. Cielo Suelo Pasado Presente Según la información anterior, ¿a qué modelo biológico corresponde esta imagen? A. Representa la reproducción sexual, porque en la imagen se observa que los ratones pueden reproducirse. B. Representa la selección natural, porque los ratones marrones están mejor adaptados para sobrevivir en el nuevo entorno. C. Representa la cadena alimentaria, porque se ve que los depredadores pueden alimentarse de los ratones. D. Representa la mutación en el ADN, porque los ratones cambian su coloración para poder sobrevivir en el nuevo entorno."
simulacro-2,Ciencias Naturales,EXT-eva2023-science2-12-12,eva2023-science2:12,Guia-PC-CienciasNaturales-11-2.pdf,Evaluar para Avanzar 2023 - Cuadernillo 2,12,C,official,Media,official_explained,False,assets/pages/expanded/eva2023-science2/eva2023-science2-12-12-01.jpg,"El gas natural está formado por una mezcla de hidrocarburos (compuestos que contienen carbono e hidrógeno) y uno de estos es el metano (CH4); cuando el metano hace combustión se genera dióxido de carbono, agua y energía, tal como se muestra en la siguiente ecuación balanceada. CH4 + 2O2 CO2 + 2H2O + energía Si se sabe que la estequiometría se encarga de medir la cantidad de materia consumida y producida durante una reacción química y que al final de la reacción de combustión se obtuvieron 1,5 moles de CO2, ¿cuántas moles de oxígeno se consumieron en la reacción? A. 2,0 moles de O2. B. 1,5 moles de O2. C. 3,0 moles de O2. D. 4,0 moles de O2."
simulacro-2,Ciencias Naturales,EXT-eva2023-science2-13-13,eva2023-science2:13,Guia-PC-CienciasNaturales-11-2.pdf,Evaluar para Avanzar 2023 - Cuadernillo 2,13,C,official,Media,official_explained,False,assets/pages/expanded/eva2023-science2/eva2023-science2-13-13-01.jpg,"Unos estudiantes realizaron el siguiente procedimiento experimental. 1. Establecimiento de dos parcelas de 8 m2 cada una. 2. Siembra de 50 plantas de fríjol en cada parcela. 3. Dos meses después, se realiza conteo directo de mosca blanca en 20 plantas de fríjol en cada parcela. 4. Aplicación de insecticida hecho a base de ají en la totalidad de las plantas de fríjol de solamente una de las dos parcelas. 5. Transcurridos cinco días, conteo directo de mosca blanca en 20 plantas de fríjol en cada parcela. De las siguientes preguntas, ¿cuál puede ser contestada con el experimento descrito? A. ¿Cuántas plantas de fríjol mata el insecticida hecho a base de ají? B. ¿En qué parcela crecen más rápido las plantas de fríjol? C. ¿Qué efecto tiene el insecticida a base de ají sobre la mosca blanca? D. ¿Cuál es el tamaño poblacional de la mosca blanca?"
simulacro-2,Ciencias Naturales,EXT-eva2023-science2-14-14,eva2023-science2:14,Guia-PC-CienciasNaturales-11-2.pdf,Evaluar para Avanzar 2023 - Cuadernillo 2,14,D,official,Media,official_explained,False,assets/pages/expanded/eva2023-science2/eva2023-science2-14-14-01.jpg,"Marcela está leyendo un artículo sobre las enfermedades genéticas más frecuentes causadas por mutaciones cromosómicas en la población humana. Ella encontró que la más común es el síndrome de Down, con una proporción del 76 %, también encuentra, aunque con menos frecuencia, el síndrome de Turner con el 16 %, la trisomía en el cromosoma 18 con el 4 %, el síndrome de Klinefelter con el 2 % y el síndrome de Edward con el 2 %. A Marcela se le ocurre que estos datos se entenderían mejor en una gráfica y decide hacerla. Según la información anterior, ¿cuál de las siguientes gráficas representa correctamente los datos encontrados por Marcela? A. S. Klinefelter 2 % Trisomía C. 18 S. Edward 2 % 4 % S. Down 16 % S. Turner 76 % B. S. Klinefelter 2 % Trisomía C. 18 S. Edward 2 % 16 % S. Turner 4 % S. Down 76 % Trisomía C. 18 C. S. Klinefelter 15 % S. Edward S. Turner 16 % S. Down 76 % D. S. Klinefelter 2 % Trisomía C. 18 S. Edward 2 % 4 % S. Turner 16 % S. Down 76 %"
simulacro-2,Ciencias Naturales,EXT-eva2023-science2-15-15,eva2023-science2:15,Guia-PC-CienciasNaturales-11-2.pdf,Evaluar para Avanzar 2023 - Cuadernillo 2,15,C,official,Media,official_explained,False,assets/pages/expanded/eva2023-science2/eva2023-science2-15-15-01.jpg,"En un laboratorio se realiza un análisis sobre el metabolismo de las bebidas alcohólicas en el hígado, simulando las reacciones que se producen en este. Para ello se hace reaccionar el etanol con una enzima llamada alcohol deshidrogenasa (ADH) formando acetaldehído, que es un compuesto altamente tóxico y carcinógeno, que se transforma en un compuesto de menor toxicidad llamado acetato, gracias a la acción de la enzima aldehído deshidrogenasa (ALDH). Finalmente, el acetato se descompone en dióxido de carbono y agua, que no son productos tóxicos para el ser humano. A continuación, se presenta la ecuación que describe el proceso. ADH CH3CH2OH CH3CHO + H2 Etanol Acetaldehído ALDH 2CH3CHO + O2 2CH3COOH Acetaldehído Acetato - Ácido acético CH3COOH + 2O2 2CO2 + 2H2O Acetato - Ácido acético Dióxido de carbono Agua Teniendo en cuenta la investigación realizada, ¿cuál es la pregunta que se quiere contestar con el estudio? A. ¿El dióxido de carbono y el agua son compuestos de alta toxicidad que pueden causar enfermedades en el hígado por ingestión de bebidas alcohólicas? B. ¿Es posible realizar la identificación de alcoholes secundarios a través de la reacción con la enzima alcohol deshidrogenasa? C. ¿El hígado produce las enzimas necesarias para realizar el metabolismo de las sustancias tóxicas que se producen a causa del consumo de bebidas alcohólicas? D. ¿Puede alterarse el metabolismo del alcohol en el hígado de los seres humanos a causa de la generación de acetato como producto de la reacción?"
simulacro-2,Ciencias Naturales,EXT-eva2023-science2-16-16,eva2023-science2:16,Guia-PC-CienciasNaturales-11-2.pdf,Evaluar para Avanzar 2023 - Cuadernillo 2,16,B,official,Media,official_explained,False,assets/pages/expanded/eva2023-science2/eva2023-science2-16-16-01.jpg,"La siguiente imagen representa un sistema de cuerpos, que se emplea para explicar las fuerzas que actúan en diversas situaciones. El sistema mostrado está conformado por un plano inclinado a cierto ángulo θ y dos masas m1 y m2, que se unen mediante una cuerda que pasa por una polea. El plano inclinado y la polea no presentan fricción, e inicialmente el sistema se encuentra en equilibrio y las masas no se mueven. m1 m2 θ ¿Cómo se afecta el estado de movimiento del sistema si se aumenta el ángulo θ? A. El sistema permanece en reposo, ya que no hay fricción y las masas m1 y m2 siguen siendo las mismas. B. Las masas se mueven aceleradamente, m1 se desliza por el plano hacia abajo y m2 se mueve hacia arriba. C. Al cambiar el ángulo θ se afecta el movimiento, haciendo disminuir su rapidez, ya que la fuerza neta es cero. D. Las masas m1 y m2 adquieren velocidad constante, m2 se desliza hacia abajo y m1 se mueve hacia arriba."
simulacro-2,Ciencias Naturales,EXT-eva2023-science2-17-17,eva2023-science2:17,Guia-PC-CienciasNaturales-11-2.pdf,Evaluar para Avanzar 2023 - Cuadernillo 2,17,B,official,Media,official_explained,False,assets/pages/expanded/eva2023-science2/eva2023-science2-17-17-01.jpg,"La presión arterial es la fuerza que ejerce la sangre sobre las paredes de las arterias y se suele medir con un instrumento conocido como tensiómetro. Para diagnosticar en un paciente si el desarrollo de actividades físicas produce cambios de la presión arterial, se mide y registra con un tensiómetro la presión arterial antes y después de realizar cuatro actividades físicas diferentes. El intervalo de tiempo entre cada actividad física es de media hora. Según la información anterior, ¿cuál sería una posible hipótesis del experimento planteado? A. El tensiómetro mide en un paciente la presión arterial entre cada actividad física. B. El desarrollo de actividades físicas puede producir un cambio en la presión arterial. C. La medición de la presión arterial aumenta cada hora entre cada actividad física. D. Se toman mediciones de la presión arterial durante las cuatro actividades físicas."
simulacro-2,Ciencias Naturales,EXT-eva2023-science2-18-18,eva2023-science2:18,Guia-PC-CienciasNaturales-11-2.pdf,Evaluar para Avanzar 2023 - Cuadernillo 2,18,C,official,Difícil,official_explained,False,assets/pages/expanded/eva2023-science2/eva2023-science2-18-18-01.jpg,"Un grupo de investigadores pone a prueba la hipótesis de que existe una relación simbiótica entre las hormigas del género Azteca y los árboles de yarumo del género Cecropia. Para esto, se diseñó un experimento con dos grupos de árboles. Grupo A: los árboles de yarumo son tratados con una sustancia que impide la llegada de hormigas a la planta. Grupo B: los árboles de yarumo no son tratados con la sustancia, por lo cual las hormigas llegan libremente. Posteriormente, se midió el porcentaje de hojas depredadas y se verificó el contenido de glucógeno (azúcar) en las glándulas presentes en las hojas de los árboles de yarumo de los dos grupos y se encontraron los resultados de la gráfica. 70 70 60 60 hojas 50 50 de glándulas 40 40 de 30 30 glucógeno consumidas sin 20 20 % Hojas Porcentaje Porcentaje consumidas 10 10 % de glándulas 0 0 sin glucógeno A B Con estos resultados, ¿qué tipo de relación existe entre las hormigas y los árboles de yarumo? A. La relación es neutra, ya que no representa ningún beneficio para los árboles la presencia de las hormigas ni los árboles son capaces de proporcionar un beneficio para las hormigas. B. La relación es negativa y resulta perjudicial para los árboles por el efecto antidepredación y porque la presencia de las hormigas afecta la producción de alimento rico en glucógeno. C. La relación es simbiótica y benéfica por el efecto de protección antidepredación que traen las hormigas para los árboles y porque estos ofrecen un alimento rico en glucógeno a las hormigas. D. La relación es negativa, y resulta perjudicial para las hormigas porque fueron excluidas de los árboles dado que estos no ofrecían ningún beneficio a las hormigas en términos de alimento."
simulacro-2,Ciencias Naturales,EXT-eva2023-science2-19-19,eva2023-science2:19,Guia-PC-CienciasNaturales-11-2.pdf,Evaluar para Avanzar 2023 - Cuadernillo 2,19,C,official,Fácil,official_explained,False,assets/pages/expanded/eva2023-science2/eva2023-science2-19-19-01.jpg,"En una práctica de laboratorio, Carlos mide la rapidez con la que se mueve un balón; para ello mide la distancia que recorre el balón y toma el tiempo empleado por este para recorrerla. ¿Qué unidad de medida debe emplear Carlos para expresar la rapidez del balón? A. s/m B. h C. m/s D. cm"
simulacro-2,Ciencias Naturales,EXT-eva2023-science2-20-20,eva2023-science2:20,Guia-PC-CienciasNaturales-11-2.pdf,Evaluar para Avanzar 2023 - Cuadernillo 2,20,C,official,Media,official_explained,False,assets/pages/expanded/eva2023-science2/eva2023-science2-20-20-01.jpg,"La respuesta fisiológica de huida o escape en un animal, es un mecanismo de sobrevivencia ante situaciones de peligro inminente, en el cual intervienen varios sistemas, como el sistema circulatorio, el sistema digestivo y el sistema endocrino entre otros. De las siguientes opciones, ¿cuál hace referencia a las reacciones específicas del sistema circulatorio ante un impulso de huida? A. Aumento en la sudoración para refrigerar el cuerpo y compensar el exceso de calor muscular, hace más resbaladiza la piel, lo que dificulta ser capturado. B. Aumento de la frecuencia y la profundidad de la respiración para aumentar el suministro de oxígeno a los músculos que se preparan para la huida. C. Aumento en la frecuencia cardíaca, incremento de la presión arterial, aumento del flujo sanguíneo hacia los músculos esqueléticos, como preparación para la huida. D. Lentitud en la digestión y disminución de la salivación, esto debido a que el proceso digestivo deja de ser prioritario ante las situaciones de peligro como ocurre en huida."
simulacro-2,Ciencias Naturales,EXT-eva2020-science1-04-04,eva2020-science1:04,guia-cienciasnaturales-11-1.pdf,Evaluar para Avanzar 2020 - Cuadernillo 1,4,A,official,Media,official_explained,False,assets/pages/expanded/eva2020-science1/eva2020-science1-04-04-01.jpg,"Un estudiante cuenta con los siguientes materiales: Borrador Tapa de Bola de Puntilla gaseosa pimpón El estudiante quiere mover un carro de plástico colocando un imán por debajo de una mesa, como se muestra en la figura. Carro de plástico S S S Imán N N N Para mover el carro, el estudiante debe colocar en su interior A. la puntilla, porque esta presenta mayores propiedades magnéticas. B. la bola de pimpón, porque esta no presenta propiedades magnéticas. C. la tapa de gaseosa, porque esta no presenta propiedades magnéticas. D. el borrador, porque este presenta mayores propiedades magnéticas."
simulacro-2,Ciencias Naturales,EXT-eva2020-science1-06-06,eva2020-science1:06,guia-cienciasnaturales-11-1.pdf,Evaluar para Avanzar 2020 - Cuadernillo 1,6,D,official,Media,official_explained,False,assets/pages/expanded/eva2020-science1/eva2020-science1-06-06-01.jpg,"En un experimento, se midió el peso de dos grupos de una misma especie de planta que creció en condiciones normales de luz, temperatura y nutrientes. Uno de los grupos creció en presencia de una bacteria y el otro grupo creció en ausencia de esta. El estudiante tenía la hipótesis de que la presencia de la bacteria beneficiaría el crecimiento de la planta. ¿Cuál gráfica representa la hipótesis del estudiante? Planta sola Planta en presencia de la bacteria A. B. planta planta la la de de Peso Peso Tiempo Tiempo C. D. planta planta la la de de Peso Peso Tiempo Tiempo"
simulacro-2,Ciencias Naturales,EXT-eva2020-science1-08-08,eva2020-science1:08,guia-cienciasnaturales-11-1.pdf,Evaluar para Avanzar 2020 - Cuadernillo 1,8,A,official,Media,official_explained,False,assets/pages/expanded/eva2020-science1/eva2020-science1-08-08-01.jpg,"El siguiente modelo muestra parte del ciclo del oxígeno. Radiación ultravioleta de alta energía H O H2O H2O O2 OH Capa de ozono O3 O O2 CO2 4Fe+2 2Fe2O3 3O2 Meteorización CO2 + H2O H2CO3 HCO3- + H+ oxidante CaCO3 Mar (H2O) CO3-2 Ca+2 Sedimento Continente Con base en este modelo, ¿cuál mineral se forma a partir de las reacciones (entre compuestos que contengan carbono y oxígeno) que pueden darse entre los organismos marinos? A. La caliza, compuesta por carbonato de calcio (CaCO3). B. El ozono (O3), formado por tres oxígenos. C. La hematita, compuesta por óxido férrico (Fe2O3). D. El agua (H2O), compuesta por dos hidrógenos y un oxígeno."
simulacro-2,Ciencias Naturales,EXT-eva2020-science1-10-10,eva2020-science1:10,guia-cienciasnaturales-11-1.pdf,Evaluar para Avanzar 2020 - Cuadernillo 1,10,C,official,Media,official_explained,False,assets/pages/expanded/eva2020-science1/eva2020-science1-10-10-01.jpg,"Los machos de las ranas de árbol, una especie nocturna, hacen un llamado para que las hembras puedan identi- ficarlos más fácilmente. Las hembras reconocen el llamado por la frecuencia del canto de los machos. Un grupo de biólogos cree que la frecuencia del canto se ve afectada por la temperatura. Con base en esta información, ¿cuál de los siguientes procedimientos es el más apropiado para abordar la hipótesis de los biólogos? A. Registrar la frecuencia del canto de grupos de machos y de hembras, y comparar sus diferencias a diferentes horas del día. B. Registrar la frecuencia del canto de grupos de machos de ranas de árbol en la mañana, al mediodía y en la noche, y luego analizar los datos. C. Registrar la frecuencia del canto de grupos de machos de ranas de árbol a diferentes temperaturas, y analizar los datos. D. Registrar la frecuencia del canto de grupos de machos y de hembras, y comparar sus diferencias a diferentes temperaturas."
simulacro-2,Ciencias Naturales,EXT-eva2020-science1-11-11,eva2020-science1:11,guia-cienciasnaturales-11-1.pdf,Evaluar para Avanzar 2020 - Cuadernillo 1,11,C,official,Fácil,official_explained,False,assets/pages/expanded/eva2020-science1/eva2020-science1-11-11-01.jpg,"Una estudiante lee un artículo en el que se relacionan los siguientes dispositivos: 1. Batería 2. Aerogenerador 3. Panel solar 4. Turbina Si la estudiante está investigando sobre la transformación de energía química y lumínica en energía eléctrica, debería leer acerca de los dispositivos A. 1 y 2. B. 3 y 4. C. 1 y 3. D. 2 y 4."
simulacro-2,Ciencias Naturales,EXT-eva2020-science1-12-12,eva2020-science1:12,guia-cienciasnaturales-11-1.pdf,Evaluar para Avanzar 2020 - Cuadernillo 1,12,C,official,Media,official_explained,False,assets/pages/expanded/eva2020-science1/eva2020-science1-12-12-01.jpg,"Durante varios siglos, se creyó que el caballo había tenido la misma morfología desde que apareció en la Tierra. Sin embargo, algunos científicos encontraron fósiles reconocidos como antepasados del caballo y, ahora, se trabaja con la idea de que los cambios que se dieron en estas especies dieron lugar a la formación del caballo moderno. La tabla muestra los antepasados del caballo moderno. Fósiles de las patas de 4 especies que no existen en la actualidad, relacionadas entre sí y con el caballo moderno Especie Fósil Época Caballo moderno Hace 60 millones de años Especie Forma de pata Época Hace 30 millones de años Hace 1,8 millones de años Presente en la actualidad Hace 20 millones de años Equus sp. Hace 10 millones de años De acuerdo con lo anterior, ¿por qué se modificó la idea de que el caballo tenía la misma morfología desde que apareció en la Tierra? A. Porque los fósiles se formaron hace pocos años y no pudieron estudiarse en la antigüedad. B. Porque al domesticar el caballo moderno se pudo estudiar con mayor profundidad su morfología. C. Porque se lograron establecer relaciones entre estos animales a través del análisis de los fósiles. D. Porque los caballos en la antigüedad no pudieron estudiarse debido a su pequeño tamaño."
simulacro-2,Ciencias Naturales,EXT-eva2020-science1-13-13,eva2020-science1:13,guia-cienciasnaturales-11-1.pdf,Evaluar para Avanzar 2020 - Cuadernillo 1,13,D,official,Media,official_explained,False,assets/pages/expanded/eva2020-science1/eva2020-science1-13-13-01.jpg,"Los átomos de un mismo elemento contienen la misma cantidad de protones. • Los isótopos son átomos de un mismo elemento que difieren en su masa atómica y contienen la misma cantidad de protones, pero no de neutrones. • Los iones de un átomo poseen carga, porque tienen más o menos electrones que el átomo neutro. Un estudiante encuentra la siguiente tabla que relaciona el número de protones, de electrones y la masa atómica del átomo neutro y de cuatro átomos de este mismo elemento. Masa atómica Número de Número de Átomo (número de protones + protones electrones número de neutrones) Átomo neutro 20 20 40 1 20 18 40 2 20 20 42 3 20 20 44 4 20 19 40 Con base en la anterior información, ¿cuáles átomos son iones y cuáles son isótopos del átomo neutro? A. Los átomos 2 y 3 son iones; los átomos 1 y 4 son isótopos. B. Los átomos 1 y 3 son iones; los átomos 2 y 4 son isótopos. C. Los átomos 2 y 4 son iones; los átomos 1 y 3 son isótopos. D. Los átomos 1 y 4 son iones; los átomos 2 y 3 son isótopos."
simulacro-2,Ciencias Naturales,EXT-eva2020-science1-14-14,eva2020-science1:14,guia-cienciasnaturales-11-1.pdf,Evaluar para Avanzar 2020 - Cuadernillo 1,14,D,official,Difícil,official_explained,False,assets/pages/expanded/eva2020-science1/eva2020-science1-14-14-01.jpg,"Dos estudiantes, a través de un laboratorio virtual, estudian el comportamiento de la fuerza de repulsión entre cargas eléctricas. Ellos obtienen los datos de la fuerza de repulsión entre dos cargas eléctricas como función de la separación entre ellas, como se muestra en la siguiente tabla: Separación entre Fuerza de repulsión cargas (metros) (newton) 10 4.500 11 3.719 12 3.125 13 2.663 14 2.296 15 2.000 16 1.758 17 1.557 18 1.389 Uno de los estudiantes afirma que la fuerza de repulsión entre las dos cargas disminuirá aún más si se aumenta la separación entre estas. Teniendo en cuenta la información anterior, esta afirmación es una A. suposición, porque el estudiante puede realizar esta afirmación sin realizar el laboratorio virtual. B. predicción, porque el estudiante determinó la fuerza de repulsión sin necesidad de observar los datos de la tabla. C. suposición, porque existen casos en los cuales la fuerza de repulsión entre las cargas permanece constante. D. predicción, porque el estudiante observó el patrón de la fuerza de repulsión a partir de los datos de la tabla."
simulacro-2,Ciencias Naturales,EXT-eva2020-science1-15-15,eva2020-science1:15,guia-cienciasnaturales-11-1.pdf,Evaluar para Avanzar 2020 - Cuadernillo 1,15,C,official,Difícil,official_explained,False,assets/pages/expanded/eva2020-science1/eva2020-science1-15-15-01.jpg,"En un ecosistema existen factores bióticos y abióticos que se relacionan entre sí y cumplen funciones específicas dentro de este. La figura muestra algunas relaciones. Patógenos Herbívoros Microorganismos Biótico Productores Agua Abiótico Luz Nutrientes Minerales Temperatura pH Con base en la información anterior, si el número de herbívoros aumenta en un ecosistema específico, ¿cuál será la principal consecuencia en ese ecosistema? A. Se perderán las relaciones entre los factores bióticos y los abióticos. B. Aumentará el nivel del agua en el ecosistema. C. Se consumirán muchos productores de manera acelerada. D. Desaparecerán los microorganismos."
simulacro-2,Ciencias Naturales,EXT-eva2020-science1-16-16,eva2020-science1:16,guia-cienciasnaturales-11-1.pdf,Evaluar para Avanzar 2020 - Cuadernillo 1,16,D,official,Media,official_explained,False,assets/pages/expanded/eva2020-science1/eva2020-science1-16-16-01.jpg,"Un estudiante midió en el laboratorio el contenido de vitamina C en 100 mL de jugo de limón, jugo de naranja y de dos bebidas refrescantes de distintas marcas (marca P y marca W), comprados en un supermercado. Al final, registró en una tabla sus mediciones y las comparó con los valores reportados en las etiquetas de las botellas, como se muestra a continuación: Contenido de vitamina C Contenido de vitamina C Líquido medido por el estudiante reportado en las etiquetas (mg en 100 mL) (mg en 100 mL) Jugo de limón 54,8 50-80 Jugo de naranja 56,0 40-60 Bebida marca P 14,4 60 Bebida marca W 10,8 33 De acuerdo con lo anterior, ¿cuál de las siguientes conclusiones se puede establecer sobre el contenido de vitamina C en los líquidos? A. El jugo de limón que el estudiante compró en el supermercado contiene más cantidad de vitamina C que el jugo de naranja. B. La cantidad de vitamina C de los cuatro líquidos comprados en el supermercado no coincide con los valores de concentración reportados en las etiquetas. C. El jugo de naranja comprado en el supermercado contiene la misma cantidad de vitamina C que contiene la bebida de marca P. D. El contenido real de vitamina C medido por el estudiante en los jugos de naranja y limón coincide con los rangos de concentración reportados en las etiquetas."
simulacro-2,Ciencias Naturales,EXT-eva2020-science1-17-17,eva2020-science1:17,guia-cienciasnaturales-11-1.pdf,Evaluar para Avanzar 2020 - Cuadernillo 1,17,D,official,Media,official_explained,False,assets/pages/expanded/eva2020-science1/eva2020-science1-17-17-01.jpg,"Un grupo de estudiantes quería conocer qué factores afectan la velocidad de reacción entre un ácido y un metal. Para ello, ellos hicieron dos experimentos variando únicamente las condiciones especificadas en la tabla. En cada experimento tomaron 3 tubos de ensayo y a cada uno agregaron 1 mL de ácido y 1 g de metal, y registraron el tiempo de reacción. Registro Tubo 1 Tubo 2 Tubo 3 Experimento 1 Condición 18 °C 45 °C 70 °C Modificando la temperatura, manteniendo el metal Resultado Reacción completa Reacción completa Reacción completa completo (sin partir). = 115 segundos = 75 segundos = 40 segundos Registro Tubo 1 Tubo 2 Tubo 3 Experimento 2 Metal partido a Metal en trozos Condición Metal completo Modificando el tamaño del la mitad pequeños metal, y empleando una Resultado Reacción completa Reacción completa Reacción completa temperatura de 18 °C. = 115 segundos = 90 segundos = 50 segundos De acuerdo con la información anterior, es posible concluir que A. siempre que haya un incremento en la temperatura, el tiempo de reacción se reducirá entre 40 y 75 segundos. B. la velocidad de reacción tiene una mayor variación cuando se modifica el tamaño del metal que cuando se modifica la temperatura. C. la reacción tiene una duración mínima de 50 segundos, si el metal se fracciona en trozos debido al aumento en la superficie de contacto. D. la velocidad de reacción se modifica al variar la temperatura y el tamaño del metal en el sistema."
simulacro-2,Ciencias Naturales,EXT-eva2020-science1-18-18,eva2020-science1:18,guia-cienciasnaturales-11-1.pdf,Evaluar para Avanzar 2020 - Cuadernillo 1,18,B,official,Media,official_explained,False,assets/pages/expanded/eva2020-science1/eva2020-science1-18-18-01.jpg,"Los organismos autótrofos fotosintéticos transforman la energía del Sol para producir su propio alimento y transferirlo en forma de energía a organismos heterótrofos. En el fondo del mar, aunque no llega la luz solar, hay organismos quimiótrofos que pueden producir su propio alimento a partir de la oxidación de compuestos inorgánicos y transferirlo en forma de energía a organismos heterótrofos. ¿Cómo sería el flujo de energía en un ecosistema del fondo del mar al que no le llega la energía del Sol? A. organismos organismos Luz autótrofos heterótrofos B. Compuestos organismos organismos inorgánicos autótrofos heterótrofos C. organismos organismos Luz heterótrofos autótrofos D. Compuestos organismos organismos inorgánicos heterótrofos heterótrofos"
simulacro-2,Ciencias Naturales,EXT-eva2020-science1-19-19,eva2020-science1:19,guia-cienciasnaturales-11-1.pdf,Evaluar para Avanzar 2020 - Cuadernillo 1,19,C,official,Media,official_explained,False,assets/pages/expanded/eva2020-science1/eva2020-science1-19-19-01.jpg,"En una carrera, un niño desciende en su bicicleta desde la cima de una montaña y, antes de llegar a la meta, aplica los frenos y se detiene justo después de la meta. El niño toca los frenos antes de empezar la carrera y al finalizar su descenso, percibiendo que la temperatura de estos ha aumentado. La situación anterior es un ejemplo de que la energía mecánica se transforma en energía A. cinética. B. potencial. C. térmica. D. elástica."
simulacro-2,Ciencias Naturales,EXT-science2019-01-01,science2019:01,cuadernillo-de-preguntas-saber-11-ciencias-naturales-2019.pdf,,1,B,official,Media,enhanced_guided,False,assets/pages/expanded/science2019/p005.jpg,"A continuación se muestra un modelo que simboliza la distribución de las moléculas de agua en estado líquido, en un recipiente cerrado. Cuando este recipiente se calienta manteniendo la presión constante, las moléculas de agua líquida cambian de estado y cambian su distribución. ¿Cuál de los siguientes modelos muestra la distribución que pueden adquirir las moléculas de agua en estado gaseoso y en estado líquido? Gas Líquido A. Gas Líquido B. Gas Líquido C. Gas Líquido D. 1."
simulacro-2,Ciencias Naturales,EXT-science2019-02-02,science2019:02,cuadernillo-de-preguntas-saber-11-ciencias-naturales-2019.pdf,,2,C,official,Media,enhanced_guided,False,assets/pages/expanded/science2019/p005.jpg,"5 Prueba de Ciencias Naturales Un estudiante analiza cómo cambia la solubilidad de una mezcla de sólido M; para esto, disuelve distintas cantidades del sólido M en 20 gramos de agua destilada y registra la tempera- tura exacta a la cual se logra disolver completamente el sólido. Los resultados se muestran a continuación. Teniendo en cuenta lo observado con 20 gramos de agua destilada, el estudiante cree que si a 83 °C se agregan 50 gramos de sólido M en 40 gramos de agua destilada no se solubilizará completamente esta cantidad de sólido M. ¿La suposición del estudiante es correcta? A. Sí, porque para disolver esta cantidad de sólido M en 40 gramos de agua también se necesitaría el doble de temperatura, es decir, 166 °C. B. No, porque al tener el doble de agua, es más probable que el sólido M solo necesite la mitad de la temperatura para disolverse, es decir, 42 °C. C. No, porque a partir de 65 °C se pueden disolver completamente 50 g de sólido M en 40 gramos de agua, por lo que a 83 °C el sólido estará completamente disuelto. D. Sí, porque con masas mayores a 35 gramos de sólido M, se necesitarían temperaturas mayores que 83 °C para disolverlo en esa cantidad de agua. Masa de sólido M (g) Masa de agua destilada (g) Temperatura a la cual se logra disolver completamente el sólido (°C) 20 25 30 35 20 20 20 20 57 65 73 83 2."
simulacro-2,Ciencias Naturales,EXT-science2019-05-05,science2019:05,cuadernillo-de-preguntas-saber-11-ciencias-naturales-2019.pdf,,5,C,official,Fácil,manual_verified,False,assets/pages/expanded/science2019/p006.jpg,"Agua a 100 °C se deja en un ambiente de 20 °C. Según la ley de enfriamiento de Newton, cuanto mayor es la diferencia de temperaturas, más rápido se enfría. ¿Qué gráfica describe mejor el proceso?"
simulacro-2,Ciencias Naturales,EXT-science2019-06-06,science2019:06,cuadernillo-de-preguntas-saber-11-ciencias-naturales-2019.pdf,,6,B,official,Media,enhanced_guided,False,assets/pages/expanded/science2019/p007.jpg,"7 Prueba de Ciencias Naturales Unos investigadores quieren saber si el agua de la llave está contaminada por dos tipos de con- taminantes (X y W). Los investigadores únicamente disponen de un método que permite medir la cantidad de contaminante X, pero saben que existe una reacción química mediante la cual pueden convertir todo el contaminante W en el contaminante X. Teniendo en cuenta esta infor- mación, si se quiere saber cuál es el contenido de contaminantes X y W, por separado, en una muestra de agua de la llave, ¿cuál sería el procedimiento adecuado? 1. Llevar a cabo la reacción que convierte todo el contaminante X en el contaminante W. 2. Medir el contenido de contaminante W con el método disponible, ya que esta medición corresponde a la medición del contenido de ambos contaminantes. A. 1. Llevar a cabo la reacción que convierte todo el contaminante W en el contaminante X. 2. Medir el contenido de contaminante X con el método disponible, ya que esta medición corresponde a la medición del contenido de ambos contaminantes. C. B. 1. Medir el contenido de contaminante X con el método disponible y separarlo de la muestra. 2. Llevar a cabo la reacción que convierte todo el contaminante W en el contaminante X. 3. Volver a medir el contenido de contaminante X, ya que esta última medición corresponderá a la medición del contenido de contaminante W. 1. Medir el contenido de contaminante W con el método disponible y separarlo de la muestra. 2. Llevar a cabo la reacción que convierte todo el contaminante X en el contaminante W. 3. Volver a medir el contenido de contaminante W, ya que esta última medición corresponderá a la medición del contenido de contaminante X. D. 6."
simulacro-2,Ciencias Naturales,EXT-science2019-08-08,science2019:08,cuadernillo-de-preguntas-saber-11-ciencias-naturales-2019.pdf,,8,A,official,Media,enhanced_guided,False,assets/pages/expanded/science2019/p008.jpg,"Una estudiante quiere clasificar dos sustancias de acuerdo al tipo de mezclas que son. Al buscar, encuen- tra que las mezclas homogéneas son uniformes en todas sus partes, pero las mezclas heterogéneas no lo son. La estudiante realiza los procedimientos que se muestran en la tabla con las sustancias 1 y 2. Teniendo en cuenta lo observado, al separar las sustancias, ¿qué tipos de mezclas son la sustan- cias 1 y 2? A. La sustancia 1 es una mezcla homogénea y la sustancia 2 es una mezcla heterogénea. B. La sustancia 1 es una mezcla heterogénea y la sustancia 2 es una mezcla homogénea. C. Ambas sustancias son mezclas homogéneas. D. Ambas sustancias son mezclas heterogéneas. Fase 1 Sólido blanco Vapor Fase 1 Fase 2 Fase 1 Fase 2 La sustancia 1 es un líquido de una so- la fase, que al calentarlo hasta evaporar por completo, queda un sólido blanco en el fondo. La sustancia 2 es un líquido que al ser introducido en un recipiente, se observa la separación de dos fases. 8."
simulacro-2,Ciencias Naturales,EXT-science2019-15-15,science2019:15,cuadernillo-de-preguntas-saber-11-ciencias-naturales-2019.pdf,,15,C,official,Media,enhanced_guided,False,assets/pages/expanded/science2019/p011.jpg,"11 Prueba de Ciencias Naturales En un centro comercial, una estudiante observa a un trabajador que se dispone a limpiar los vidrios del edificio. La cuerda 2 se usa para mantener en equilibrio al trabajador ante un viento constante que corre de derecha a izquierda, como se muestra en la figura 1. La estudiante construye el diagrama de cuerpo libre de la situación (ver figura 1). La estudiante observa que el trabajador llena su recipiente completamente con agua y limpiavidrios y, por tanto, debe modificar su diagrama de cuerpo libre. Teniendo en cuenta la información anterior, ¿cuál de los diagramas mostrados en la figura 2 corresponde a las fuerzas después de llenar el recipiente? A. El diagrama 1, porque si solo aumenta la masa, debe aumentar solamente el peso. B. El diagrama 2, porque la tensión de las cuerdas debe aumentar para soportar más peso. C. El diagrama 3, porque al aumentar la masa aumentan el peso y la tensión de la cuerda 1. D. El diagrama 4, porque al aumentar la masa aumentan todas la fuerzas. Dirección del viento Cuerda 1 Cuerda 2 Diagrama de cuerpo libre inicial Tensión 1 Tensión 2 Peso Fuerza del viento y x Figura 1 Diagrama 1 y x Diagrama 2 y x Diagrama 3 y x Diagrama 4 y x Figura 2 Viento 15."
simulacro-2,Ciencias Naturales,EXT-science2019-18-18,science2019:18,cuadernillo-de-preguntas-saber-11-ciencias-naturales-2019.pdf,,18,D,official,Media,enhanced_guided,False,assets/pages/expanded/science2019/p013.jpg,"El salto bungee se practica generalmente en puentes (ver figura). En uno de estos saltos, se utiliza una banda elástica que tiene una longitud sin estirar de 30 metros y que puede estirar 30 metros más. En un salto, un deportista se lanzará desde un puente de 65 metros de altura. Cuando ha des- cendido apenas 20 metros de altura (ver figura), la transformación de energía que se habrá dado hasta ese momento será de A. energía cinética a potencial elástica. B. energía cinética a potencial gravitacional. C. energía potencial gravitacional a potencial elástica. D. energía potencial gravitacional a cinética. 18."
simulacro-2,Ciencias Naturales,EXT-science2019-21-21,science2019:21,cuadernillo-de-preguntas-saber-11-ciencias-naturales-2019.pdf,,21,A,official,Media,enhanced_guided,False,assets/pages/expanded/science2019/p014.jpg,"El modelo representa la relación entre, la altura y la cantidad de partículas de aire. Una olla con agua hierve a una temperatura de 100 °C, cuando la altura es 0 km. Teniendo en cuenta que el punto de ebullición corresponde a la temperatura a la cual la presión de vapor del gas iguala la presión atmosférica, si se pone a calentar la misma cantidad de agua a una altura de 25 km, puede afirmarse que el agua A. hierve a una temperatura menor que 100 °C, porque la presión es menor en esta altura. B. hierve a una temperatura mayor que 100 °C, porque la presión es menor en esta altura. C. nunca hierve, porque en esta altura hay muy poca cantidad de aire. D. se congela, porque al no haber aire el agua pasará a estado sólido. 30 Altura (km) 25 20 15 10 5 0 21."
simulacro-2,Ciencias Naturales,EXT-science2019-26-26,science2019:26,cuadernillo-de-preguntas-saber-11-ciencias-naturales-2019.pdf,,26,A,official,Fácil,enhanced_guided,False,assets/pages/expanded/science2019/p016.jpg,"Un estudiante desea comparar los valores de las densidades de tres líquidos (agua, etanol y aceite) y para ello hace tres mediciones de una misma masa de líquido (100 g) a tres temperaturas. Los resulta- dos obtenidos se muestran en la tabla. Con base en la anterior información se puede afirmar que el experimento del estudiante está mal planteado, porque A. las temperaturas empleadas no son las mismas, por lo que no se pueden hacer compara- ciones entre las densidades de los tres líquidos. B. no se pueden hacer comparaciones sin medir diferentes volúmenes de los tres líquidos en las temperaturas indicadas. C. es necesario realizar otras mediciones a temperaturas más altas, para saber si el valor de la densidad sigue cambiando. D. el aceite posee propiedades físicas y químicas muy diferentes del agua y del etanol y esto hace que no se puedan comparar. Temperatura (°C) 6 17 22 Temperatura (°C) 3 8 34 Temperatura (°C) 10 20 30 Densidad (g/cm3) 0,99999 0,99786 0,99886 Densidad (g/cm3) 0,80374 0,79956 0,77756 Densidad (g/cm3) 0,92252 0,91553 0,90852 Agua e ti e c A l o n a t E 26."
simulacro-2,Ciencias Naturales,EXT-science2019-28-28,science2019:28,cuadernillo-de-preguntas-saber-11-ciencias-naturales-2019.pdf,,28,B,official,Fácil,enhanced_guided,False,assets/pages/expanded/science2019/p017.jpg,"17 Prueba de Ciencias Naturales En un experimento, un sólido de identidad desconocida se calienta y se mide su temperatura hasta que se evapora, obteniendo la siguiente gráfica. Para identificar el sólido se cuenta con los datos de la tabla. ¿A qué sustancia corresponde el sólido inicial? A. Al benceno. B. Al agua. C. Al acetonitrilo. D. Al 2-butanol. Gas Líquido Sólido Tiempo Temperatura (°C) 0 20 -20 -40 40 60 80 100 120 140 Sustancia Benceno Agua Acetonitrilo 2-butanol Temperatura de fusión (°C) 6 0 -45 -115 Temperatura de ebullición (°C) 80 100 82 100 28."
simulacro-2,Ciencias Naturales,EXT-science2019-29-29,science2019:29,cuadernillo-de-preguntas-saber-11-ciencias-naturales-2019.pdf,,29,C,official,Media,enhanced_guided,False,assets/pages/expanded/science2019/p018.jpg,"Una estudiante realiza diferentes ensayos con el objetivo de determinar el efecto de la concen- tración de los reactivos sobre la velocidad de formación de W en la reacción X + Y W. En cada ensayo mide la velocidad de formación de W manteniendo constante la concentración de uno de los reactivos y variando la del otro, como se muestra en las siguientes gráficas: Con base en estos resultados se puede concluir que el cambio en la velocidad de formación de W A. no depende de la concentración de los reactivos. B. depende de la concentración de ambos reactivos. C. depende solamente de la concentración de X. D. depende solamente de la concentración de Y. 30 25 20 15 10 5 0 0 5 10 15 20 25 Efecto en la velocidad de reacción al variar la concentración del reactivo X (concentración de Y se mantiene constante) Velocidad de formación de W (M/min) Concentración de reactivo X (M) 30 25 20 15 10 5 0 0 5 10 15 20 25 Efecto en la velocidad de reacción al variar la concentración del reactivo Y (concentración de X se mantiene constante) Velocidad de formación de W (M/min) Concentración de reactivo Y (M) 29."
simulacro-2,Ciencias Naturales,EXT-science2019-30-30,science2019:30,cuadernillo-de-preguntas-saber-11-ciencias-naturales-2019.pdf,,30,A,official,Fácil,enhanced_guided,False,assets/pages/expanded/science2019/p018.jpg,"Una estudiante desea conocer las proteínas presentes en la sangre. Para ello, emplea una técnica que las separa de acuerdo con su peso molecular y produce una respuesta en diferentes instantes de tiempo cada vez que una proteína es detectada. Ella obtiene los resultados mostrados en la siguiente gráfica, en donde cada pico representa una proteína diferente. Una proteína con peso molecular de 120 kDa podrá separarse en un tiempo A. entre 25 y 35 minutos. B. entre 5 y 25 minutos. C. entre 35 y 45 minutos. D. después de 45 minutos. Proteína W (400 kDa) 5 10 15 20 25 30 35 40 45 Tiempo (min) Respuesta del detector Proteína X (130 kDa) Proteína Y (100 kDa) Proteína Z (50 kDa) kDa = unidades de peso molecular 30."
simulacro-2,Ciencias Naturales,EXT-science2019-31-31,science2019:31,cuadernillo-de-preguntas-saber-11-ciencias-naturales-2019.pdf,,31,D,official,Fácil,enhanced_guided,False,assets/pages/expanded/science2019/p019.jpg,"La conductividad de una disolución es la capacidad que tiene esta para conducir la corriente eléc- trica. Un estudiante realiza una serie de experimentos para estudiar la conductividad de un tipo de sal (MgSO4) disuelta en agua, y obtiene los siguientes resultados: Con base en la anterior información, en este experimento el estudiante buscaba estudiar A. la influencia de la temperatura sobre la conductividad. B. el efecto de la conductividad de la disolución sobre la concentración de la sal. C. la influencia de la carga de los iones sobre la conductividad. D. el efecto de la concentración de la sal sobre la conductividad de la disolución. Conductividad Temperatura = 25°C Mg2+SO4 2- Concentración (mol/L) (S cm-1) 31."
simulacro-2,Ciencias Naturales,EXT-science2019-32-32,science2019:32,cuadernillo-de-preguntas-saber-11-ciencias-naturales-2019.pdf,,32,B,official,Difícil,enhanced_guided,False,assets/pages/expanded/science2019/p019.jpg,"19 Prueba de Ciencias Naturales Los alcoholes pueden ser oxidados a cetonas, aldehídos o ácidos carboxílicos de acuerdo con el tipo de alcohol que reacciona, como se muestra en el diagrama. Para reconocer el tipo de compuesto que se forma en una oxidación se realizan las siguientes pruebas. Si en un laboratorio se oxida un alcohol de 6 carbonos y se aplican las pruebas de reconocimiento de grupos funcionales obteniendo un espejo de plata y coloración morada con almidón, se espera que después de la oxidación se haya formado una mezcla de A. B. C. D. Alcohol 1° Aldehído Ácido carboxílico R-CH2-OH Alcohol 2° R-CH-R OH R-C-H R-C-OH O [O] [O] [O] = Oxidación [O] Cetona R-C-R O O Prueba de Tollens Reconoce la presencia de aldehídos, si se forma un espejo de plata (color plateado) en el fondo del tubo de ensayo. Prueba de Lucas Reconoce la presencia de alcoholes, si se forma un precipitado insoluble en la reacción. Prueba de yodoformo Reconoce la presencia de cetonas, si aparece un precipitado de color amarillo. Prueba de Yoduro-Yodato Reconoce la presencia de ácidos, si una solución con almidón se torna de color morado oscuro. CH3-CH2-CH2-CH2-CH2-C-H O CH3-CH2-CH2-C-CH2-CH3 O y CH3-CH2-CH2-CH2-CH2-C-H O CH3-CH2-CH2-CH2-CH2-C-OH O y CH3-CH2-CH2-CH2-CH2-CH2-OH CH3-CH2-CH2-CH2-CH2-C-OH O y CH3-CH2-CH2-C-CH2-CH3 CH3-CH2-CH2-CH2-CH2-CH2-OH y O 32."
simulacro-2,Ciencias Naturales,EXT-science2019-39-39,science2019:39,cuadernillo-de-preguntas-saber-11-ciencias-naturales-2019.pdf,,39,A,official,Media,enhanced_guided,False,assets/pages/expanded/science2019/p022.jpg,"Un carro de masa M, se mueve sobre una superficie horizontal con velocidad V1 en la dirección que ilustra la figura (1). En cierto instante un objeto de masa m que se mueve perpendicular a la superficie, cae en el interior del carro y continúan moviéndose los dos como se muestra en la figura (2). Desprecie el rozamiento entre la superficie de la carretera y el carro. La rapidez del carro después de que el objeto cae dentro de él A. disminuye porque la cantidad de masa que se desplaza horizontalmente aumenta. B. aumenta porque durante el choque el carro adquiere la velocidad del objeto que cae. C. aumenta porque al caer el objeto le da un impulso adicional al carro. D. no cambia porque el momentum del objeto es perpendicular al del carro. Antes M V1 V = ? m m Figura (1) Figura (2) Después 39."
simulacro-2,Ciencias Naturales,EXT-science2019-40-40,science2019:40,cuadernillo-de-preguntas-saber-11-ciencias-naturales-2019.pdf,,40,C,official,Media,enhanced_guided,False,assets/pages/expanded/science2019/p023.jpg,"Los rayos de luz emitidos por objetos luminosos viajan en línea recta dentro de un mismo medio (ver figura 1). Si un rayo de luz pasa de aire a agua cambia su dirección como se muestra en la figura 2. Cuando una piscina está vacía, un nadador observa el farol que está en el borde (ver figura 1); luego, cuando se llena la piscina (ver figura 2) el nadador verá el farol A. más bajo. B. de la misma altura. C. más alto. D. invertido. Rayo de luz Aire Nadador Figura 1 Farol Rayo de luz Aire Agua Nadador Figura 2 Farol 40."
simulacro-2,Ciencias Naturales,EXT-science2019-41-41,science2019:41,cuadernillo-de-preguntas-saber-11-ciencias-naturales-2019.pdf,,41,B,official,Fácil,enhanced_guided,False,assets/pages/expanded/science2019/p023.jpg,"23 Prueba de Ciencias Naturales Una estudiante realizó un experimento para medir la velocidad de propagación del sonido en el aire a diferentes temperaturas. Los resultados que obtuvo se muestran en la siguiente tabla. ¿Cuál de las siguientes gráficas muestra los resultados del experimento? Temperatura (°C) 0 1 2 3 331,7 332,3 332,9 333,5 Velocidad del sonido(m/s) 0 331,7 Velocidad del sonido (m/s) A. Temperatura (°C) 332,3 332,9 333,5 1 2 3 0 331,7 Velocidad del sonido (m/s) B. Temperatura (°C) 332,3 332,9 333,5 1 2 3 0 331,7 Velocidad del sonido (m/s) C. Temperatura (°C) 332,3 332,9 333,5 1 2 3 Velocidad del sonido (m/s) D. Temperatura (°C) 0 331,7 332,3 332,9 333,5 1 2 3 41."
simulacro-2,Ciencias Naturales,EXT-science2019-42-42,science2019:42,cuadernillo-de-preguntas-saber-11-ciencias-naturales-2019.pdf,,42,D,official,Difícil,enhanced_guided,False,assets/pages/expanded/science2019/p024.jpg,"Un investigador somete dos grupos de ratones a las condiciones que muestra la tabla. Él quiere evaluar la capacidad que tienen estos dos grupos de ratones de recordar un lugar, guiados por objetos ubicados en el espacio. Para esto mete los ratones de cada grupo en un tanque con agua durante un minuto por 7 días consecutivos, para que encuentren un recipiente transparente que flota en el tanque y que está señalizado con un triángulo en la pared. El último día registra la trayectoria que recorre cada ratón, como se muestra en la figura. De acuerdo con el experimento, ¿por qué los ratones del grupo 1 ubicaron tan fácilmente el recipiente? A. Porque el triángulo los guió hasta el recipiente. B. Porque nadaron más rápido que los ratones del grupo 2. C. Porque permanecieron más tiempo en el tanque que los ratones del grupo 2. D. Porque el ejercicio mejoró su capacidad de memorizar. Grupo 1 En ejercicio durante un mes antes del experimento. Sin ejercicio durante un mes antes del experimento. Grupo 2 Ratón del grupo 1 Ratón del grupo 2 Objeto en la pared Recipiente que flota Trayectoria del ratón 42."
simulacro-2,Ciencias Naturales,EXT-science2019-43-43,science2019:43,cuadernillo-de-preguntas-saber-11-ciencias-naturales-2019.pdf,,43,D,official,Fácil,enhanced_guided,False,assets/pages/expanded/science2019/p024.jpg,"El objetivo de una práctica es la detección de almidón en la papa, utilizando el lugol como colo- rante. Se realizan cuatro experimentos con las condiciones que se muestran en la tabla. En esta práctica, el experimento 4 es importante porque A. permite que el almidón se encuentre soluble. B. contiene el colorante con el cual se logra la detección de almidón. C. contiene más almidón que el que contiene la papa. D. permite establecer el color esperado para la detección de almidón. Experimento Agua (mL) Lugol (mL) Papa (g) Solución de almidón 10 % (mL) 1 10 1 10 0 2 10 1 0 0 3 10 0 5 0 4 10 1 0 2 43."
simulacro-2,Ciencias Naturales,EXT-science2019-47-47,science2019:47,cuadernillo-de-preguntas-saber-11-ciencias-naturales-2019.pdf,,47,C,official,Fácil,enhanced_guided,False,assets/pages/expanded/science2019/p026.jpg,"Los ecosistemas se consideran sistemas abiertos porque en su mantenimiento es fundamental el flujo de materia y energía que intercambian de manera constante con su medio externo. De acuerdo con la información anterior, ¿cuál de los siguientes modelos representa precisamente un ecosistema abierto? LAGO Productores Descomponedores Consumidores A. LAGO Productores Descomponedores Consumidores Materia orgánica proveniente de ríos B. LAGO Productores Descomponedores Consumidores Materia orgánica proveniente de ríos Pesca Materia orgánica a través de ríos C. LAGO Productores Descomponedores Consumidores Materia orgánica a través de ríos Pesca D. 47."
simulacro-1,Inglés,ING-english2019-Examen 1-10-14,english2019:Examen 1:10,cuadernillo-de-preguntas-ingles-saber-11-2019.pdf,Examen 1,10,C,official,Media,manual_verified,True,assets/pages/cuadernillo-de-preguntas-ingles-saber-11-2019/p008.jpg,Coffee has been well-known (10) ___ the beginning of the 14th century.
simulacro-1,Inglés,ING-english2019-Examen 1-10-14,english2019:Examen 1:11,cuadernillo-de-preguntas-ingles-saber-11-2019.pdf,Examen 1,11,A,official,Fácil,manual_verified,True,assets/pages/cuadernillo-de-preguntas-ingles-saber-11-2019/p008.jpg,"Coffee has been well-known since the beginning of the 14th century, (11) ___ Sufi Yemenis started using coffee."
simulacro-1,Inglés,ING-english2019-Examen 1-10-14,english2019:Examen 1:12,cuadernillo-de-preguntas-ingles-saber-11-2019.pdf,Examen 1,12,A,official,Media,manual_verified,True,assets/pages/cuadernillo-de-preguntas-ingles-saber-11-2019/p008.jpg,It became a popular medicine (12) ___ Europeans in the 1600s.
simulacro-1,Inglés,ING-english2019-Examen 1-10-14,english2019:Examen 1:13,cuadernillo-de-preguntas-ingles-saber-11-2019.pdf,Examen 1,13,B,official,Fácil,manual_verified,True,assets/pages/cuadernillo-de-preguntas-ingles-saber-11-2019/p008.jpg,Caffeine was first (13) ___ in the 1800s by Ferdinand Runge.
simulacro-1,Inglés,ING-english2019-Examen 1-10-14,english2019:Examen 1:14,cuadernillo-de-preguntas-ingles-saber-11-2019.pdf,Examen 1,14,B,official,Fácil,manual_verified,True,assets/pages/cuadernillo-de-preguntas-ingles-saber-11-2019/p008.jpg,"Some people say (14) ___ coffee isn’t good, but doctors disagree."
simulacro-1,Inglés,EXT-english2019e1-01-05,english2019e1:01,cuadernillo-de-preguntas-ingles-saber-11-2019.pdf,Examen 1,1,B,official,Fácil,enhanced_guided,True,assets/pages/expanded/english2019e1/p005.jpg,1. A woman carries her things in one of these. A. glasses B. handbags C. pajamas D. scarf E. skirt F. socks G. watch H. hat
simulacro-1,Inglés,EXT-english2019e1-01-05,english2019e1:02,cuadernillo-de-preguntas-ingles-saber-11-2019.pdf,Examen 1,2,E,official,Fácil,enhanced_guided,True,assets/pages/expanded/english2019e1/p005.jpg,2. Many girls wear this when they don't want to wear trousers.
simulacro-1,Inglés,EXT-english2019e1-01-05,english2019e1:03,cuadernillo-de-preguntas-ingles-saber-11-2019.pdf,Examen 1,3,D,official,Fácil,enhanced_guided,True,assets/pages/expanded/english2019e1/p005.jpg,"3. With this, your neck won't be cold."
simulacro-1,Inglés,EXT-english2019e1-01-05,english2019e1:04,cuadernillo-de-preguntas-ingles-saber-11-2019.pdf,Examen 1,4,A,official,Fácil,enhanced_guided,True,assets/pages/expanded/english2019e1/p005.jpg,"4. When people can't see well, they need them."
simulacro-1,Inglés,EXT-english2019e1-01-05,english2019e1:05,cuadernillo-de-preguntas-ingles-saber-11-2019.pdf,Examen 1,5,F,official,Fácil,enhanced_guided,True,assets/pages/expanded/english2019e1/p005.jpg,5. These are for your feet. Clothes and accessories
simulacro-1,Inglés,EXT-english2019e1-06-06,english2019e1:06,cuadernillo-de-preguntas-ingles-saber-11-2019.pdf,Examen 1,6,B,official,Fácil,enhanced_guided,False,assets/pages/expanded/english2019e1/p006.jpg,"6. Respuesta: 0. A B C Draw a line to complete the snake and color it Please, put the books on the correct desk"
simulacro-1,Inglés,EXT-english2019e1-07-08,english2019e1:07,cuadernillo-de-preguntas-ingles-saber-11-2019.pdf,Examen 1,7,C,official,Fácil,enhanced_guided,True,assets/pages/expanded/english2019e1/p007.jpg,"7. Grandma, shall I hold those bags for you? A. I'm not afraid! B. What's the matter? C. That's fine."
simulacro-1,Inglés,EXT-english2019e1-07-08,english2019e1:08,cuadernillo-de-preguntas-ingles-saber-11-2019.pdf,Examen 1,8,B,official,Fácil,enhanced_guided,True,assets/pages/expanded/english2019e1/p007.jpg,8. How much is that umbrella? A. Anything else? B. 50 dollars. C. Cash only! Can I use your printer? A. Just a minute. B. Do it this way. C. Think about it. Respuesta: 0. A B C
simulacro-1,Inglés,EXT-english2019e1-09-16,english2019e1:09,cuadernillo-de-preguntas-ingles-saber-11-2019.pdf,Examen 1,9,C,official,Fácil,manual_verified,True,assets/pages/expanded/english2019e1/p008.jpg,Its (9) ___ important component is caffeine.
simulacro-1,Inglés,EXT-english2019e1-09-16,english2019e1:15,cuadernillo-de-preguntas-ingles-saber-11-2019.pdf,Examen 1,15,A,official,Fácil,manual_verified,True,assets/pages/expanded/english2019e1/p008.jpg,Doctors say you (15) ___ believe the claim that coffee is bad.
simulacro-1,Inglés,EXT-english2019e1-09-16,english2019e1:16,cuadernillo-de-preguntas-ingles-saber-11-2019.pdf,Examen 1,16,A,official,Fácil,manual_verified,True,assets/pages/expanded/english2019e1/p008.jpg,"(16) ___ many people believe coffee is bad, studies show it is good for your heart."
simulacro-1,Inglés,EXT-english2019e1-17-23,english2019e1:17,cuadernillo-de-preguntas-ingles-saber-11-2019.pdf,Examen 1,17,A,official,Fácil,enhanced_guided,True,assets/pages/expanded/english2019e1/p009.jpg | assets/pages/expanded/english2019e1/p010.jpg,17. James Salter played an important part in the making of movies from A. 1960 to 1979. B. 1960 to 1970. C. 1960 to 1985.
simulacro-1,Inglés,EXT-english2019e1-17-23,english2019e1:18,cuadernillo-de-preguntas-ingles-saber-11-2019.pdf,Examen 1,18,C,official,Fácil,enhanced_guided,True,assets/pages/expanded/english2019e1/p009.jpg | assets/pages/expanded/english2019e1/p010.jpg,18. Passionate Falsehoods is A. a newspaper. B. a play. C. a movie.
simulacro-1,Inglés,EXT-english2019e1-17-23,english2019e1:19,cuadernillo-de-preguntas-ingles-saber-11-2019.pdf,Examen 1,19,B,official,Fácil,enhanced_guided,True,assets/pages/expanded/english2019e1/p009.jpg | assets/pages/expanded/english2019e1/p010.jpg,19. Salter had nice and difficult times in his A. acting years. B. big screen work. C. visit to one city.
simulacro-1,Inglés,EXT-english2019e1-17-23,english2019e1:20,cuadernillo-de-preguntas-ingles-saber-11-2019.pdf,Examen 1,20,C,official,Fácil,enhanced_guided,True,assets/pages/expanded/english2019e1/p009.jpg | assets/pages/expanded/english2019e1/p010.jpg,20. The Last Book was written by A. James Salter. B. Deborah Treisman. C. Nick Paumgarten.
simulacro-1,Inglés,EXT-english2019e1-17-23,english2019e1:21,cuadernillo-de-preguntas-ingles-saber-11-2019.pdf,Examen 1,21,A,official,Fácil,enhanced_guided,True,assets/pages/expanded/english2019e1/p009.jpg | assets/pages/expanded/english2019e1/p010.jpg,21. James Salter thinks that his work in the cinema business was A. not useful. B. not hard. C. not usual.
simulacro-1,Inglés,EXT-english2019e1-17-23,english2019e1:22,cuadernillo-de-preguntas-ingles-saber-11-2019.pdf,Examen 1,22,C,official,Fácil,enhanced_guided,True,assets/pages/expanded/english2019e1/p009.jpg | assets/pages/expanded/english2019e1/p010.jpg,22. Reading about James Salter's years in the cinema could be A. clever enough. B. just fair. C. quite interesting.
simulacro-1,Inglés,EXT-english2019e1-17-23,english2019e1:23,cuadernillo-de-preguntas-ingles-saber-11-2019.pdf,Examen 1,23,C,official,Fácil,enhanced_guided,True,assets/pages/expanded/english2019e1/p009.jpg | assets/pages/expanded/english2019e1/p010.jpg,23. The Last Book can be found A. in museums. B. at a café. C. on the web.
simulacro-1,Inglés,EXT-english2019e1-24-25,english2019e1:24,cuadernillo-de-preguntas-ingles-saber-11-2019.pdf,Examen 1,24,D,official,Fácil,enhanced_guided,True,assets/pages/expanded/english2019e1/p011.jpg | assets/pages/expanded/english2019e1/p012.jpg,"24. According to the text, the customer A. left a £25 tip to the waiters who work there. B. celebrated Christmas and New Year at this restaurant. C. found this great restaurant after many attempts. D. posted an excellent review about this restaurant."
simulacro-1,Inglés,EXT-english2019e1-24-25,english2019e1:25,cuadernillo-de-preguntas-ingles-saber-11-2019.pdf,Examen 1,25,C,official,Fácil,enhanced_guided,True,assets/pages/expanded/english2019e1/p011.jpg | assets/pages/expanded/english2019e1/p012.jpg,25. It can be inferred from the text that Mark A. does not like cooking food for himself. B. almost always eats hamburgers. C. enjoys eating fast food sometimes. D. is tired of going to restaurants.
simulacro-1,Inglés,EXT-english2019e2-01-03,english2019e2:01,cuadernillo-de-preguntas-ingles-saber-11-2019.pdf,Examen 2,1,F,official,Fácil,manual_verified,True,assets/pages/expanded/english2019e2/p013.jpg,1. People drive it on a road and it carries big things.
simulacro-1,Inglés,EXT-english2019e2-01-03,english2019e2:02,cuadernillo-de-preguntas-ingles-saber-11-2019.pdf,Examen 2,2,C,official,Fácil,manual_verified,True,assets/pages/expanded/english2019e2/p013.jpg,2. People pay to take this public transport by road.
simulacro-1,Inglés,EXT-english2019e2-01-03,english2019e2:03,cuadernillo-de-preguntas-ingles-saber-11-2019.pdf,Examen 2,3,E,official,Fácil,manual_verified,True,assets/pages/expanded/english2019e2/p013.jpg,3. Many people fly on it to go to a place. A. ambulance B. boat C. bus D. motorbike E. plane F. truck G. train H. bike Transportation
simulacro-1,Inglés,EXT-english2019e2-04-06,english2019e2:04,cuadernillo-de-preguntas-ingles-saber-11-2019.pdf,Examen 2,4,B,official,Fácil,manual_verified,True,assets/pages/expanded/english2019e2/p014.jpg,Where can you see the notice “How do I drive? Phone: 0152067”?
simulacro-1,Inglés,EXT-english2019e2-04-06,english2019e2:05,cuadernillo-de-preguntas-ingles-saber-11-2019.pdf,Examen 2,5,B,official,Fácil,manual_verified,True,assets/pages/expanded/english2019e2/p014.jpg,"Where can you see the notice “New Toys: Green monsters, angry dolls, and black helicopters”?"
simulacro-1,Inglés,EXT-english2019e2-04-06,english2019e2:06,cuadernillo-de-preguntas-ingles-saber-11-2019.pdf,Examen 2,6,C,official,Fácil,manual_verified,True,assets/pages/expanded/english2019e2/p014.jpg,"Where can you see the notice “Please, take the one you want to read”?"
simulacro-1,Inglés,EXT-english2019e2-07-09,english2019e2:07,cuadernillo-de-preguntas-ingles-saber-11-2019.pdf,Examen 2,7,B,official,Fácil,enhanced_guided,True,assets/pages/expanded/english2019e2/p015.jpg,7. I can’t eat a cold sandwich. It is horrible!
simulacro-1,Inglés,EXT-english2019e2-07-09,english2019e2:08,cuadernillo-de-preguntas-ingles-saber-11-2019.pdf,Examen 2,8,A,official,Fácil,enhanced_guided,True,assets/pages/expanded/english2019e2/p015.jpg,8. I am going on vacation to Vancouver!
simulacro-1,Inglés,EXT-english2019e2-07-09,english2019e2:09,cuadernillo-de-preguntas-ingles-saber-11-2019.pdf,Examen 2,9,C,official,Fácil,manual_verified,True,assets/pages/expanded/english2019e2/p015.jpg,Complete the conversation: “It rained a lot last night!”
simulacro-1,Inglés,EXT-english2019e2-10-14,english2019e2:10,cuadernillo-de-preguntas-ingles-saber-11-2019.pdf,Examen 2,10,B,official,Fácil,manual_verified,True,assets/pages/expanded/english2019e2/p016.jpg,Some scientists have (10) ___ it is not a real wolf.
simulacro-1,Inglés,EXT-english2019e2-10-14,english2019e2:11,cuadernillo-de-preguntas-ingles-saber-11-2019.pdf,Examen 2,11,A,official,Fácil,manual_verified,True,assets/pages/expanded/english2019e2/p016.jpg,Studies show that (11) ___ close relationship to grey wolves and coyotes is evident.
simulacro-1,Inglés,EXT-english2019e2-10-14,english2019e2:12,cuadernillo-de-preguntas-ingles-saber-11-2019.pdf,Examen 2,12,C,official,Fácil,manual_verified,True,assets/pages/expanded/english2019e2/p016.jpg,(12) ___ Ethiopian wolves are more similar to grey wolves and coyotes than any other African canines.
simulacro-1,Inglés,EXT-english2019e2-10-14,english2019e2:13,cuadernillo-de-preguntas-ingles-saber-11-2019.pdf,Examen 2,13,B,official,Fácil,manual_verified,True,assets/pages/expanded/english2019e2/p016.jpg,The (13) ___ group of Ethiopian wolves exists in the Bale Mountains National Park.
simulacro-1,Inglés,EXT-english2019e2-10-14,english2019e2:14,cuadernillo-de-preguntas-ingles-saber-11-2019.pdf,Examen 2,14,A,official,Fácil,manual_verified,True,assets/pages/expanded/english2019e2/p016.jpg,The largest group of Ethiopian wolves exists (14) ___ the Bale Mountains National Park.
simulacro-1,Inglés,EXT-english2019e2-15-19,english2019e2:15,cuadernillo-de-preguntas-ingles-saber-11-2019.pdf,Examen 2,15,C,official,Fácil,enhanced_guided,True,assets/pages/expanded/english2019e2/p017.jpg,15. Where was the painter from? A. Ireland B. Spain C. France
simulacro-1,Inglés,EXT-english2019e2-15-19,english2019e2:16,cuadernillo-de-preguntas-ingles-saber-11-2019.pdf,Examen 2,16,A,official,Fácil,enhanced_guided,True,assets/pages/expanded/english2019e2/p017.jpg,16. She was mostly excited by the A. painter’s ability. B. painter’s voice. C. painter’s show.
simulacro-1,Inglés,EXT-english2019e2-15-19,english2019e2:17,cuadernillo-de-preguntas-ingles-saber-11-2019.pdf,Examen 2,17,B,official,Fácil,enhanced_guided,True,assets/pages/expanded/english2019e2/p017.jpg,17. How often did she watch the show? A. three times a week B. once a week C. twice a week
simulacro-1,Inglés,EXT-english2019e2-15-19,english2019e2:18,cuadernillo-de-preguntas-ingles-saber-11-2019.pdf,Examen 2,18,B,official,Fácil,enhanced_guided,True,assets/pages/expanded/english2019e2/p017.jpg,18. She could not get oil paints because she A. didn’t speak Spanish. B. was too young. C. always watched TV.
simulacro-1,Inglés,EXT-english2019e2-15-19,english2019e2:19,cuadernillo-de-preguntas-ingles-saber-11-2019.pdf,Examen 2,19,B,official,Fácil,enhanced_guided,True,assets/pages/expanded/english2019e2/p017.jpg,19. Stopping painting was A. the painter’s idea. B. her mother’s order. C. her own decision.
simulacro-1,Inglés,EXT-english2019e2-20-21,english2019e2:20,cuadernillo-de-preguntas-ingles-saber-11-2019.pdf,Examen 2,20,D,official,Fácil,enhanced_guided,True,assets/pages/expanded/english2019e2/p018.jpg,20. What is the writer trying to do in this article? A. convince people to buy a Colombian coffee farm B. tell readers to run a coffee business in Colombia C. invite tourists to write about places they visit in Colombia D. encourage tourists to visit Colombia
simulacro-2,Inglés,EXT-english2019e2-22-25,english2019e2:22,cuadernillo-de-preguntas-ingles-saber-11-2019.pdf,Examen 2,22,B,official,Fácil,manual_verified,True,assets/pages/expanded/english2019e2/p019.jpg,"It is fun to receive Valentine’s gifts, but (22) ___ do we do this?"
simulacro-2,Inglés,EXT-english2019e2-22-25,english2019e2:23,cuadernillo-de-preguntas-ingles-saber-11-2019.pdf,Examen 2,23,B,official,Fácil,manual_verified,True,assets/pages/expanded/english2019e2/p019.jpg,One of the (23) ___ says that the original Valentine was a priest.
simulacro-2,Inglés,EXT-english2019e2-22-25,english2019e2:24,cuadernillo-de-preguntas-ingles-saber-11-2019.pdf,Examen 2,24,D,official,Fácil,manual_verified,True,assets/pages/expanded/english2019e2/p019.jpg,"When the King found (24) ___, he ordered soldiers to kill Valentine."
simulacro-2,Inglés,EXT-english2019e2-22-25,english2019e2:25,cuadernillo-de-preguntas-ingles-saber-11-2019.pdf,Examen 2,25,A,official,Fácil,enhanced_guided,True,assets/pages/expanded/english2019e2/p019.jpg,25. A. where B. why C. when D. what A. essays B. stories C. reports D. letters A. off B. in C. at D. out A. almost B. only C. hardly D. just
simulacro-1,Inglés,ENG-2020-ANIMALS-01-05,english2020:manual:01,Cuadernillo-Ingles-11-1.pdf,Cuadernillo 1 · 2020,1,F,manual_verified,Fácil,manual_verified,True,assets/additional/english_2020_animals_q1_5.jpg,It can be long and does not have feet.
simulacro-1,Inglés,ENG-2020-ANIMALS-01-05,english2020:manual:02,Cuadernillo-Ingles-11-1.pdf,Cuadernillo 1 · 2020,2,C,manual_verified,Fácil,manual_verified,True,assets/additional/english_2020_animals_q1_5.jpg,It’s usually called a man’s best friend.
simulacro-1,Inglés,ENG-2020-ANIMALS-01-05,english2020:manual:03,Cuadernillo-Ingles-11-1.pdf,Cuadernillo 1 · 2020,3,A,manual_verified,Fácil,manual_verified,True,assets/additional/english_2020_animals_q1_5.jpg,This animal is black and flies at night.
simulacro-1,Inglés,ENG-2020-ANIMALS-01-05,english2020:manual:04,Cuadernillo-Ingles-11-1.pdf,Cuadernillo 1 · 2020,4,B,manual_verified,Fácil,manual_verified,True,assets/additional/english_2020_animals_q1_5.jpg,It enjoys catching mice when it is not sleeping.
simulacro-1,Inglés,ENG-2020-ANIMALS-01-05,english2020:manual:05,Cuadernillo-Ingles-11-1.pdf,Cuadernillo 1 · 2020,5,G,manual_verified,Fácil,manual_verified,True,assets/additional/english_2020_animals_q1_5.jpg,This small animal has eight legs and eats insects.
simulacro-1,Inglés,ENG-2020-SMILING-15-19,english2020:manual:15,Cuadernillo-Ingles-11-1.pdf,Cuadernillo 1 · 2020,15,D,manual_verified,Media,manual_verified,True,assets/additional/english_2020_smiling_q15_19.jpg,What is the author doing in the text?
simulacro-1,Inglés,ENG-2020-SMILING-15-19,english2020:manual:16,Cuadernillo-Ingles-11-1.pdf,Cuadernillo 1 · 2020,16,A,manual_verified,Media,manual_verified,True,assets/additional/english_2020_smiling_q15_19.jpg,What can the reader find out about smiling in paragraph 2?
simulacro-1,Inglés,ENG-2020-SMILING-15-19,english2020:manual:17,Cuadernillo-Ingles-11-1.pdf,Cuadernillo 1 · 2020,17,D,manual_verified,Media,manual_verified,True,assets/additional/english_2020_smiling_q15_19.jpg,"According to paragraph 3, what can smiling cause in people?"
simulacro-1,Inglés,ENG-2020-SMILING-15-19,english2020:manual:18,Cuadernillo-Ingles-11-1.pdf,Cuadernillo 1 · 2020,18,C,manual_verified,Media,manual_verified,True,assets/additional/english_2020_smiling_q15_19.jpg,What does smiling do in a social situation?
simulacro-1,Inglés,ENG-2020-SMILING-15-19,english2020:manual:19,Cuadernillo-Ingles-11-1.pdf,Cuadernillo 1 · 2020,19,B,manual_verified,Media,manual_verified,True,assets/additional/english_2020_smiling_q15_19.jpg,Which is the best advertisement for the author’s ideas about smiling?
simulacro-2,Inglés,ING-english2021-01-05,english2021:01,Cuadernillo-Ingles-11-2021.pdf,Cuadernillo 1 · 2021,1,C,manual_verified,Fácil,manual_verified,True,assets/pages/english2021/p-2.jpg,Some people do this when they feel really sad or sick.
simulacro-2,Inglés,ING-english2021-01-05,english2021:02,Cuadernillo-Ingles-11-2021.pdf,Cuadernillo 1 · 2021,2,F,manual_verified,Fácil,manual_verified,True,assets/pages/english2021/p-2.jpg,You can take this when you have a terrible headache.
simulacro-2,Inglés,ING-english2021-01-05,english2021:03,Cuadernillo-Ingles-11-2021.pdf,Cuadernillo 1 · 2021,3,D,manual_verified,Fácil,manual_verified,True,assets/pages/english2021/p-2.jpg,You need to see this person when you are sick or hurt.
simulacro-2,Inglés,ING-english2021-01-05,english2021:04,Cuadernillo-Ingles-11-2021.pdf,Cuadernillo 1 · 2021,4,E,manual_verified,Fácil,manual_verified,True,assets/pages/english2021/p-2.jpg,You can go to this place when your body isn’t OK.
simulacro-2,Inglés,ING-english2021-01-05,english2021:05,Cuadernillo-Ingles-11-2021.pdf,Cuadernillo 1 · 2021,5,G,manual_verified,Fácil,manual_verified,True,assets/pages/english2021/p-2.jpg,You can have this when you eat too much.
simulacro-2,Inglés,ING-english2021-06-08,english2021:06,Cuadernillo-Ingles-11-2021.pdf,Cuadernillo 1 · 2021,6,C,manual_verified,Fácil,manual_verified,True,assets/pages/english2021/p-3.jpg,I don’t think I’m going to enter the poster competition.
simulacro-2,Inglés,ING-english2021-06-08,english2021:07,Cuadernillo-Ingles-11-2021.pdf,Cuadernillo 1 · 2021,7,A,manual_verified,Fácil,manual_verified,True,assets/pages/english2021/p-3.jpg,Can you download this song?
simulacro-2,Inglés,ING-english2021-06-08,english2021:08,Cuadernillo-Ingles-11-2021.pdf,Cuadernillo 1 · 2021,8,C,manual_verified,Fácil,manual_verified,True,assets/pages/english2021/p-3.jpg,They said there will be a delay of two hours.
simulacro-2,Inglés,ING-english2021-09-14,english2021:09,Cuadernillo-Ingles-11-2021.pdf,Cuadernillo 1 · 2021,9,C,manual_verified,Media,manual_verified,True,assets/pages/english2021/p-4.jpg,The second country where most people eat pasta is
simulacro-2,Inglés,ING-english2021-09-14,english2021:10,Cuadernillo-Ingles-11-2021.pdf,Cuadernillo 1 · 2021,10,B,manual_verified,Media,manual_verified,True,assets/pages/english2021/p-4.jpg,Pasta has become a favorite food because it
simulacro-2,Inglés,ING-english2021-09-14,english2021:11,Cuadernillo-Ingles-11-2021.pdf,Cuadernillo 1 · 2021,11,A,manual_verified,Media,manual_verified,True,assets/pages/english2021/p-4.jpg,Sports people prefer pasta because it
simulacro-2,Inglés,ING-english2021-09-14,english2021:12,Cuadernillo-Ingles-11-2021.pdf,Cuadernillo 1 · 2021,12,A,manual_verified,Media,manual_verified,True,assets/pages/english2021/p-4.jpg,Pasta became well-known in the United States because Italians
simulacro-2,Inglés,ING-english2021-09-14,english2021:13,Cuadernillo-Ingles-11-2021.pdf,Cuadernillo 1 · 2021,13,C,manual_verified,Media,manual_verified,True,assets/pages/english2021/p-4.jpg,Who first brought pasta to Italy?
simulacro-2,Inglés,ING-english2021-09-14,english2021:14,Cuadernillo-Ingles-11-2021.pdf,Cuadernillo 1 · 2021,14,B,manual_verified,Media,manual_verified,True,assets/pages/english2021/p-4.jpg,Both pizza and pasta
simulacro-2,Inglés,ING-english2021-15-19,english2021:15,Cuadernillo-Ingles-11-2021.pdf,Cuadernillo 1 · 2021,15,B,manual_verified,Media,manual_verified,True,assets/pages/english2021/p-5.jpg,What is the author mainly doing with the text?
simulacro-2,Inglés,ING-english2021-15-19,english2021:16,Cuadernillo-Ingles-11-2021.pdf,Cuadernillo 1 · 2021,16,C,manual_verified,Media,manual_verified,True,assets/pages/english2021/p-5.jpg,What might a person decide to do after reading this article?
simulacro-2,Inglés,ING-english2021-15-19,english2021:17,Cuadernillo-Ingles-11-2021.pdf,Cuadernillo 1 · 2021,17,B,manual_verified,Media,manual_verified,True,assets/pages/english2021/p-5.jpg,"According to the text, information from TV"
simulacro-2,Inglés,ING-english2021-15-19,english2021:18,Cuadernillo-Ingles-11-2021.pdf,Cuadernillo 1 · 2021,18,A,manual_verified,Media,manual_verified,True,assets/pages/english2021/p-5.jpg,"In the text, “5 years” refers to the time that"
simulacro-2,Inglés,ING-english2021-15-19,english2021:19,Cuadernillo-Ingles-11-2021.pdf,Cuadernillo 1 · 2021,19,A,manual_verified,Media,manual_verified,True,assets/pages/english2021/p-5.jpg,Which of the following statements would the writer make?
simulacro-2,Inglés,ING-english2021-20-25,english2021:20,Cuadernillo-Ingles-11-2021.pdf,Cuadernillo 1 · 2021,20,C,manual_verified,Media,manual_verified,True,assets/pages/english2021/p-6.jpg,"(20) ___ the 1920s, Adolf Dassler and Rudolf Dassler started working on shoes."
simulacro-2,Inglés,ING-english2021-20-25,english2021:21,Cuadernillo-Ingles-11-2021.pdf,Cuadernillo 1 · 2021,21,D,manual_verified,Media,manual_verified,True,assets/pages/english2021/p-6.jpg,"Adi, a sports fan, (21) ___ hours working on shoe designs."
simulacro-2,Inglés,ING-english2021-20-25,english2021:22,Cuadernillo-Ingles-11-2021.pdf,Cuadernillo 1 · 2021,22,B,manual_verified,Media,manual_verified,True,assets/pages/english2021/p-6.jpg,The brothers (22) ___ a small shoemaking business.
simulacro-2,Inglés,ING-english2021-20-25,english2021:23,Cuadernillo-Ingles-11-2021.pdf,Cuadernillo 1 · 2021,23,B,manual_verified,Media,manual_verified,True,assets/pages/english2021/p-6.jpg,The two brothers (23) ___ increasingly frustrated with each other.
simulacro-2,Inglés,ING-english2021-20-25,english2021:24,Cuadernillo-Ingles-11-2021.pdf,Cuadernillo 1 · 2021,24,A,manual_verified,Media,manual_verified,True,assets/pages/english2021/p-6.jpg,"Rudolf left, while Adi (24) ___ in the initial plant."
simulacro-2,Inglés,ING-english2021-20-25,english2021:25,Cuadernillo-Ingles-11-2021.pdf,Cuadernillo 1 · 2021,25,C,manual_verified,Media,manual_verified,True,assets/pages/english2021/p-6.jpg,"Three years later Rudolf (25) ___ his new company, Puma."
simulacro-2,Inglés,ING-english2022-01-05,english2022:01,Cuadernillo-Ingles-11-2022.pdf,Cuadernillo 1 · 2022,1,D,manual_verified,Fácil,manual_verified,True,assets/pages/english2022/p-2.jpg,You can see this person in the countryside picking fruit.
simulacro-2,Inglés,ING-english2022-01-05,english2022:02,Cuadernillo-Ingles-11-2022.pdf,Cuadernillo 1 · 2022,2,A,manual_verified,Fácil,manual_verified,True,assets/pages/english2022/p-2.jpg,"When children see this person, they often laugh and have fun."
simulacro-2,Inglés,ING-english2022-01-05,english2022:03,Cuadernillo-Ingles-11-2022.pdf,Cuadernillo 1 · 2022,3,G,manual_verified,Fácil,manual_verified,True,assets/pages/english2022/p-2.jpg,This person has a boat and hides treasure.
simulacro-2,Inglés,ING-english2022-01-05,english2022:04,Cuadernillo-Ingles-11-2022.pdf,Cuadernillo 1 · 2022,4,C,manual_verified,Fácil,manual_verified,True,assets/pages/english2022/p-2.jpg,This person takes you from one place to another.
simulacro-2,Inglés,ING-english2022-01-05,english2022:05,Cuadernillo-Ingles-11-2022.pdf,Cuadernillo 1 · 2022,5,E,manual_verified,Fácil,manual_verified,True,assets/pages/english2022/p-2.jpg,This person plays a sport for work.
simulacro-2,Inglés,ING-english2022-06-08,english2022:06,Cuadernillo-Ingles-11-2022.pdf,Cuadernillo 1 · 2022,6,B,manual_verified,Fácil,manual_verified,True,assets/pages/english2022/p-3.jpg,Have you got a dress I can wear?
simulacro-2,Inglés,ING-english2022-06-08,english2022:07,Cuadernillo-Ingles-11-2022.pdf,Cuadernillo 1 · 2022,7,A,manual_verified,Fácil,manual_verified,True,assets/pages/english2022/p-3.jpg,Where did they buy their new car?
simulacro-2,Inglés,ING-english2022-06-08,english2022:08,Cuadernillo-Ingles-11-2022.pdf,Cuadernillo 1 · 2022,8,B,manual_verified,Fácil,manual_verified,True,assets/pages/english2022/p-3.jpg,We haven’t discussed our tour plans yet.
simulacro-2,Inglés,ING-english2022-09-14,english2022:09,Cuadernillo-Ingles-11-2022.pdf,Cuadernillo 1 · 2022,9,B,manual_verified,Media,manual_verified,True,assets/pages/english2022/p-4.jpg,You can have problems in the Middle East if you show
simulacro-2,Inglés,ING-english2022-09-14,english2022:10,Cuadernillo-Ingles-11-2022.pdf,Cuadernillo 1 · 2022,10,A,manual_verified,Media,manual_verified,True,assets/pages/english2022/p-4.jpg,People usually move their heads in Pakistan when someone is
simulacro-2,Inglés,ING-english2022-09-14,english2022:11,Cuadernillo-Ingles-11-2022.pdf,Cuadernillo 1 · 2022,11,C,manual_verified,Media,manual_verified,True,assets/pages/english2022/p-4.jpg,"In India, what should you use to tell someone to leave?"
simulacro-2,Inglés,ING-english2022-09-14,english2022:12,Cuadernillo-Ingles-11-2022.pdf,Cuadernillo 1 · 2022,12,C,manual_verified,Media,manual_verified,True,assets/pages/english2022/p-4.jpg,"To get something from another person, Nigerians use the right hand because"
simulacro-2,Inglés,ING-english2022-09-14,english2022:13,Cuadernillo-Ingles-11-2022.pdf,Cuadernillo 1 · 2022,13,B,manual_verified,Media,manual_verified,True,assets/pages/english2022/p-4.jpg,"In New Zealand, when the Maori say hello, they speak"
simulacro-2,Inglés,ING-english2022-09-14,english2022:14,Cuadernillo-Ingles-11-2022.pdf,Cuadernillo 1 · 2022,14,A,manual_verified,Media,manual_verified,True,assets/pages/english2022/p-4.jpg,"If people stand very close to you, they might come from"
simulacro-2,Inglés,ING-english2022-15-19,english2022:15,Cuadernillo-Ingles-11-2022.pdf,Cuadernillo 1 · 2022,15,B,manual_verified,Media,manual_verified,True,assets/pages/english2022/p-5.jpg,What is the purpose of the writer?
simulacro-2,Inglés,ING-english2022-15-19,english2022:16,Cuadernillo-Ingles-11-2022.pdf,Cuadernillo 1 · 2022,16,D,manual_verified,Media,manual_verified,True,assets/pages/english2022/p-5.jpg,What can the reader find out from the text?
simulacro-2,Inglés,ING-english2022-15-19,english2022:17,Cuadernillo-Ingles-11-2022.pdf,Cuadernillo 1 · 2022,17,C,manual_verified,Media,manual_verified,True,assets/pages/english2022/p-5.jpg,How is the relationship between cats and humans?
simulacro-2,Inglés,ING-english2022-15-19,english2022:18,Cuadernillo-Ingles-11-2022.pdf,Cuadernillo 1 · 2022,18,D,manual_verified,Media,manual_verified,True,assets/pages/english2022/p-5.jpg,What do cats like about furniture?
simulacro-2,Inglés,ING-english2022-15-19,english2022:19,Cuadernillo-Ingles-11-2022.pdf,Cuadernillo 1 · 2022,19,A,manual_verified,Media,manual_verified,True,assets/pages/english2022/p-5.jpg,What can you think about cats from the text?
simulacro-2,Inglés,ING-english2022-20-25,english2022:20,Cuadernillo-Ingles-11-2022.pdf,Cuadernillo 1 · 2022,20,C,manual_verified,Media,manual_verified,True,assets/pages/english2022/p-6.jpg,"Scientifically speaking, the tomato is a fruit, (20) ___ a vegetable."
simulacro-2,Inglés,ING-english2022-20-25,english2022:21,Cuadernillo-Ingles-11-2022.pdf,Cuadernillo 1 · 2022,21,D,manual_verified,Media,manual_verified,True,assets/pages/english2022/p-6.jpg,The banana is the (21) ___ one in popularity.
simulacro-2,Inglés,ING-english2022-20-25,english2022:22,Cuadernillo-Ingles-11-2022.pdf,Cuadernillo 1 · 2022,22,C,manual_verified,Media,manual_verified,True,assets/pages/english2022/p-6.jpg,Tomatoes were first (22) ___ by Aztecs and Incas.
simulacro-2,Inglés,ING-english2022-20-25,english2022:23,Cuadernillo-Ingles-11-2022.pdf,Cuadernillo 1 · 2022,23,D,manual_verified,Media,manual_verified,True,assets/pages/english2022/p-6.jpg,Explorers introduced the tomato (23) ___ Europe in 1556.
simulacro-2,Inglés,ING-english2022-20-25,english2022:24,Cuadernillo-Ingles-11-2022.pdf,Cuadernillo 1 · 2022,24,B,manual_verified,Media,manual_verified,True,assets/pages/english2022/p-6.jpg,Tomatoes are (24) ___ in vitamins A and C.
simulacro-2,Inglés,ING-english2022-20-25,english2022:25,Cuadernillo-Ingles-11-2022.pdf,Cuadernillo 1 · 2022,25,D,manual_verified,Media,manual_verified,True,assets/pages/english2022/p-6.jpg,New medical (25) ___ suggests that eating tomatoes may prevent cancer.
simulacro-2,Inglés,ING-english2020-06,english2020:manual:06,Cuadernillo-Ingles-11-1.pdf,Cuadernillo 1 · 2020,6,B,manual_verified,Fácil,manual_verified,False,assets/pages/english2020/p-3.jpg,Would you like something to drink?
